date,brent_usd_bbl,usdcny,eurusd,jkm_usd_mmbtu,hh_fut_usd_mmbtu,ttf_eur_mwh,carbon_grn_usd,henry_hub_spot_usd_mmbtu,eu_storage_pct,eu_gas_twh,eu_lng_sendout_gwh,ru_velke_kapusany_kwh_d,wind_northsea_kmh,hdd_amsterdam,hdd_chicago,hdd_seoul,us_working_gas_bcf,us_ip_index,euro_ip_index,kr_ip_yoy,GPR,GPRT,GPRA,GPRC_RUS,epu_europe,ttf_usd,spread_ttf_hh,spread_ttf_jkm,spread_jkm_hh,brent_usd_mmbtu,regime
2019-01-02,54.90999984741211,6.877500057220459,1.14617121219635,8.970000267028809,2.9579999446868896,22.475000381469727,,,73.74,592.32,1525.4,,,,,,,,,,,,,,,7.549572535518059,4.591572590831169,-1.4204277315107499,6.012000322341919,9.467241353002088,normal
2019-01-03,55.95000076293945,6.861100196838379,1.1318106651306152,8.944999694824219,2.944999933242798,22.2549991607666,,3.25,73.37,589.34,1704.4,,,,,,,,,,,,,,,7.3820081833185425,4.437008250075745,-1.5629915115056763,5.999999761581421,9.646551855679217,normal
2019-01-04,57.060001373291016,6.871099948883057,1.1391078233718872,8.885000228881836,3.0439999103546143,22.93000030517578,,2.72,72.79,584.62,1751.8,,,,,,,,,,,,,,,7.65494462054473,4.6109447101901155,-1.2300556083371061,5.841000318527222,9.837931271257071,normal
2019-01-07,57.33000183105469,6.868400096893311,1.1410444974899292,8.829999923706055,2.944000005722046,21.530000686645508,,2.8,71.39,573.4,1490.9,,49.3,12.1,19.8,24.0,,,,,,,,,,7.1997892274206965,4.255789221698651,-1.6302106962853582,5.885999917984009,9.884483074319775,normal
2019-01-08,58.720001220703125,6.849999904632568,1.1479737758636477,8.819999694824219,2.9670000076293945,22.09000015258789,,2.74,70.9,569.46,2068.8,,34.5,13.1,19.5,22.5,,,,,,,,,,7.431916886175501,4.464916878546107,-1.3880828086487176,5.852999687194824,10.12413814150054,normal
2019-01-09,61.43999862670898,6.852200031280518,1.1456066370010376,8.725000381469727,2.983999967575073,21.71999931335449,,2.89,70.49,566.16,2109.2000000000003,,45.6,12.3,16.1,20.3,,,,,,,,,,7.292366482335685,4.308366514760612,-1.432633899134042,5.741000413894653,10.593103211501548,normal
2019-01-10,61.68000030517578,6.815599918365479,1.1554949283599854,8.795000076293945,2.969000101089477,21.674999237060547,,2.92,69.89,561.38,2031.4,,56.2,10.5,15.1,22.6,2614.0,,,,,,,,,7.340071535936396,4.371071434846918,-1.4549285403575496,5.825999975204468,10.634482811237204,normal
2019-01-11,60.47999954223633,6.787499904632568,1.151012897491455,8.789999961853027,3.0989999771118164,22.2549991607666,,2.95,69.21,555.91,1981.3,,35.8,12.6,15.1,22.4,2614.0,,,,,,,,,7.5072508946596175,4.408250917547801,-1.2827490671934099,5.690999984741211,10.42758612797178,normal
2019-01-14,58.9900016784668,6.76200008392334,1.146013617515564,8.789999961853027,3.5910000801086426,21.674999237060547,,2.95,68.46,549.83,1539.6,,53.0,13.2,22.3,23.0,2614.0,,,,,,,,,7.279843231904566,3.6888431517959237,-1.510156729948461,5.198999881744385,10.170689944563241,normal
2019-01-15,60.63999938964844,6.767099857330322,1.1472889184951782,8.78499984741211,3.500999927520752,22.0,,3.36,67.92,542.26,1798.9,,20.6,14.8,24.8,19.9,2614.0,,,,,,,,,7.397221745559655,3.896221818038903,-1.3877781018524544,5.283999919891357,10.455172308560076,normal
2019-01-16,61.31999969482422,6.750999927520752,1.1416828632354736,8.074999809265137,3.384000062942505,22.0049991607666,,3.54,67.06,538.81,1867.5,,46.1,10.6,20.9,17.6,2614.0,,,,,,,,,7.36274902183328,3.978748958890775,-0.7122507874318567,4.690999746322632,10.572413740486935,normal
2019-01-17,61.18000030517578,6.75600004196167,1.1398088932037354,8.305000305175781,3.4130001068115234,22.9950008392334,,3.58,66.49,534.21,1886.2,,53.2,10.7,19.5,18.5,2533.0,,,,,,,,,7.681369010587369,4.268368903775846,-0.6236312945884119,4.892000198364258,10.54827591468548,normal
2019-01-18,62.70000076293945,6.775400161743164,1.13926362991333,8.350000381469727,3.4820001125335693,22.604999542236328,,3.58,65.89,529.37,1773.4,,60.9,9.4,19.5,19.4,2533.0,,,,,,,,,7.547478659339102,4.065478546805533,-0.8025217221306242,4.868000268936157,10.810344959127493,normal
2019-01-21,62.70000076293945,6.7778000831604,1.1365574598312378,8.350000381469727,3.4820001125335693,22.604999542236328,,3.43,63.82,512.72,1180.5,,57.1,11.4,18.8,21.9,2533.0,,,,,,,,,7.529550621958775,4.047550509425205,-0.8204497595109519,4.868000268936157,10.810344959127493,normal
2019-01-22,61.5,6.797299861907959,1.136932134628296,8.145000457763672,3.039999961853028,21.815000534057617,,3.43,62.94,505.67,1796.2999999999995,,50.3,14.1,18.8,20.4,2533.0,,,,,,,,,7.26880348523318,4.228803523380153,-0.8761969725304919,5.1050004959106445,10.60344827586207,normal
2019-01-23,61.13999938964844,6.807000160217285,1.1364023685455322,8.149999618530273,2.9800000190734863,22.190000534057617,,3.43,62.05,498.55,1808.2,,24.2,17.2,19.1,18.8,2533.0,,,,,,,,,7.390309062620438,4.410309043546952,-0.7596905559098355,5.169999599456787,10.5413792051118,normal
2019-01-24,61.09000015258789,6.790999889373779,1.1388224363327026,8.024999618530273,3.0989999771118164,21.280000686645508,,3.13,60.98,486.92,1839.4,,24.8,19.1,20.4,16.8,2370.0,,,,,,,,,7.1023293965450485,4.003329419433232,-0.922670221985225,4.925999641418457,10.532758646997912,normal
2019-01-25,61.63999938964844,6.787600040435791,1.1313496828079224,7.795000076293945,3.177999973297119,20.88999938964844,,3.13,60.29,484.4,1932.4,,14.2,20.8,27.5,22.1,2370.0,,,,,,,,,6.926413975785418,3.748414002488299,-0.8685861005085274,4.617000102996826,10.627586101663525,normal
2019-01-28,59.93000030517578,6.746399879455566,1.1413049697875977,7.695000171661377,2.9110000133514404,20.549999237060547,,3.07,58.52,470.16,1067.2,,20.0,19.1,18.4,19.3,2370.0,,,,,,,,,6.873638320346921,3.9626383069954807,-0.8213618513144558,4.7840001583099365,10.33275867330617,normal
2019-01-29,61.31999969482422,6.74429988861084,1.143000841140747,7.505000114440918,2.950000047683716,20.584999084472656,,3.05,57.84,464.71,1708.1,,12.3,19.4,27.4,20.5,2370.0,,,,,,,,,6.895576168748573,3.945576121064857,-0.6094239456923454,4.555000066757202,10.572413740486935,normal
2019-01-30,61.650001525878906,6.73199987411499,1.1435366868972778,7.364999771118164,2.8540000915527344,20.18000030517578,,2.94,57.1,458.79,1832.1,,29.4,17.7,34.8,21.4,2370.0,,,,,,,,,6.7630785051512445,3.90907841359851,-0.6019212659669195,4.51099967956543,10.629310607910156,normal
2019-01-31,61.88999938964844,6.715499877929688,1.1487650871276855,7.349999904632568,2.813999891281128,19.850000381469727,,3.0,56.34,452.64,1797.1,,32.4,10.9,34.4,22.0,2197.0,,,,,,,,,6.682899124216375,3.868899232935247,-0.6671007804161935,4.53600001335144,10.670689549939386,normal
2019-02-01,61.869998931884766,6.69980001449585,1.1449507474899292,7.199999809265137,2.733999967575073,19.299999237060547,,2.82,55.57,446.49,1788.1,,40.6,12.2,33.8,17.2,2197.0,,,,,,,,,6.476155302252409,3.7421553346773364,-0.7238445070127275,4.4659998416900635,10.667241195152545,normal
2019-02-04,62.5099983215332,6.743800163269043,1.1455278396606443,7.300000190734863,2.6600000858306885,19.354999542236328,,2.7,53.9,433.05,1337.2,,33.6,17.4,44.3,17.8,2197.0,,,,,,,,,6.4978842639079115,3.837884178077223,-0.8021159268269518,4.640000104904175,10.777585917505725,normal
2019-02-05,61.97999954223633,6.743800163269043,1.1436283588409424,7.300000190734863,2.6619999408721924,19.13999938964844,,2.57,53.24,427.74,1772.4,,31.2,18.1,45.9,22.8,2197.0,,,,,,,,247.6771075795003,6.41504923309134,3.7530492922191474,-0.8849509576435235,4.638000249862671,10.686206817626953,normal
2019-02-06,62.68999862670898,6.734799861907959,1.140992522239685,7.300000190734863,2.6619999408721924,18.915000915527344,,2.54,52.61,422.71,1676.4,,39.1,17.1,32.1,19.9,2197.0,,,,,,,,247.6771075795003,6.325026113457683,3.6630261725854902,-0.9749740772771807,4.638000249862671,10.808620452880858,normal
2019-02-07,61.630001068115234,6.743800163269043,1.1365960836410522,7.309999942779541,2.5510001182556152,18.90999984741211,,2.58,51.85,414.02,1533.6,,25.7,16.4,22.3,15.9,1960.0,,,,,,,,247.6771075795003,6.298988836396367,3.7479887181407516,-1.0110111063831742,4.758999824523926,10.625862253123316,normal
2019-02-08,62.09999847412109,6.743800163269043,1.1338768005371094,7.309999942779541,2.5829999446868896,18.26499938964844,,2.62,51.57,414.33,1431.0,,31.5,16.4,12.7,17.2,1960.0,,,,,,,,247.6771075795003,6.0695806941528865,3.486580749465997,-1.2404192486266545,4.726999998092651,10.706896288641566,normal
2019-02-11,61.5099983215332,6.743800163269043,1.1324259042739868,7.295000076293945,2.6419999599456787,18.05500030517578,,2.66,50.52,405.92,1148.2,,42.0,12.1,17.1,14.3,1960.0,,,,87.42410278320312,112.98045349121094,55.7335090637207,0.9987250566482544,247.6771075795003,5.9921193290005075,3.3501193690548288,-1.3028807472934378,4.653000116348267,10.605172124402277,normal
2019-02-12,62.41999816894531,6.791399955749512,1.1279042959213257,7.295000076293945,2.687999963760376,17.78499984741211,,2.76,49.97,401.52,1720.4,,59.5,10.2,15.2,24.4,1960.0,,,,87.42410278320312,112.98045349121094,55.7335090637207,0.9987250566482544,247.6771075795003,5.878943340793825,3.1909433770334488,-1.4160567355001206,4.607000112533569,10.762068649818158,normal
2019-02-13,63.61000061035156,6.7729997634887695,1.1334655284881592,7.28000020980835,2.575000047683716,18.020000457763672,,2.71,49.52,397.83,2036.7,,62.4,10.2,28.5,23.8,1960.0,,,,87.42410278320312,112.98045349121094,55.7335090637207,0.9987250566482544,247.6771075795003,5.985993934075381,3.4109938863916653,-1.2940062757329684,4.705000162124634,10.967241484543374,normal
2019-02-14,64.56999969482422,6.759399890899658,1.12649405002594,7.28000020980835,2.572999954223633,17.7549991607666,,2.61,49.05,394.08,1977.3,,72.9,10.0,28.8,24.0,1882.0,,,,87.42410278320312,112.98045349121094,55.7335090637207,0.9987250566482544,247.6771075795003,5.861688240464674,3.288688286241041,-1.4183119693436756,4.707000255584717,11.132758568073141,normal
2019-02-15,66.25,6.771200180053711,1.1295350790023804,7.28000020980835,2.625,18.100000381469727,,2.61,48.66,390.92,2024.2,,39.2,11.7,22.3,22.4,1882.0,103.4021,100.4,0.2766658167,87.42410278320312,112.98045349121094,55.7335090637207,0.9987250566482544,247.6771075795003,5.991719378696807,3.366719378696807,-1.2882808311115426,4.65500020980835,11.422413793103448,normal
2019-02-18,66.25,6.77209997177124,1.1298030614852903,7.28000020980835,2.625,18.100000381469727,,2.59,47.53,381.88,1501.3,,45.1,11.7,22.3,21.3,1882.0,103.4021,100.4,0.2766658167,87.42410278320312,112.98045349121094,55.7335090637207,0.9987250566482544,247.6771075795003,5.993140915633421,3.368140915633421,-1.2868592941749286,4.65500020980835,11.422413793103448,normal
2019-02-19,66.44999694824219,6.765699863433838,1.131196141242981,6.494999885559082,2.6619999408721924,17.704999923706055,,2.59,47.79,384.01,1938.5,,35.5,12.9,16.0,19.7,1882.0,103.4021,100.4,0.2766658167,87.42410278320312,112.98045349121094,55.7335090637207,0.9987250566482544,247.6771075795003,5.869579675629828,3.207579734757636,-0.6254202099292536,3.8329999446868896,11.456896025558999,normal
2019-02-20,67.08000183105469,6.757699966430664,1.1343011856079102,6.449999809265137,2.635999917984009,18.145000457763672,,2.69,47.53,381.89,1946.9,,32.9,11.9,21.6,19.9,1882.0,103.4021,100.4,0.2766658167,87.42410278320312,112.98045349121094,55.7335090637207,0.9987250566482544,247.6771075795003,6.031961036797261,3.3959611188132524,-0.4180387724678756,3.813999891281128,11.565517557078394,normal
2019-02-21,67.06999969482422,6.720300197601318,1.1346358060836792,6.25,2.697000026702881,17.520000457763672,,2.69,47.22,379.41,2002.2,,42.3,11.4,23.6,22.1,1705.0,103.4021,100.4,0.2766658167,87.42410278320312,112.98045349121094,55.7335090637207,0.9987250566482544,247.6771075795003,5.825909793262033,3.1289097665591523,-0.4240902067379668,3.552999973297119,11.563793050831762,normal
2019-02-22,67.12000274658203,6.719099998474121,1.1343011856079102,6.230000019073486,2.7170000076293945,17.229999542236328,,2.73,45.78,365.51,2050.7,,36.2,10.6,21.4,20.7,1705.0,103.4021,100.4,0.2766658167,87.42410278320312,112.98045349121094,55.7335090637207,0.9987250566482544,247.6771075795003,5.727786347800037,3.0107863401706423,-0.5022136712734495,3.513000011444092,11.572414266652075,normal
2019-02-25,64.76000213623047,6.713200092315674,1.1342240571975708,6.15500020980835,2.8359999656677246,16.94499969482422,,2.74,45.48,365.42,1732.4999999999998,,41.4,10.8,18.6,18.4,1705.0,103.4021,100.4,0.2766658167,87.42410278320312,112.98045349121094,55.7335090637207,0.9987250566482544,247.6771075795003,5.63266053065675,2.7966605649890255,-0.5223396791515995,3.319000244140625,11.16551760969491,normal
2019-02-26,65.20999908447266,6.688399791717529,1.1367511749267578,6.15500020980835,2.8550000190734863,17.045000076293945,,2.84,45.22,363.32,2188.5,,38.7,10.2,18.6,18.0,1705.0,103.4021,100.4,0.2766658167,87.42410278320312,112.98045349121094,55.7335090637207,0.9987250566482544,247.6771075795003,5.678525460078959,2.823525441005473,-0.4764747497293902,3.3000001907348633,11.24310329042632,normal
2019-02-27,66.38999938964844,6.69920015335083,1.139315485954285,6.150000095367432,2.799000024795532,17.614999771118164,,2.74,45.05,361.97,2186.7,,28.8,8.8,19.9,16.5,1705.0,103.4021,100.4,0.2766658167,87.42410278320312,112.98045349121094,55.7335090637207,0.9987250566482544,247.6771075795003,5.881658438492004,3.0826584136964725,-0.2683416568754273,3.3510000705719,11.446551618904904,normal
2019-02-28,66.02999877929688,6.686200141906738,1.1380189657211304,6.125,2.812000036239624,17.815000534057617,,2.89,44.9,360.76,2046.5,,28.5,10.8,16.9,14.9,1539.0,103.4021,100.4,0.2766658167,87.42410278320312,112.98045349121094,55.7335090637207,0.9987250566482544,247.6771075795003,5.941669592129759,3.1296695558901346,-0.18333040787024135,3.312999963760376,11.384482548154635,normal
2019-03-01,65.06999969482422,6.692999839782715,1.1373459100723269,6.119999885559082,2.858999967575073,17.31999969482422,,2.89,44.76,359.61,2222.5,,14.4,12.4,15.3,15.6,1539.0,103.4021,100.4,0.2766658167,87.42410278320312,112.98045349121094,55.7335090637207,0.9987250566482544,247.6771075795003,5.773160191364444,2.9141602237893713,-0.3468396941946379,3.2609999179840092,11.218965464624866,normal
2019-03-04,65.66999816894531,6.705399990081787,1.1375917196273804,6.065000057220459,2.8570001125335693,17.399999618530273,,3.19,44.83,360.16,2045.4,,26.7,10.1,20.7,13.5,1539.0,103.4021,100.4,0.2766658167,87.42410278320312,112.98045349121094,55.7335090637207,0.9987250566482544,247.6771075795003,5.801079524157747,2.9440794116241777,-0.2639205330627119,3.2079999446868896,11.322413477404364,normal
2019-03-05,65.86000061035156,6.706299781799316,1.133735418319702,6.045000076293945,2.884000062942505,17.18000030517578,,4.25,44.78,359.82,2274.8,,16.7,10.3,24.5,14.4,1539.0,103.4021,100.4,0.2766658167,87.42410278320312,112.98045349121094,55.7335090637207,0.9987250566482544,247.6771075795003,5.708316432714095,2.82431636977159,-0.3366836435798506,3.1610000133514404,11.355172519026132,normal
2019-03-06,65.98999786376953,6.706600189208984,1.1307101249694824,6.034999847412109,2.8410000801086426,16.850000381469727,,3.18,44.68,359.01,2371.3,,28.0,11.8,20.8,15.1,1539.0,103.4021,100.4,0.2766658167,87.42410278320312,112.98045349121094,55.7335090637207,0.9987250566482544,247.6771075795003,5.5837292834020475,2.742729203293405,-0.4512705640100618,3.193999767303467,11.377585838580954,normal
2019-03-07,66.30000305175781,6.710899829864502,1.1314009428024292,6.0,2.865999937057495,16.8700008392334,,3.18,44.65,358.74,2435.4,,32.9,10.0,19.5,13.4,1390.0,103.4021,100.4,0.2766658167,87.42410278320312,112.98045349121094,55.7335090637207,0.9987250566482544,247.6771075795003,5.5937724872327745,2.7277725501752794,-0.40622751276722546,3.134000062942505,11.431035008923761,normal
2019-03-08,65.73999786376953,6.714099884033203,1.1198333501815796,5.985000133514404,2.865000009536743,16.729999542236328,,2.9,44.61,358.45,2410.9,,56.0,7.3,22.5,10.9,1390.0,103.4021,100.4,0.2766658167,87.42410278320312,112.98045349121094,55.7335090637207,0.9987250566482544,230.15161133934944,5.490633864940712,2.6256338554039687,-0.4943662685736925,3.120000123977661,11.334482390305093,normal
2019-03-11,66.58000183105469,6.720600128173828,1.1232421398162842,5.974999904632568,2.7720000743865967,16.625,,2.9,44.76,359.68,2067.8,,49.4,9.2,25.7,13.0,1390.0,103.4021,100.4,0.2766658167,87.42410278320312,112.98045349121094,55.7335090637207,0.9987250566482544,230.15161133934944,5.472782645039689,2.700782570653092,-0.5022172595928796,3.2029998302459717,11.479310660526671,normal
2019-03-12,66.66999816894531,6.725500106811523,1.1259232759475708,5.974999904632568,2.7839999198913574,16.209999084472656,,2.86,44.62,358.55,2399.4,,54.7,9.5,23.1,14.1,1390.0,103.4021,100.4,0.2766658167,87.42410278320312,112.98045349121094,55.7335090637207,0.9987250566482544,230.15161133934944,5.348905751902494,2.564905832011137,-0.6260941527300741,3.190999984741211,11.494827270507812,normal
2019-03-13,67.55000305175781,6.707600116729736,1.1287446022033691,5.954999923706055,2.819999933242798,15.725000381469728,,2.83,44.44,357.15,2349.7,,51.9,10.8,20.7,15.6,1390.0,103.4021,100.4,0.2766658167,96.80016326904295,127.857421875,57.51169967651367,1.0575016736984253,230.15161133934944,5.2018701753825685,2.3818702421397706,-0.7531297483234862,3.134999990463257,11.646552250303072,normal
2019-03-14,67.2300033569336,6.706099987030029,1.133105993270874,5.945000171661377,2.8550000190734863,15.604999542236328,,2.87,44.27,355.71,2275.9,,66.0,9.9,17.3,12.8,1190.0,103.4021,100.4,0.2766658167,96.80016326904295,127.857421875,57.51169967651367,1.0575016736984253,230.15161133934944,5.182119873832032,2.3271198547585454,-0.7628802978293452,3.0900001525878906,11.591379889126483,normal
2019-03-15,67.16000366210938,6.7220001220703125,1.1308379173278809,5.945000171661377,2.7950000762939453,15.25,,2.95,44.13,354.59,2400.6000000000004,,30.7,13.0,14.0,11.8,1190.0,103.4021,100.4,0.2766658167,96.80016326904295,127.857421875,57.51169967651367,1.0575016736984253,230.15161133934944,5.054094567998436,2.2590944917044906,-0.890905603662941,3.1500000953674316,11.579310976225754,normal
2019-03-18,67.54000091552734,6.712800025939941,1.1319772005081177,5.15500020980835,2.8499999046325684,14.979999542236328,,2.95,44.26,355.68,2162.2000000000003,,70.8,10.9,10.4,16.5,1190.0,102.8371,99.8,-3.8270629414,96.80016326904295,127.857421875,57.51169967651367,1.0575016736984253,230.15161133934944,4.969613774767027,2.119613870134459,-0.18538643504132235,2.3050003051757812,11.644827744056439,normal
2019-03-19,67.61000061035156,6.703100204467773,1.133619785308838,5.0,2.874000072479248,15.005000114440918,,2.9,44.12,354.49,2508.3,,56.3,10.2,5.6,15.0,1190.0,102.8371,99.8,-3.8270629414,96.80016326904295,127.857421875,57.51169967651367,1.0575016736984253,230.15161133934944,4.9851310345682185,2.1111309620889704,-0.014868965431781511,2.125999927520752,11.656896656957166,normal
2019-03-20,68.5,6.710999965667725,1.135486125946045,4.949999809265137,2.819999933242798,15.21500015258789,,2.92,43.91,352.81,2494.3,,61.0,8.8,14.2,16.0,1190.0,102.8371,99.8,-3.8270629414,96.80016326904295,127.857421875,57.51169967651367,1.0575016736984253,230.15161133934944,5.06322178443162,2.243221851188822,0.11322197516648291,2.129999876022339,11.810344827586206,normal
2019-03-21,67.86000061035156,6.693600177764893,1.1427918672561646,4.730000019073486,2.821000099182129,14.5649995803833,,2.86,43.76,351.65,2476.9,,59.2,8.6,17.1,14.7,1143.0,102.8371,99.8,-3.8270629414,96.80016326904295,127.857421875,57.51169967651367,1.0575016736984253,230.15161133934944,4.87810085959295,2.0571007604108207,0.14810084051946326,1.9089999198913574,11.700000105233029,normal
2019-03-22,67.02999877929688,6.698200225830078,1.1375011205673218,4.619999885559082,2.753000020980835,14.454999923706056,,2.86,43.7,351.13,2371.3,,59.9,11.5,17.5,14.8,1143.0,102.8371,99.8,-3.8270629414,96.80016326904295,127.857421875,57.51169967651367,1.0575016736984253,230.15161133934944,4.8188464163299845,2.0658463953491495,0.19884653077090242,1.866999864578247,11.556896341258081,normal
2019-03-25,67.20999908447266,6.717100143432617,1.129586100578308,4.599999904632568,2.755000114440918,14.1850004196167,,2.75,43.95,353.14,2561.6,,36.7,9.2,13.3,7.5,1143.0,102.8371,99.8,-3.8270629414,96.80016326904295,127.857421875,57.51169967651367,1.0575016736984253,230.15161133934944,4.695932555726462,1.9409324412855442,0.09593265109389382,1.8449997901916504,11.587930876633218,normal
2019-03-26,67.97000122070312,6.708399772644043,1.131580114364624,4.599999904632568,2.740000009536743,14.385000228881836,,2.72,44.21,355.21,2773.2,,37.4,9.6,14.2,14.2,1143.0,102.8371,99.8,-3.8270629414,96.80016326904295,127.857421875,57.51169967651367,1.0575016736984253,230.15161133934944,4.77054874774577,2.030548738209027,0.17054884311320162,1.8599998950958252,11.718965727707436,normal
2019-03-27,67.83000183105469,6.714700222015381,1.127484679222107,4.599999904632568,2.713000059127808,14.994999885559082,,2.74,44.16,354.8,2584.0,,21.9,9.2,14.9,16.2,1143.0,102.8371,99.8,-3.8270629414,96.80016326904295,127.857421875,57.51169967651367,1.0575016736984253,230.15161133934944,4.954847291114993,2.2418472319871845,0.3548473864824242,1.8869998455047603,11.694827901905981,normal
2019-03-28,67.81999969482422,6.726200103759766,1.1251758337020874,4.59499979019165,2.711999893188477,14.43000030517578,,2.69,44.12,354.53,2761.2000000000003,,25.2,9.8,17.0,16.4,1107.0,102.8371,99.8,-3.8270629414,96.80016326904295,127.857421875,57.51169967651367,1.0575016736984253,230.15161133934944,4.758388466973082,2.0463885737846046,0.1633886767814312,1.8829998970031734,11.693103395659348,normal
2019-03-29,68.38999938964844,6.738100051879883,1.1230024099349976,4.599999904632568,2.6619999408721924,14.21500015258789,,2.69,44.12,354.54,2732.4,,25.7,12.6,13.2,15.2,1107.0,102.8371,99.8,-3.8270629414,96.80016326904295,127.857421875,57.51169967651367,1.0575016736984253,230.15161133934944,4.678436239012045,2.016436298139853,0.07843633437947695,1.937999963760376,11.7913792051118,normal
2019-04-01,69.01000213623047,6.711100101470947,1.1223849058151243,4.579999923706055,2.7079999446868896,13.845000267028809,,2.73,45.08,340.63,2357.5,,30.6,10.7,14.2,10.1,1107.0,102.8371,99.8,-3.8270629414,96.80016326904295,127.857421875,57.51169967651367,1.0575016736984253,230.15161133934944,4.554156429900151,1.8461564852132613,-0.025843493805903783,1.871999979019165,11.898276230384564,normal
2019-04-02,69.37000274658203,6.7104997634887695,1.1205737590789795,4.579999923706055,2.684000015258789,13.454999923706056,,2.73,49.09,345.43,2633.1,,14.8,9.2,7.6,10.5,1107.0,102.8371,99.8,-3.8270629414,96.80016326904295,127.857421875,57.51169967651367,1.0575016736984253,230.15161133934944,4.418728376594946,1.734728361336157,-0.16127154711110858,1.8959999084472656,11.960345301134833,normal
2019-04-03,69.30999755859375,6.722400188446045,1.1203854084014893,4.579999923706055,2.677000045776367,14.1899995803833,,2.76,48.7,364.53,2803.1,,26.5,9.2,13.1,11.6,1107.0,102.8371,99.8,-3.8270629414,96.80016326904295,127.857421875,57.51169967651367,1.0575016736984253,230.15161133934944,4.659324785936306,1.9823247401599389,0.07932486223025137,1.9029998779296875,11.949999579067889,normal
2019-04-04,69.4000015258789,6.701399803161621,1.1246949434280396,4.599999904632568,2.6429998874664307,14.80500030517578,,2.74,48.82,365.44,2771.8,,23.2,8.1,14.6,13.9,1130.0,102.8371,99.8,-3.8270629414,96.80016326904295,127.857421875,57.51169967651367,1.0575016736984253,230.15161133934944,4.879960664181945,2.236960776715514,0.27996075954937627,1.9570000171661377,11.96551750446188,normal
2019-04-05,70.33999633789062,6.716599941253662,1.1225864887237549,4.650000095367432,2.6640000343322754,16.635000228881836,,2.66,48.7,364.54,2941.7000000000003,,27.1,10.4,18.7,15.3,1130.0,102.8371,99.8,-3.8270629414,96.80016326904295,127.857421875,57.51169967651367,1.0575016736984253,229.38423691143072,5.472878163515952,2.808878129183676,0.8228780681485199,1.9860000610351562,12.127585575498385,normal
2019-04-08,71.0999984741211,6.716899871826172,1.121956706047058,4.599999904632568,2.7079999446868896,15.96500015258789,,2.62,49.35,369.41,2407.4,,18.8,11.6,11.4,12.6,1130.0,102.8371,99.8,-3.8270629414,96.80016326904295,127.857421875,57.51169967651367,1.0575016736984253,229.38423691143072,5.249502946314714,2.5415030016278246,0.6495030416821459,1.8919999599456787,12.258620426572604,normal
2019-04-09,70.61000061035156,6.715400218963623,1.1256444454193115,4.625,2.6989998817443848,16.7549991607666,,2.72,49.53,370.73,2544.3,,15.1,11.8,11.6,9.4,1130.0,102.8371,99.8,-3.8270629414,96.80016326904295,127.857421875,57.51169967651367,1.0575016736984253,229.38423691143072,5.527373360507527,2.828373478763142,0.9023733605075268,1.9260001182556152,12.174138036267511,normal
2019-04-10,71.7300033569336,6.7108001708984375,1.126697063446045,4.704999923706055,2.700000047683716,15.729999542236328,,2.71,49.69,371.94,2611.8,,27.2,11.0,12.8,8.8,1130.0,102.8371,99.8,-3.8270629414,82.32829284667969,90.7895965576172,66.64120483398438,0.5631100535392761,229.38423691143072,5.194084736337109,2.494084688653393,0.4890848126310541,2.004999876022339,12.367241958091999,normal
2019-04-11,70.83000183105469,6.715400218963623,1.127650022506714,4.730000019073486,2.6640000343322754,15.994999885559082,,2.72,49.8,372.73,2430.5,,26.2,8.2,9.9,9.7,1155.0,102.8371,99.8,-3.8270629414,82.32829284667969,90.7895965576172,66.64120483398438,0.5631100535392761,229.38423691143072,5.286055666222836,2.622055631890561,0.5560556471493499,2.065999984741211,12.212069281216326,normal
2019-04-12,71.55000305175781,6.718500137329102,1.1260753870010376,4.775000095367432,2.6600000858306885,15.854999542236328,,2.72,49.84,373.02,2590.4,,28.6,4.7,4.9,7.9,1155.0,102.8371,99.8,-3.8270629414,82.32829284667969,90.7895965576172,66.64120483398438,0.5631100535392761,229.38423691143072,5.232471336294831,2.572471250464143,0.45747124092739977,2.115000009536743,12.336207422716864,normal
2019-04-15,71.18000030517578,6.703199863433838,1.1305055618286133,4.775000095367432,2.5899999141693115,15.010000228881836,,2.75,47.02,374.85,2348.8,,35.0,12.4,13.5,12.4,1155.0,102.8757,99.9,-0.7591160343,82.32829284667969,90.7895965576172,66.64120483398438,0.5631100535392761,229.38423691143072,4.973092763426962,2.3830928492576504,0.1980926680595303,2.18500018119812,12.272413845719962,normal
2019-04-16,71.72000122070312,6.707699775695801,1.1304928064346311,5.715000152587891,2.572000026702881,14.835000038146973,,2.75,47.15,375.96,2663.6000000000004,,25.0,12.3,12.2,9.7,1155.0,102.8757,99.9,-0.7591160343,82.32829284667969,90.7895965576172,66.64120483398438,0.5631100535392761,229.38423691143072,4.915056482612856,2.3430564559099754,-0.7999436699750344,3.1430001258850098,12.365517451845367,normal
2019-04-17,71.62000274658203,6.71120023727417,1.128502607345581,5.625,2.5169999599456787,15.19499969482422,,2.66,47.36,377.61,2670.8,,24.7,13.0,8.0,9.2,1155.0,102.8757,99.9,-0.7591160343,82.32829284667969,90.7895965576172,66.64120483398438,0.5631100535392761,229.38423691143072,5.025466942805525,2.5084669828598463,-0.599533057194475,3.1080000400543213,12.348276335617593,normal
2019-04-18,71.97000122070312,6.68720006942749,1.129713773727417,5.420000076293945,2.490000009536743,14.460000038146973,,2.55,47.65,379.92,2839.7,,37.3,14.6,11.9,8.1,1247.0,102.8757,99.9,-0.7591160343,82.32829284667969,90.7895965576172,66.64120483398438,0.5631100535392761,229.38423691143072,4.787512004546593,2.2975119950098497,-0.6324880717473524,2.930000066757202,12.408620900121228,normal
2019-04-19,71.97000122070312,6.708099842071533,1.1235954761505127,5.420000076293945,2.490000009536743,14.460000038146973,,2.54,48.08,383.35,2992.2000000000003,,35.5,13.1,15.5,11.1,1247.0,102.8757,99.9,-0.7591160343,82.32829284667969,90.7895965576172,66.64120483398438,0.5631100535392761,229.38423691143072,4.761583823640935,2.2715838141041917,-0.6584162526530104,2.930000066757202,12.408620900121228,normal
2019-04-22,74.04000091552734,6.703400135040283,1.1244546175003052,5.420000076293945,2.5239999294281006,14.460000038146973,,2.54,49.72,396.41,2512.4999999999995,,48.4,5.8,6.9,5.1,1247.0,102.8757,99.9,-0.7591160343,82.32829284667969,90.7895965576172,66.64120483398438,0.5631100535392761,229.38423691143072,4.765224701198941,2.24122477177084,-0.6547753750950047,2.8960001468658447,12.765517399228854,normal
2019-04-23,74.51000213623047,6.708499908447266,1.1258978843688965,5.329999923706055,2.4549999237060547,14.420000076293944,,2.61,50.29,401.02,2522.3,,46.9,3.3,3.4,7.1,1247.0,102.8757,99.9,-0.7591160343,82.32829284667969,90.7895965576172,66.64120483398438,0.5631100535392761,229.38423691143072,4.758142273909827,2.303142350203772,-0.571857649796228,2.875,12.84655209245353,normal
2019-04-24,74.56999969482422,6.724899768829346,1.122435212135315,5.329999923706055,2.461999893188477,14.265000343322754,,2.53,50.76,404.76,2647.4,,41.0,2.7,12.6,6.5,1247.0,102.8757,99.9,-0.7591160343,82.32829284667969,90.7895965576172,66.64120483398438,0.5631100535392761,229.38423691143072,4.692521023893455,2.2305211307049784,-0.6374788998125993,2.8680000305175777,12.856896499107624,normal
2019-04-25,74.3499984741211,6.720900058746338,1.1153494119644165,5.400000095367432,2.513999938964844,14.53499984741211,,2.53,51.25,408.63,2622.8,,29.3,2.8,11.1,4.6,1339.0,102.8757,99.9,-0.7591160343,82.32829284667969,90.7895965576172,66.64120483398438,0.5631100535392761,229.38423691143072,4.751154270549854,2.23715433158501,-0.6488458248175775,2.8860001564025874,12.81896525415881,normal
2019-04-26,72.1500015258789,6.742099761962891,1.113684892654419,5.460000038146973,2.565999984741211,14.425000190734863,,2.54,51.69,412.16,2483.6,,25.8,4.2,7.3,5.1,1339.0,102.8757,99.9,-0.7591160343,82.32829284667969,90.7895965576172,66.64120483398438,0.5631100535392761,229.38423691143072,4.708161092147019,2.1421611074058085,-0.7518389459999533,2.8940000534057617,12.439655435496363,normal
2019-04-29,72.04000091552734,6.728799819946289,1.1150261163711548,5.510000228881836,2.5929999351501465,14.524999618530272,,2.58,52.89,421.75,2332.0,,44.0,1.3,9.4,1.4,1339.0,102.8757,99.9,-0.7591160343,82.32829284667969,90.7895965576172,66.64120483398438,0.5631100535392761,229.38423691143072,4.746509203884457,2.153509268734311,-0.7634910249973785,2.9170002937316895,12.420689813021957,normal
2019-04-30,72.80000305175781,6.732399940490723,1.1185182332992554,5.550000190734863,2.575000047683716,14.390000343322754,,2.58,53.12,423.56,2594.7,,30.6,5.7,6.9,6.8,1339.0,102.8757,99.9,-0.7591160343,82.32829284667969,90.7895965576172,66.64120483398438,0.5631100535392761,229.38423691143072,4.717121150125448,2.142121102441732,-0.8328790406094155,2.9750001430511475,12.551724664096175,normal
2019-05-01,72.18000030517578,6.733799934387207,1.121604323387146,5.5,2.619999885559082,14.05500030517578,,2.59,53.4,425.85,2645.3,,16.9,6.6,6.1,10.7,1339.0,102.8757,99.9,-0.7591160343,82.32829284667969,90.7895965576172,66.64120483398438,0.5631100535392761,229.38423691143072,4.620018260532338,2.000018374973256,-0.8799817394676621,2.880000114440918,12.44482763882341,normal
2019-05-02,70.75,6.734000205993652,1.1200841665267944,5.574999809265137,2.58899998664856,14.364999771118164,,2.59,53.84,429.47,2171.4,,31.1,8.1,12.8,6.2,1462.0,102.8757,99.9,-0.7591160343,82.32829284667969,90.7895965576172,66.64120483398438,0.5631100535392761,229.38423691143072,4.715518353816221,2.126518367167661,-0.8594814554489156,2.9859998226165767,12.198275862068966,normal
2019-05-03,70.8499984741211,6.73390007019043,1.1173559427261353,5.619999885559082,2.566999912261963,14.5649995803833,,2.63,54.2,432.34,2383.7,,13.4,9.0,15.0,6.9,1462.0,102.8757,99.9,-0.7591160343,82.32829284667969,90.7895965576172,66.64120483398438,0.5631100535392761,229.38423691143072,4.769525528537794,2.202525616275831,-0.8504743570212883,3.052999973297119,12.21551697829674,normal
2019-05-06,71.23999786376953,6.73360013961792,1.1185808181762695,5.614999771118164,2.5239999294281006,14.335000038146973,,2.59,55.21,440.35,2357.4,,29.9,9.1,7.0,3.3,1462.0,102.8757,99.9,-0.7591160343,82.32829284667969,90.7895965576172,66.64120483398438,0.5631100535392761,214.20435254183212,4.699354678069275,2.1753547486411744,-0.9156450930488891,3.0909998416900635,12.282758252374057,normal
2019-05-07,69.87999725341797,6.763599872589111,1.1201846599578855,5.559999942779541,2.5369999408721924,14.154999732971191,,2.54,55.37,441.63,2558.9,,39.1,8.2,12.2,4.0,1462.0,102.8757,99.9,-0.7591160343,82.32829284667969,90.7895965576172,66.64120483398438,0.5631100535392761,214.20435254183212,4.6469997018241616,2.109999760951969,-0.9130002409553795,3.0230000019073486,12.04827538852034,normal
2019-05-08,70.37000274658203,6.776000022888184,1.1191065311431885,5.545000076293945,2.609999895095825,14.31999969482422,,2.54,55.6,443.46,2480.9,,42.0,10.3,11.0,3.0,1462.0,102.8757,99.9,-0.7591160343,82.32829284667969,90.7895965576172,66.64120483398438,0.5631100535392761,214.20435254183212,4.696643509482686,2.086643614386861,-0.8483565668112591,2.93500018119812,12.132759094238281,normal
2019-05-09,70.38999938964844,6.7820000648498535,1.1198333501815796,5.565000057220459,2.595000028610229,14.454999923706056,,2.64,55.87,445.64,2283.2,,38.7,11.2,10.5,0.8,1547.0,102.8757,99.9,-0.7591160343,82.32829284667969,90.7895965576172,66.64120483398438,0.5631100535392761,214.20435254183212,4.743999657528188,2.148999628917959,-0.821000399692271,2.97000002861023,12.136206791318697,normal
2019-05-10,70.62000274658203,6.826499938964844,1.1222084760665894,5.539999961853027,2.61899995803833,13.994999885559082,,2.62,56.14,447.77,2385.2,,37.6,10.9,6.0,1.6,1547.0,102.8757,99.9,-0.7591160343,82.32829284667969,90.7895965576172,66.64120483398438,0.5631100535392761,214.20435254183212,4.602773477678334,1.9837735196400041,-0.9372264841746931,2.9210000038146973,12.175862542514144,normal
2019-05-13,70.2300033569336,6.823100090026856,1.1236460208892822,5.525000095367432,2.621000051498413,13.760000228881836,,2.64,57.12,455.62,1775.9,,32.2,8.7,8.5,3.8,1547.0,102.8757,99.9,-0.7591160343,79.25344848632812,95.45539855957033,57.51552963256836,0.8058017492294312,214.20435254183212,4.531282275820654,1.9102822243222413,-0.9937178195467773,2.9040000438690186,12.108621268436828,normal
2019-05-14,71.23999786376953,6.877299785614014,1.1232547760009766,5.514999866485596,2.6589999198913574,13.78499984741211,,2.71,57.33,457.26,1979.4,,28.3,6.6,1.1,3.7,1547.0,102.8757,99.9,-0.7591160343,79.25344848632812,95.45539855957033,57.51552963256836,0.8058017492294312,214.20435254183212,4.537934233583143,1.8789343136917855,-0.9770656329024527,2.8559999465942383,12.282758252374057,normal
2019-05-15,71.7699966430664,6.874899864196777,1.1204482316970823,5.510000228881836,2.6010000705718994,13.854999542236328,,2.7,57.56,459.04,1985.3,,23.0,8.4,8.8,0.4,1547.0,102.8757,99.9,-0.7591160343,79.25344848632812,95.45539855957033,57.51552963256836,0.8058017492294312,214.20435254183212,4.549581710381924,1.9485816398100244,-0.9604185184999121,2.9090001583099365,12.374137352252829,normal
2019-05-16,72.62000274658203,6.875199794769287,1.1207244396209717,5.204999923706055,2.638999938964844,13.385000228881836,,2.69,57.74,460.53,1814.7,,24.8,8.7,10.4,0.0,1653.0,102.274,99.8,-1.1306209024,79.25344848632812,95.45539855957033,57.51552963256836,0.8058017492294312,214.20435254183212,4.396331006594153,1.7573310676293086,-0.8086689171119019,2.5659999847412105,12.520690128721041,normal
2019-05-17,72.20999908447266,6.882800102233887,1.1173559427261353,4.929999828338623,2.63100004196167,12.854999542236328,,2.62,57.96,462.22,2013.9,,32.2,9.1,10.8,0.0,1653.0,102.274,99.8,-1.1306209024,79.25344848632812,95.45539855957033,57.51552963256836,0.8058017492294312,214.20435254183212,4.209560607788517,1.5785605658268471,-0.720439220550106,2.298999786376953,12.449999842150458,normal
2019-05-20,71.97000122070312,6.917699813842773,1.1165324449539185,4.974999904632568,2.6730000972747803,12.904999732971191,,2.61,59.13,471.55,1929.8,,16.9,6.7,4.5,0.0,1653.0,102.274,99.8,-1.1306209024,79.25344848632812,95.45539855957033,57.51552963256836,0.8058017492294312,214.20435254183212,4.2228193755191725,1.5498192782443923,-0.7521805291133958,2.301999807357788,12.408620900121228,normal
2019-05-21,72.18000030517578,6.911300182342529,1.1168566942214966,4.795000076293945,2.61299991607666,12.704999923706056,,2.7,59.49,474.47,2359.2000000000003,,34.7,6.5,0.0,0.0,1653.0,102.274,99.8,-1.1306209024,79.25344848632812,95.45539855957033,57.51552963256836,0.8058017492294312,214.20435254183212,4.158582067228986,1.5455821511523258,-0.6364180090649594,2.182000160217285,12.44482763882341,normal
2019-05-22,70.98999786376953,6.911300182342529,1.1168566942214966,4.71999979019165,2.5429999828338623,12.649999618530272,,2.73,59.84,477.28,2384.3,,36.2,5.6,5.8,0.0,1653.0,102.274,99.8,-1.1306209024,79.25344848632812,95.45539855957033,57.51552963256836,0.8058017492294312,214.20435254183212,4.140579447459633,1.5975794646257704,-0.5794203427320177,2.176999807357788,12.239654804098196,normal
2019-05-23,67.76000213623047,6.905399799346924,1.1155484914779663,4.724999904632568,2.578000068664551,12.595000267028809,,2.73,60.21,480.23,2390.3,,29.1,4.1,3.2,0.0,1753.0,102.274,99.8,-1.1306209024,79.25344848632812,95.45539855957033,57.51552963256836,0.8058017492294312,214.20435254183212,4.117748260050458,1.5397481913859075,-0.6072516445821101,2.1469998359680176,11.682758989005254,normal
2019-05-24,68.69000244140625,6.9095001220703125,1.1184556484222412,4.724999904632568,2.5980000495910645,12.25,,2.56,60.59,483.28,2490.2000000000003,,28.6,3.3,0.0,0.0,1753.0,102.274,99.8,-1.1306209024,79.25344848632812,95.45539855957033,57.51552963256836,0.8058017492294312,214.20435254183212,4.0153925961925525,1.417392546601488,-0.7096073084400158,2.126999855041504,11.843103869207974,normal
2019-05-27,68.69000244140625,6.8993000984191895,1.1209630966186523,4.724999904632568,2.5980000495910645,12.25,,2.6,62.09,495.26,1951.0,,31.6,5.1,1.5,0.7,1753.0,102.274,99.8,-1.1306209024,79.25344848632812,95.45539855957033,57.51552963256836,0.8058017492294312,214.20435254183212,4.024394641948598,1.4263945923575339,-0.70060526268397,2.126999855041504,11.843103869207974,normal
2019-05-28,70.11000061035156,6.897200107574463,1.11938214302063,4.704999923706055,2.5820000171661377,12.520000457763672,,2.6,62.46,498.16,2163.1,,29.3,3.8,0.0,0.0,1753.0,102.274,99.8,-1.1306209024,79.25344848632812,95.45539855957033,57.51552963256836,0.8058017492294312,214.20435254183212,4.107294818803088,1.5252948016369503,-0.5977051049029667,2.122999906539917,12.087931139715787,normal
2019-05-29,69.44999694824219,6.90910005569458,1.1170687675476074,4.71999979019165,2.632999897003174,12.225000381469728,,2.65,62.75,500.52,2249.8,,31.7,4.5,1.5,0.0,1753.0,102.274,99.8,-1.1306209024,79.25344848632812,95.45539855957033,57.51552963256836,0.8058017492294312,214.20435254183212,4.002229131687861,1.3692292346846875,-0.7177706585037891,2.0869998931884766,11.974137404869342,normal
2019-05-30,66.87000274658203,6.913400173187256,1.1137346029281616,4.599999904632568,2.546999931335449,11.475000381469728,,2.69,63.12,503.43,2153.4,,21.7,5.6,0.0,0.0,1867.0,102.274,99.8,-1.1306209024,79.25344848632812,95.45539855957033,57.51552963256836,0.8058017492294312,214.20435254183212,3.745480840017318,1.1984809086818689,-0.8545190646152503,2.052999973297119,11.529310818376212,normal
2019-05-31,64.48999786376953,6.900899887084961,1.1131147146224976,4.650000095367432,2.4539999961853027,11.204999923706056,,2.69,63.6,507.23,2063.0,,47.2,2.8,0.3,0.0,1867.0,102.274,99.8,-1.1306209024,79.25344848632812,95.45539855957033,57.51552963256836,0.8058017492294312,214.20435254183212,3.655316104386448,1.2013161082011452,-0.9946839909809837,2.196000099182129,11.118965148925781,normal
2019-06-03,61.27999877929688,6.904099941253662,1.1174057722091677,4.539999961853027,2.4030001163482666,11.100000381469728,,2.59,65.2,520.04,2072.6000000000004,,22.1,5.6,6.2,0.2,1867.0,102.274,99.8,-1.1306209024,79.25344848632812,95.45539855957033,57.51552963256836,0.8058017492294312,214.20435254183212,3.635022155532375,1.2320220391841086,-0.9049778063206522,2.1369998455047607,10.565517030913256,normal
2019-06-04,61.970001220703125,6.9028000831604,1.124631643295288,4.534999847412109,2.4159998893737797,11.90999984741211,,2.5,65.64,523.49,2256.5,,48.1,2.0,1.2,0.0,1867.0,102.274,99.8,-1.1306209024,79.25344848632812,95.45539855957033,57.51552963256836,0.8058017492294312,214.20435254183212,3.925502089609955,1.509502200236175,-0.6094977578021545,2.1189999580383296,10.684482969086746,normal
2019-06-05,60.630001068115234,6.907299995422363,1.1254037618637085,4.474999904632568,2.378000020980835,11.600000381469728,,2.45,66.05,526.78,2348.3,,37.3,1.9,0.0,1.3,1867.0,102.274,99.8,-1.1306209024,79.25344848632812,95.45539855957033,57.51552963256836,0.8058017492294312,196.3067141254573,3.8259520614413494,1.4479520404605144,-0.649047843191219,2.0969998836517334,10.45344846001987,normal
2019-06-06,61.66999816894531,6.908100128173828,1.1229015588760376,4.474999904632568,2.3239998817443848,11.104999542236328,,2.45,66.43,529.84,2365.2,,25.8,0.0,0.0,0.2,1986.0,102.274,99.8,-1.1306209024,79.25344848632812,95.45539855957033,57.51552963256836,0.8058017492294312,196.3067141254573,3.65454562160253,1.3305457398581453,-0.8204542830300383,2.1510000228881836,10.632758304990572,normal
2019-06-07,63.290000915527344,6.908999919891357,1.127650022506714,4.474999904632568,2.336999893188477,11.520000457763672,,2.4,66.86,533.19,2231.2000000000003,,31.8,0.0,5.1,0.0,1986.0,102.274,99.8,-1.1306209024,79.25344848632812,95.45539855957033,57.51552963256836,0.8058017492294312,196.3067141254573,3.8071499925192285,1.4701500993307515,-0.6678499121133399,2.1380000114440914,10.912069123366784,normal
2019-06-10,62.290000915527344,6.90880012512207,1.1320157051086426,4.474999904632568,2.3570001125335693,11.80500030517578,,2.43,68.2,543.91,2062.8,,32.7,2.8,0.0,0.0,1986.0,102.274,99.8,-1.1306209024,106.4719009399414,134.97251892089844,64.66343688964844,0.97137451171875,196.3067141254573,3.916441219959117,1.5594411074255476,-0.5585586846734514,2.117999792098999,10.739655330263336,normal
2019-06-11,62.290000915527344,6.930099964141846,1.1318106651306152,4.494999885559082,2.3989999294281006,11.199999809265137,,2.42,68.62,547.21,2399.8,,29.7,3.8,4.5,0.0,1986.0,102.274,99.8,-1.1306209024,106.4719009399414,134.97251892089844,64.66343688964844,0.97137451171875,196.3067141254573,3.715052498897214,1.3160525694691132,-0.7799473866618682,2.0959999561309814,10.739655330263336,normal
2019-06-12,59.970001220703125,6.910399913787842,1.1329518556594849,4.505000114440918,2.385999917984009,11.140000343322754,,2.41,68.98,550.12,2471.9,,31.5,2.7,4.5,0.0,1986.0,102.274,99.8,-1.1306209024,106.4719009399414,134.97251892089844,64.66343688964844,0.97137451171875,196.3067141254573,3.6988763828608477,1.312876464876839,-0.8061237315800702,2.119000196456909,10.33965538287985,normal
2019-06-13,61.310001373291016,6.916900157928467,1.1295605897903442,4.505000114440918,2.325000047683716,11.395000457763672,,2.43,69.37,553.21,2590.3,,66.2,4.2,1.4,0.0,2088.0,102.274,99.8,-1.1306209024,106.4719009399414,134.97251892089844,64.66343688964844,0.97137451171875,196.3067141254573,3.77222020132022,1.4472201536365041,-0.732779913120698,2.180000066757202,10.570689891946728,normal
2019-06-14,62.0099983215332,6.92080020904541,1.128044366836548,4.505000114440918,2.38700008392334,11.31999969482422,,2.43,69.76,556.35,2361.0,,26.9,3.1,0.2,0.0,2088.0,102.274,99.8,-1.1306209024,106.4719009399414,134.97251892089844,64.66343688964844,0.97137451171875,196.3067141254573,3.7423616523172867,1.3553615683939468,-0.7626384621236313,2.118000030517578,10.691379020954,normal
2019-06-17,60.93999862670898,6.924499988555908,1.1217050552368164,4.585000038146973,2.385999917984009,11.56999969482422,,2.37,71.08,566.83,2049.3,,27.1,4.0,0.0,0.0,2088.0,102.392,100.3,-2.5225473605,106.4719009399414,134.97251892089844,64.66343688964844,0.97137451171875,196.3067141254573,3.803515432184128,1.4175155142001192,-0.7814846059628446,2.199000120162964,10.506896314949824,normal
2019-06-18,62.13999938964844,6.924900054931641,1.1224603652954102,4.554999828338623,2.328000068664551,11.03499984741211,,2.46,71.49,570.15,2419.8,,37.1,3.9,4.0,0.0,2088.0,102.392,100.3,-2.5225473605,106.4719009399414,134.97251892089844,64.66343688964844,0.97137451171875,196.3067141254573,3.630082575674208,1.3020825070096573,-0.9249172526644149,2.2269997596740723,10.713792998215249,normal
2019-06-19,61.81999969482422,6.902299880981445,1.1198208332061768,4.550000190734863,2.276000022888184,10.484999656677246,,2.44,71.84,572.99,2245.5,,26.8,2.0,1.1,0.0,2088.0,102.392,100.3,-2.5225473605,106.4719009399414,134.97251892089844,64.66343688964844,0.97137451171875,196.3067141254573,3.4410431728202218,1.1650431499320377,-1.1089570179146415,2.2740001678466792,10.65862063703866,normal
2019-06-20,64.44999694824219,6.902699947357178,1.1238480806350708,4.614999771118164,2.184999942779541,10.149999618530272,,2.43,72.18,575.65,2264.4,,27.3,2.5,0.0,0.0,2203.0,102.392,100.3,-2.5225473605,106.4719009399414,134.97251892089844,64.66343688964844,0.97137451171875,196.3067141254573,3.3430801754124824,1.1580802326329414,-1.2719195957056817,2.429999828338623,11.112068439352102,normal
2019-06-21,65.19999694824219,6.85099983215332,1.1295605897903442,4.59499979019165,2.186000108718872,10.354999542236328,,2.38,72.55,578.64,2276.2000000000003,,24.2,1.6,2.2,0.0,2203.0,102.392,100.3,-2.5225473605,106.4719009399414,134.97251892089844,64.66343688964844,0.97137451171875,196.3067141254573,3.4279365413515306,1.2419364326326585,-1.1670632488401198,2.4089996814727783,11.241378784179688,normal
2019-06-24,64.86000061035156,6.868899822235107,1.1384724378585815,4.764999866485596,2.302999973297119,10.199999809265137,,2.27,73.84,588.94,1944.3,,22.2,0.0,1.5,0.0,2203.0,102.392,100.3,-2.5225473605,106.4719009399414,134.97251892089844,64.66343688964844,0.97137451171875,196.3067141254573,3.4032655896332353,1.1002656163361162,-1.3617342768523604,2.4619998931884766,11.182758725922683,normal
2019-06-25,65.05000305175781,6.876100063323975,1.140029788017273,4.75,2.308000087738037,9.845000267028809,,2.31,74.21,591.91,2244.7000000000003,,19.7,2.0,5.0,0.0,2203.0,102.392,100.3,-2.5225473605,106.4719009399414,134.97251892089844,64.66343688964844,0.97137451171875,196.3067141254573,3.2893121523298716,0.9813120645918345,-1.4606878476701284,2.441999912261963,11.215517767544451,normal
2019-06-26,66.48999786376953,6.878799915313721,1.1369967460632324,4.800000190734863,2.2909998893737797,9.619999885559082,,2.31,74.6,595.0,2111.6,,19.0,3.0,3.7,0.0,2203.0,102.392,100.3,-2.5225473605,106.4719009399414,134.97251892089844,64.66343688964844,0.97137451171875,196.3067141254573,3.205586103445153,0.9145862140713734,-1.5944140872897101,2.5090003013610835,11.463792735132678,normal
2019-06-27,66.55000305175781,6.879099845886231,1.1374752521514893,4.704999923706055,2.3239998817443848,9.375,,2.34,74.99,598.08,2346.9,,18.3,2.3,0.6,0.0,2301.0,102.392,100.3,-2.5225473605,106.4719009399414,134.97251892089844,64.66343688964844,0.97137451171875,196.3067141254573,3.1252617093437585,0.8012618275993737,-1.5797382143622962,2.38100004196167,11.474138457199624,normal
2019-06-28,66.55000305175781,6.867099761962891,1.1372941732406616,4.75,2.308000087738037,10.114999771118164,,2.32,75.36,601.08,2402.6,,40.4,0.0,0.0,0.0,2301.0,102.392,100.3,-2.5225473605,106.4719009399414,134.97251892089844,64.66343688964844,0.97137451171875,196.3067141254573,3.3714121642204935,1.0634120764824564,-1.3785878357795065,2.441999912261963,11.474138457199624,normal
2019-07-01,65.05999755859375,6.865799903869629,1.1364928483963013,4.599999904632568,2.2669999599456787,10.364999771118164,,2.42,76.69,611.73,1964.1,,35.6,0.0,0.0,0.0,2301.0,102.392,100.3,-2.5225473605,106.4719009399414,134.97251892089844,64.66343688964844,0.97137451171875,196.3067141254573,3.452305038335207,1.1853050783895283,-1.1476948662973614,2.3329999446868896,11.217240958378234,normal
2019-07-02,62.400001525878906,6.850800037384033,1.1287446022033691,4.599999904632568,2.240000009536743,10.225000381469728,,2.33,76.88,614.52,2074.1000000000004,,34.0,1.9,0.0,0.0,2301.0,102.392,100.3,-2.5225473605,106.4719009399414,134.97251892089844,64.66343688964844,0.97137451171875,196.3067141254573,3.382456167716256,1.1424561581795127,-1.2175437369163125,2.359999895095825,10.758620952737743,normal
2019-07-03,63.81999969482422,6.872000217437744,1.1293054819107056,4.579999923706055,2.289999961853028,10.295000076293944,,2.3,77.16,616.79,2118.2,,15.9,0.6,0.0,0.0,2301.0,102.392,100.3,-2.5225473605,106.4719009399414,134.97251892089844,64.66343688964844,0.97137451171875,196.3067141254573,3.407304513422627,1.1173045515695992,-1.1726954102834277,2.289999961853027,11.003448223245556,normal
2019-07-04,63.81999969482422,6.880199909210205,1.128795504570007,4.579999923706055,2.289999961853028,10.295000076293944,,2.29,77.49,619.37,1901.1,,14.9,0.0,0.0,0.0,2390.0,102.392,100.3,-2.5225473605,106.4719009399414,134.97251892089844,64.66343688964844,0.97137451171875,196.3067141254573,3.4057658260412773,1.1157658641882495,-1.1742340976647774,2.289999961853027,11.003448223245556,normal
2019-07-05,64.2300033569336,6.87060022354126,1.128579020500183,4.510000228881836,2.4179999828338623,11.21500015258789,,2.29,77.78,621.77,1907.2,,39.9,0.0,0.0,0.0,2390.0,102.392,100.3,-2.5225473605,106.4719009399414,134.97251892089844,64.66343688964844,0.97137451171875,196.3067141254573,3.7094063804876254,1.291406397653763,-0.8005938483942105,2.0920002460479736,11.074138509816137,normal
2019-07-08,64.11000061035156,6.892600059509277,1.1227376461029053,4.510000228881836,2.4030001163482666,11.880000114440918,,2.29,78.93,630.92,1716.0,,30.9,3.2,0.0,0.0,2390.0,102.392,100.3,-2.5225473605,106.4719009399414,134.97251892089844,64.66343688964844,0.97137451171875,205.5404583220621,3.9090199593772943,1.5060198430290277,-0.6009802695045416,2.1070001125335693,11.053448381095098,normal
2019-07-09,64.16000366210938,6.880899906158447,1.121604323387146,4.519999980926514,2.424999952316284,11.760000228881836,,2.39,79.2,633.06,2144.1000000000004,,38.8,2.4,0.0,0.0,2390.0,102.392,100.3,-2.5225473605,106.4719009399414,134.97251892089844,64.66343688964844,0.97137451171875,205.5404583220621,3.865628930743666,1.440628978427382,-0.6543710501828475,2.0950000286102295,11.06206959691541,normal
2019-07-10,67.01000213623047,6.888299942016602,1.120824933052063,4.514999866485596,2.444000005722046,12.135000228881836,,2.41,79.41,634.77,2107.8,,31.2,0.8,0.0,0.0,2390.0,102.392,100.3,-2.5225473605,106.4719009399414,134.97251892089844,64.66343688964844,0.97137451171875,205.5404583220621,3.986123318246981,1.542123312524935,-0.5288765482386149,2.07099986076355,11.553448644177667,normal
2019-07-11,66.5199966430664,6.872200012207031,1.125885248184204,4.525000095367432,2.4159998893737797,13.130000114440918,,2.49,79.67,637.01,2152.1,,40.0,2.5,0.0,0.0,2471.0,102.392,100.3,-2.5225473605,106.58845520019533,142.6534881591797,53.42063903808594,0.9017171263694764,205.5404583220621,4.332434612151301,1.9164347227775216,-0.19256548321613032,2.109000205993652,11.468964938459726,normal
2019-07-12,66.72000122070312,6.869200229644775,1.1252391338348389,4.545000076293945,2.453000068664551,13.279999732971191,,2.54,79.97,639.37,2003.8,,35.6,3.7,0.1,0.0,2471.0,102.392,100.3,-2.5225473605,106.58845520019533,142.6534881591797,53.42063903808594,0.9017171263694764,205.5404583220621,4.3794145014141845,1.9264144327496338,-0.16558557487976078,2.0920000076293945,11.503448486328125,normal
2019-07-15,66.4800033569336,6.879799842834473,1.1272051334381104,4.550000190734863,2.407999992370605,12.895000457763672,,2.54,81.11,648.55,1718.9,,20.3,2.8,0.0,0.0,2471.0,102.392,100.3,-2.5225473605,106.58845520019533,142.6534881591797,53.42063903808594,0.9017171263694764,205.5404583220621,4.259881104432408,1.8518811120618026,-0.29011908630245564,2.1420001983642583,11.462069544298895,normal
2019-07-16,64.3499984741211,6.87690019607544,1.126176834106445,4.929999828338623,2.305999994277954,11.414999961853027,,2.53,81.4,650.88,2020.5,,18.7,0.4,0.0,0.0,2471.0,102.4375,99.2,-2.105440624,106.58845520019533,142.6534881591797,53.42063903808594,0.9017171263694764,205.5404583220621,3.7675208280917065,1.4615208338137524,-1.1624790002469165,2.623999834060669,11.094827323124328,normal
2019-07-17,63.65999984741211,6.87529993057251,1.121227145195007,4.760000228881836,2.303999900817871,10.989999771118164,,2.53,81.57,652.27,2155.3,,19.4,1.2,0.0,0.0,2471.0,102.4375,99.2,-2.105440624,106.58845520019533,142.6534881591797,53.42063903808594,0.9017171263694764,205.5404583220621,3.611307293682147,1.307307392864276,-1.1486929351996888,2.456000328063965,10.97586204265726,normal
2019-07-18,61.93000030517578,6.872799873352051,1.12296462059021,4.690000057220459,2.2869999408721924,10.734999656677246,,2.44,81.73,653.55,2140.2,,31.6,1.5,0.0,0.0,2533.0,102.4375,99.2,-2.105440624,106.58845520019533,142.6534881591797,53.42063903808594,0.9017171263694764,205.5404583220621,3.5329807148876067,1.2459807740154143,-1.1570193423328523,2.4030001163482666,10.677586259513067,normal
2019-07-19,62.470001220703125,6.879099845886231,1.1261515617370603,4.715000152587891,2.250999927520752,10.8149995803833,,2.38,81.92,655.09,2130.3,,29.6,2.2,0.0,0.0,2533.0,102.4375,99.2,-2.105440624,106.58845520019533,142.6534881591797,53.42063903808594,0.9017171263694764,205.5404583220621,3.5694105950032258,1.3184106674824738,-1.1455895575846649,2.4640002250671387,10.77068986563847,normal
2019-07-22,63.2599983215332,6.881100177764893,1.1218308210372925,4.534999847412109,2.312000036239624,10.15999984741211,,2.3,82.68,661.31,1593.1,,9.9,0.6,0.0,0.0,2533.0,102.4375,99.2,-2.105440624,106.58845520019533,142.6534881591797,53.42063903808594,0.9017171263694764,205.5404583220621,3.3403673268274727,1.0283672905878487,-1.1946325205846366,2.2229998111724854,10.90689626233331,normal
2019-07-23,63.83000183105469,6.880099773406982,1.1206114292144775,4.525000095367432,2.299999952316284,10.75,,2.33,82.88,662.95,2061.5,,22.1,0.0,0.0,0.0,2533.0,102.4375,99.2,-2.105440624,106.58845520019533,142.6534881591797,53.42063903808594,0.9017171263694764,205.5404583220621,3.530503690955129,1.2305037386388449,-0.9944964044123026,2.2250001430511475,11.005172729492188,normal
2019-07-24,63.18000030517578,6.878300189971924,1.11512553691864,4.449999809265137,2.220000028610229,10.074999809265137,,2.34,83.13,664.93,2239.5,,15.9,0.0,0.0,0.0,2533.0,102.4375,99.2,-2.105440624,106.58845520019533,142.6534881591797,53.42063903808594,0.9017171263694764,205.5404583220621,3.2926226859865015,1.0726226573762725,-1.1573771232786352,2.2299997806549077,10.893103500892376,normal
2019-07-25,63.38999938964844,6.871500015258789,1.1142433881759644,4.445000171661377,2.24399995803833,10.024999618530272,,2.33,83.32,666.52,2300.3,,34.7,0.0,0.0,0.0,2569.0,102.4375,99.2,-2.105440624,106.58845520019533,142.6534881591797,53.42063903808594,0.9017171263694764,205.5404583220621,3.273690276897759,1.029690318859429,-1.1713098947636178,2.201000213623047,10.929310239594558,normal
2019-07-26,63.459999084472656,6.871600151062012,1.1146159172058103,4.380000114440918,2.1689999103546143,9.96500015258789,,2.26,83.54,668.22,2353.8,,33.8,0.0,0.0,0.0,2569.0,102.4375,99.2,-2.105440624,106.58845520019533,142.6534881591797,53.42063903808594,0.9017171263694764,205.5404583220621,3.255185245925663,1.0861853355710487,-1.124814868515255,2.2110002040863037,10.941379152495285,normal
2019-07-29,63.709999084472656,6.878200054168701,1.1132138967514038,4.324999809265137,2.1410000324249268,9.8100004196167,,2.23,84.53,674.6,1925.9,,35.9,0.0,0.0,0.0,2569.0,102.4375,99.2,-2.105440624,106.58845520019533,142.6534881591797,53.42063903808594,0.9017171263694764,205.5404583220621,3.2005218995276903,1.0595218671027635,-1.1244779097374464,2.18399977684021,10.984482600771148,normal
2019-07-30,64.72000122070312,6.892399787902832,1.1143054962158203,4.28000020980835,2.13700008392334,9.789999961853027,,2.23,84.79,676.58,2116.4,,23.7,0.0,0.0,0.0,2569.0,102.4375,99.2,-2.105440624,106.58845520019533,142.6534881591797,53.42063903808594,0.9017171263694764,205.5404583220621,3.1971287126101213,1.0601286286867815,-1.0828714971982283,2.1430001258850098,11.158620900121228,normal
2019-07-31,65.16999816894531,6.883600234985352,1.1157974004745483,4.275000095367432,2.2330000400543213,11.0,,2.22,85.05,678.81,2071.2000000000003,,50.0,0.0,0.0,0.0,2569.0,102.4375,99.2,-2.105440624,106.58845520019533,142.6534881591797,53.42063903808594,0.9017171263694764,205.5404583220621,3.5970890424249977,1.3640890023706764,-0.6779110529424339,2.0420000553131104,11.23620658085264,normal
2019-08-01,60.5,6.883399963378906,1.107174515724182,4.289999961853027,2.20199990272522,12.359999656677246,,2.28,85.39,681.59,2090.2000000000003,,53.4,0.0,0.0,0.0,2634.0,102.4375,99.2,-2.105440624,106.58845520019533,142.6534881591797,53.42063903808594,0.9017171263694764,205.5404583220621,4.010584745711689,1.8085848429864693,-0.2794152161413379,2.088000059127807,10.431034482758621,normal
2019-08-02,61.88999938964844,6.897799968719482,1.1078859567642212,4.275000095367432,2.121000051498413,12.015000343322754,,2.36,85.52,682.79,1953.7000000000005,,33.5,0.0,0.0,0.0,2634.0,102.4375,99.2,-2.105440624,106.58845520019533,142.6534881591797,53.42063903808594,0.9017171263694764,205.5404583220621,3.9011441942254934,1.7801441427270803,-0.37385590114193823,2.1540000438690186,10.670689549939386,normal
2019-08-05,59.810001373291016,6.939199924468994,1.1108025312423706,4.304999828338623,2.069999933242798,11.46500015258789,,2.12,86.49,690.49,1578.1,,27.9,0.2,0.0,0.0,2634.0,102.4375,99.2,-2.105440624,106.58845520019533,142.6534881591797,53.42063903808594,0.9017171263694764,229.7369418913921,3.7323647887216804,1.6623648554788826,-0.5726350396169426,2.234999895095825,10.312069202291555,normal
2019-08-06,58.93999862670898,7.049699783325195,1.1243788003921509,4.304999828338623,2.111000061035156,10.949999809265137,,2.02,86.74,692.7,1914.2,,23.0,0.0,0.0,0.0,2634.0,102.4375,99.2,-2.105440624,106.58845520019533,142.6534881591797,53.42063903808594,0.9017171263694764,229.7369418913921,3.6082774006447025,1.4972773396095467,-0.6967224276939206,2.1939997673034672,10.162068728742927,normal
2019-08-07,56.22999954223633,7.025599956512451,1.1206992864608765,4.315000057220459,2.0829999446868896,11.40999984741211,,2.15,87.01,694.88,1910.7,,18.6,0.1,0.0,0.0,2634.0,102.4375,99.2,-2.105440624,106.58845520019533,142.6534881591797,53.42063903808594,0.9017171263694764,229.7369418913921,3.747553936096837,1.6645539914099472,-0.5674461211236221,2.2320001125335693,9.694827507282126,normal
2019-08-08,57.380001068115234,7.059100151062012,1.12043559551239,4.315000057220459,2.128000020980835,12.074999809265137,,2.18,87.32,697.32,1905.6,,22.4,0.4,0.0,0.0,2689.0,102.4375,99.2,-2.105440624,106.58845520019533,142.6534881591797,53.42063903808594,0.9017171263694764,229.7369418913921,3.9650364879829016,1.8370364670020667,-0.34996356923755734,2.187000036239624,9.893103632433661,normal
2019-08-09,58.52999877929688,7.044300079345703,1.1187183856964111,4.315000057220459,2.11899995803833,12.024999618530272,,2.13,88.17,699.75,1917.4,,15.0,0.0,0.0,0.0,2689.0,102.4375,99.2,-2.105440624,106.58845520019533,142.6534881591797,53.42063903808594,0.9017171263694764,229.7369418913921,3.942566296002551,1.823566337964221,-0.37243376121790783,2.196000099182129,10.091379099878774,normal
2019-08-12,58.56999969482422,7.061500072479248,1.1208499670028689,4.315000057220459,2.1050000190734863,11.420000076293944,,2.09,89.3,708.72,1364.1,,35.2,0.0,0.0,0.0,2689.0,102.4375,99.2,-2.105440624,93.52125549316406,126.93077850341795,47.41885757446289,0.8008140921592712,229.7369418913921,3.751342766910744,1.6463427478372576,-0.563657290309715,2.2100000381469727,10.098275809452451,normal
2019-08-13,61.29999923706055,7.057199954986572,1.1218308210372925,4.315000057220459,2.1470000743865967,11.859999656677246,,2.21,89.6,711.02,1667.6000000000004,,38.9,0.0,0.0,0.0,2689.0,102.4375,99.2,-2.105440624,93.52125549316406,126.93077850341795,47.41885757446289,0.8008140921592712,229.7369418913921,3.8992870023950488,1.752286928008452,-0.4157130548254102,2.1679999828338623,10.568965385700094,normal
2019-08-14,59.47999954223633,7.0335001945495605,1.1177055835723877,4.320000171661377,2.1429998874664307,11.18000030517578,,2.24,89.84,712.99,1713.0,,30.6,0.0,0.0,0.0,2689.0,102.4375,99.2,-2.105440624,93.52125549316406,126.93077850341795,47.41885757446289,0.8008140921592712,229.7369418913921,3.6622028303164487,1.519202942850018,-0.6577973413449283,2.1770002841949463,10.255172334868332,normal
2019-08-15,58.22999954223633,7.023499965667725,1.1143302917480469,4.320000171661377,2.2320001125335693,11.225000381469728,,2.22,90.13,715.24,1769.3,,61.0,0.0,0.0,0.0,2738.0,101.9408,98.9,0.8102573262,93.52125549316406,126.93077850341795,47.41885757446289,0.8008140921592712,229.7369418913921,3.665839605044078,1.4338394925105087,-0.6541605666172989,2.0880000591278076,10.039655093489023,normal
2019-08-16,58.63999938964844,7.02400016784668,1.1113580465316772,4.724999904632568,2.200000047683716,10.954999923706056,,2.19,90.47,717.94,1604.0,,52.5,0.0,0.0,0.0,2738.0,101.9408,98.9,0.8102573262,93.52125549316406,126.93077850341795,47.41885757446289,0.8008140921592712,229.7369418913921,3.56812068524874,1.3681206375650241,-1.1568792193838284,2.5249998569488525,10.11034472235318,normal
2019-08-19,59.7400016784668,7.041900157928467,1.109385371208191,4.679999828338623,2.2100000381469727,10.78499984741211,,2.2,91.59,726.89,1605.3000000000002,,29.0,2.4,0.0,0.0,2738.0,101.9408,98.9,0.8102573262,93.52125549316406,126.93077850341795,47.41885757446289,0.8008140921592712,229.7369418913921,3.5065152834296263,1.2965152452826536,-1.1734845449089968,2.4699997901916504,10.300000289390827,normal
2019-08-20,60.02999877929688,7.049799919128418,1.1083157062530518,4.699999809265137,2.2179999351501465,11.21500015258789,,2.26,92.0,729.98,1977.1,,42.1,0.7,0.0,0.0,2738.0,101.9408,98.9,0.8102573262,93.52125549316406,126.93077850341795,47.41885757446289,0.8008140921592712,229.7369418913921,3.642805047490294,1.4248051123401475,-1.0571947617748427,2.4819998741149902,10.349999789533946,normal
2019-08-21,60.29999923706055,7.059599876403809,1.1097793579101562,4.695000171661377,2.1700000762939453,11.414999961853027,,2.35,92.31,732.44,1945.2000000000005,,29.9,0.7,0.0,0.0,2738.0,101.9408,98.9,0.8102573262,93.52125549316406,126.93077850341795,47.41885757446289,0.8008140921592712,229.7369418913921,3.712664582405678,1.5426645061117328,-0.9823355892556989,2.5250000953674316,10.396551592596646,normal
2019-08-22,59.91999816894531,7.062399864196777,1.10907781124115,4.590000152587891,2.1589999198913574,10.989999771118164,,2.31,92.6,734.88,2011.1,,41.0,0.0,0.0,0.0,2797.0,101.9408,98.9,0.8102573262,93.52125549316406,126.93077850341795,47.41885757446289,0.8008140921592712,229.7369418913921,3.5721760806099607,1.4131761607186033,-1.01782407197793,2.431000232696533,10.331034167059537,normal
2019-08-23,59.34000015258789,7.082699775695801,1.108401656150818,4.570000171661377,2.1519999504089355,10.585000038146973,,2.28,92.9,737.29,1962.7,,32.2,1.3,0.0,0.0,2797.0,101.9408,98.9,0.8102573262,93.52125549316406,126.93077850341795,47.41885757446289,0.8008140921592712,229.7369418913921,3.438437922429495,1.2864379720205594,-1.131562249231882,2.4180002212524414,10.231034509066879,normal
2019-08-26,58.70000076293945,7.09499979019165,1.1143054962158203,4.570000171661377,2.2300000190734863,10.3149995803833,,2.15,93.51,742.99,1826.1,,21.8,1.7,0.0,0.0,2797.0,101.9408,98.9,0.8102573262,93.52125549316406,126.93077850341795,47.41885757446289,0.8008140921592712,229.7369418913921,3.3685782898371674,1.1385782707636811,-1.2014218818242095,2.3400001525878906,10.1206897867137,normal
2019-08-27,59.5099983215332,7.150300025939941,1.1103708744049072,4.559999942779541,2.20199990272522,10.06999969482422,,2.23,93.5,744.69,2048.2,,29.1,1.9,0.0,0.0,2797.0,101.9408,98.9,0.8102573262,93.52125549316406,126.93077850341795,47.41885757446289,0.8008140921592712,229.7369418913921,3.2769565042463435,1.0749566015211234,-1.2830434385331975,2.358000040054321,10.26034453819538,normal
2019-08-28,60.4900016784668,7.161399841308594,1.109004020690918,4.574999809265137,2.250999927520752,10.234999656677246,,2.24,93.67,745.98,2136.0,,19.9,0.0,0.0,0.0,2797.0,101.9408,98.9,0.8102573262,93.52125549316406,126.93077850341795,47.41885757446289,0.8008140921592712,229.7369418913921,3.3265504261329344,1.0755504986121824,-1.2484493831322023,2.3239998817443848,10.429310634218414,normal
2019-08-29,61.08000183105469,7.155300140380859,1.1085859537124634,4.650000095367432,2.2960000038146973,10.71500015258789,,2.24,93.8,747.08,2146.5,,32.8,0.0,0.0,0.0,2857.0,101.9408,98.9,0.8102573262,93.52125549316406,126.93077850341795,47.41885757446289,0.8008140921592712,229.7369418913921,3.4812459814620262,1.185245977647329,-1.1687541139054054,2.3540000915527344,10.531034798457705,normal
2019-08-30,60.43000030517578,7.143599987030029,1.1061947345733645,4.670000076293945,2.2850000858306885,12.795000076293944,,2.36,93.92,748.27,2166.9,,25.8,0.0,0.0,0.0,2857.0,101.9408,98.9,0.8102573262,93.52125549316406,126.93077850341795,47.41885757446289,0.8008140921592712,229.7369418913921,4.148060077623473,1.8630599917927846,-0.5219399986704722,2.384999990463257,10.418965569857894,normal
2019-09-02,60.43000030517578,7.155700206756592,1.099178910255432,4.670000076293945,2.2850000858306885,12.795000076293944,,2.33,94.63,753.89,1774.6,,18.1,0.0,0.0,0.0,2857.0,101.9408,98.9,0.8102573262,93.52125549316406,126.93077850341795,47.41885757446289,0.8008140921592712,229.7369418913921,4.121751815745821,1.8367517299151324,-0.5482482605481245,2.384999990463257,10.418965569857894,normal
2019-09-03,58.2599983215332,7.171000003814697,1.0968520641326904,4.559999942779541,2.3580000400543213,12.100000381469728,,2.33,94.79,755.24,2145.0,,21.0,0.0,0.0,0.0,2857.0,101.9408,98.9,0.8102573262,93.52125549316406,126.93077850341795,47.41885757446289,0.8008140921592712,229.7369418913921,3.889614844180313,1.5316148041259918,-0.6703850985992279,2.2019999027252197,10.04482729681607,normal
2019-09-04,60.70000076293945,7.177999973297119,1.0974539518356323,4.449999809265137,2.444999933242798,11.960000038146973,,2.39,94.96,756.61,2209.2000000000003,,23.1,1.3,0.0,0.0,2857.0,101.9408,98.9,0.8102573262,93.52125549316406,126.93077850341795,47.41885757446289,0.8008140921592712,229.7369418913921,3.846720622781805,1.4017206895390073,-0.6032791864833316,2.004999876022339,10.465517372920596,normal
2019-09-05,60.95000076293945,7.145100116729736,1.10349702835083,4.474999904632568,2.434999942779541,12.234999656677246,,2.48,95.11,757.77,2223.1,,20.2,0.0,0.0,0.0,2941.0,101.9408,98.9,0.8102573262,93.52125549316406,126.93077850341795,47.41885757446289,0.8008140921592712,277.0424529904932,3.956838161100297,1.521838218320756,-0.5181617435322714,2.0399999618530273,10.508620821196457,normal
2019-09-06,61.540000915527344,7.14769983291626,1.1036310195922852,4.474999904632568,2.496000051498413,12.350000381469728,,2.49,95.24,758.84,2044.8,,29.2,1.9,0.0,0.0,2941.0,101.9408,98.9,0.8102573262,93.52125549316406,126.93077850341795,47.41885757446289,0.8008140921592712,277.0424529904932,3.9945147364898705,1.4985146849914575,-0.4804851681426978,1.9789998531341553,10.610344985435749,normal
2019-09-09,62.59000015258789,7.114699840545654,1.1020619869232178,4.505000114440918,2.5850000381469727,12.234999656677246,,2.49,95.59,761.81,1680.8000000000002,,44.0,2.5,0.0,0.0,2941.0,101.9408,98.9,0.8102573262,93.52125549316406,126.93077850341795,47.41885757446289,0.8008140921592712,277.0424529904932,3.9516924955138455,1.3666924573668728,-0.5533076189270725,1.9200000762939453,10.791379336653085,normal
2019-09-10,62.380001068115234,7.121099948883057,1.1048381328582764,4.525000095367432,2.5799999237060547,14.404999732971191,,2.65,95.66,762.61,1862.2,,48.7,4.4,0.6,0.0,2941.0,101.9408,98.9,0.8102573262,103.4044189453125,124.72541809082033,70.09744262695312,0.8362091779708862,277.0424529904932,4.664284879518385,2.08428495581233,0.13928478415095302,1.945000171661377,10.755172597950903,normal
2019-09-11,60.810001373291016,7.111700057983398,1.1050333976745603,4.570000171661377,2.552000045776367,14.354999542236328,,2.67,95.78,763.55,1712.6,,46.6,4.1,0.0,0.0,2941.0,101.9408,98.9,0.8102573262,103.4044189453125,124.72541809082033,70.09744262695312,0.8362091779708862,277.0424529904932,4.648916491636969,2.096916445860602,0.07891631997559223,2.0180001258850098,10.484482995395004,normal
2019-09-12,60.380001068115234,7.115799903869629,1.101345777511597,4.570000171661377,2.5739998817443848,14.46500015258789,,2.63,95.91,764.68,1802.6,,24.6,4.1,0.0,0.0,3019.0,101.9408,98.9,0.8102573262,103.4044189453125,124.72541809082033,70.09744262695312,0.8362091779708862,277.0424529904932,4.668907735250394,2.094907853506009,0.09890756358901687,1.9960002899169922,10.410345011744006,normal
2019-09-13,60.220001220703125,7.078400135040283,1.1058276891708374,4.585000038146973,2.614000082015991,14.710000038146973,,2.62,96.07,765.94,1866.6,,13.4,4.7,0.0,0.0,3019.0,101.9408,98.9,0.8102573262,103.4044189453125,124.72541809082033,70.09744262695312,0.8362091779708862,277.0424529904932,4.767308888230552,2.153308806214561,0.18230885008357944,1.9709999561309814,10.382758831155712,normal
2019-09-16,69.0199966430664,7.078400135040283,1.1083402633666992,6.534999847412109,2.680999994277954,15.335000038146973,,2.61,96.6,770.17,1469.1,,44.4,2.7,0.0,0.0,3019.0,102.639,99.4,-1.9932312778,103.4044189453125,124.72541809082033,70.09744262695312,0.8362091779708862,277.0424529904932,4.981154929460151,2.3001549351821966,-1.5538449179519587,3.8539998531341553,11.899999421218347,normal
2019-09-17,64.55000305175781,7.066400051116943,1.100594401359558,6.135000228881836,2.6679999828338623,13.4399995803833,,2.75,96.79,771.79,1929.3,,37.9,0.8,0.0,0.0,3019.0,102.639,99.4,-1.9932312778,103.4044189453125,124.72541809082033,70.09744262695312,0.8362091779708862,277.0424529904932,4.335105913721205,1.6671059308873426,-1.799894315160631,3.4670002460479736,11.129310870992727,normal
2019-09-18,63.59999847412109,7.09089994430542,1.1074687242507937,5.894999980926514,2.63700008392334,12.4350004196167,10.130000114440918,2.7,96.92,772.77,1846.0,,30.6,1.0,0.0,0.0,3019.0,102.639,99.4,-1.9932312778,103.4044189453125,124.72541809082033,70.09744262695312,0.8362091779708862,277.0424529904932,4.0359932625188275,1.3989931785954877,-1.8590067184076862,3.257999897003174,10.965516978296739,normal
2019-09-19,64.4000015258789,7.085000038146973,1.1031439304351809,5.824999809265137,2.5380001068115234,12.255000114440918,10.130000114440918,2.72,97.01,773.54,1812.7,,21.3,4.1,0.0,0.0,3103.0,102.639,99.4,-1.9932312778,103.4044189453125,124.72541809082033,70.09744262695312,0.8362091779708862,277.0424529904932,3.962038191201987,1.4240380843904634,-1.8629616180631499,3.2869997024536133,11.10344853894464,normal
2019-09-20,64.27999877929688,7.095600128173828,1.1048502922058103,5.994999885559082,2.5339999198913574,12.710000038146973,10.614999771118164,2.65,97.03,773.79,1649.4,,43.7,2.2,0.0,0.0,3103.0,102.639,99.4,-1.9932312778,103.4044189453125,124.72541809082033,70.09744262695312,0.8362091779708862,277.0424529904932,4.115495629160158,1.5814957092688005,-1.8795042563989242,3.4609999656677246,11.0827584102236,normal
2019-09-23,64.7699966430664,7.09060001373291,1.1019041538238523,5.75,2.5269999504089355,12.244999885559082,10.30500030517578,2.34,97.42,776.93,1268.8,,41.8,6.0,0.0,1.4,3103.0,102.639,99.4,-1.9932312778,103.4044189453125,124.72541809082033,70.09744262695312,0.8362091779708862,277.0424529904932,3.954355986996474,1.4273560365875384,-1.795644013003526,3.2230000495910645,11.167240800528692,normal
2019-09-24,63.09999847412109,7.117599964141846,1.0993722677230835,5.690000057220459,2.503000020980835,12.34000015258789,10.204999923706056,2.55,97.51,777.67,1478.1,,22.6,5.6,0.0,0.6,3103.0,102.639,99.4,-1.9932312778,103.4044189453125,124.72541809082033,70.09744262695312,0.8362091779708862,277.0424529904932,3.9758784667257925,1.4728784457449575,-1.7141215904946665,3.187000036239624,10.879310081745015,normal
2019-09-25,62.38999938964844,7.115499973297119,1.1016855239868164,5.599999904632568,2.502000093460083,11.949999809265137,10.06999969482422,2.55,97.63,778.6,1507.2,,17.5,6.0,0.0,0.0,3103.0,102.639,99.4,-1.9932312778,103.4044189453125,124.72541809082033,70.09744262695312,0.8362091779708862,277.0424529904932,3.8583240434192674,1.3563239499591844,-1.741675861213301,3.0979998111724854,10.75689644649111,normal
2019-09-26,62.7400016784668,7.130799770355225,1.0952903032302856,5.704999923706055,2.427999973297119,12.045000076293944,10.25,2.54,97.65,778.76,1768.3000000000002,,21.1,2.7,0.0,0.0,3205.0,102.639,99.4,-1.9932312778,103.4044189453125,124.72541809082033,70.09744262695312,0.8362091779708862,277.0424529904932,3.8664215964095283,1.4384216231124092,-1.8385783272965264,3.2769999504089355,10.817241668701172,normal
2019-09-27,61.90999984741211,7.1315999031066895,1.0922753810882568,5.75,2.4040000438690186,11.9399995803833,10.25,2.57,97.72,779.33,1484.6,,35.2,0.1,0.0,1.1,3205.0,102.639,99.4,-1.9932312778,103.4044189453125,124.72541809082033,70.09744262695312,0.8362091779708862,277.0424529904932,3.8221666144580224,1.4181665705890039,-1.9278333855419776,3.3459999561309814,10.674137904726226,normal
2019-09-30,60.77999877929688,7.121799945831299,1.0942714214324951,5.690000057220459,2.3299999237060547,16.389999389648438,9.869999885559082,2.41,98.27,783.72,1276.1,,23.4,2.5,0.0,0.0,3205.0,102.639,99.4,-1.9932312778,103.4044189453125,124.72541809082033,70.09744262695312,0.8362091779708862,277.0424529904932,5.256263790286543,2.926263866580488,-0.4337362669339164,3.3600001335144043,10.479310134361532,normal
2019-10-01,58.88999938964844,7.147500038146973,1.0899657011032104,5.760000228881836,2.282999992370605,16.760000228881836,10.024999618530272,2.37,98.38,784.67,1828.6,,41.1,2.1,0.0,0.0,3205.0,102.639,99.4,-1.9932312778,103.4044189453125,124.72541809082033,70.09744262695312,0.8362091779708862,277.0424529904932,5.353773702123347,3.0707737097527423,-0.4062265267584886,3.477000236511231,10.15344817062904,normal
2019-10-02,57.68999862670898,7.14739990234375,1.0934937000274658,5.704999923706055,2.246999979019165,16.0049991607666,9.6899995803833,2.36,98.43,785.46,1785.6,,42.5,2.9,0.2,0.0,3205.0,102.639,99.4,-1.9932312778,103.4044189453125,124.72541809082033,70.09744262695312,0.8362091779708862,277.0424529904932,5.129146445117479,2.8821464660983143,-0.5758534785885754,3.4579999446868896,9.946551487363617,normal
2019-10-03,57.709999084472656,7.147600173950195,1.0963709354400637,5.75,2.3289999961853027,16.010000228881836,9.6899995803833,2.36,98.47,785.86,1829.1,,52.5,2.8,0.0,0.0,3317.0,102.639,99.4,-1.9932312778,103.4044189453125,124.72541809082033,70.09744262695312,0.8362091779708862,277.0424529904932,5.144249335412619,2.815249339227316,-0.6057506645873811,3.4210000038146973,9.949999842150458,normal
2019-10-04,58.369998931884766,7.147500038146973,1.0975382328033447,5.724999904632568,2.351999998092652,15.770000457763672,9.1899995803833,2.31,98.47,785.81,1561.1,,42.6,3.0,1.3,0.0,3317.0,102.639,99.4,-1.9932312778,103.4044189453125,124.72541809082033,70.09744262695312,0.8362091779708862,277.0424529904932,5.0725288041293375,2.7205288060366857,-0.6524711005032309,3.3729999065399165,10.063792919290478,normal
2019-10-07,58.34999847412109,7.14739990234375,1.098659634590149,5.75,2.302999973297119,15.505000114440918,9.375,2.25,98.62,787.06,1289.6,,42.2,6.9,0.0,0.0,3317.0,102.639,99.4,-1.9932312778,103.4044189453125,124.72541809082033,70.09744262695312,0.8362091779708862,245.1405571912844,4.99238535348839,2.689385380191271,-0.7576146465116098,3.447000026702881,10.060344564503636,normal
2019-10-08,58.2400016784668,7.14739990234375,1.0972130298614502,5.800000190734863,2.2880001068115234,15.640000343322754,9.375,2.36,98.59,786.85,1619.6999999999998,,15.0,6.5,0.3,0.0,3317.0,102.639,99.4,-1.9932312778,103.4044189453125,124.72541809082033,70.09744262695312,0.8362091779708862,245.1405571912844,5.029222764520588,2.7412226577090646,-0.7707774262142753,3.51200008392334,10.041379599735654,normal
2019-10-09,58.31999969482422,7.143499851226807,1.0960105657577517,5.795000076293945,2.233999967575073,15.574999809265137,9.375,2.29,98.56,786.66,1574.1,,31.1,7.7,5.3,0.0,3317.0,102.639,99.4,-1.9932312778,103.4044189453125,124.72541809082033,70.09744262695312,0.8362091779708862,245.1405571912844,5.0028323435232895,2.7688323759482167,-0.7921677327706558,3.5610001087188725,10.05517236117659,normal
2019-10-10,59.09999847412109,7.131400108337402,1.098780393600464,5.820000171661377,2.2179999351501465,15.850000381469728,9.329999923706056,2.26,98.51,786.26,1590.0,,31.1,8.3,4.7,2.1,3415.0,102.639,99.4,-1.9932312778,103.4044189453125,124.72541809082033,70.09744262695312,0.8362091779708862,245.1405571912844,5.104031387258089,2.886031452107942,-0.7159687844032883,3.6020002365112305,10.189654909331223,normal
2019-10-11,60.5099983215332,7.115499973297119,1.1011033058166504,5.820000171661377,2.21399998664856,16.135000228881836,9.8100004196167,2.26,98.05,792.4,1664.7,,44.2,8.8,2.6,1.0,3415.0,102.639,99.4,-1.9932312778,90.36798858642578,110.8709487915039,67.81023406982422,0.5801851153373718,245.1405571912844,5.206791659009947,2.992791672361387,-0.61320851265143,3.606000185012817,10.432758331298828,normal
2019-10-14,59.34999847412109,7.087200164794922,1.1030004024505615,5.824999809265137,2.2799999713897705,16.040000915527344,9.654999732971191,2.13,98.37,795.03,1409.7,,45.0,6.6,2.7,5.7,3415.0,102.639,99.4,-1.9932312778,90.36798858642578,110.8709487915039,67.81023406982422,0.5801851153373718,245.1405571912844,5.185053211513606,2.905053240123835,-0.6399465977515311,3.544999837875366,10.232758357607084,normal
2019-10-15,58.7400016784668,7.066599845886231,1.1029006242752075,5.824999809265137,2.33899998664856,16.065000534057617,10.300000190734863,2.13,98.43,795.49,1874.0,,49.7,5.6,1.4,4.8,3415.0,102.639,99.4,-1.9932312778,90.36798858642578,110.8709487915039,67.81023406982422,0.5801851153373718,245.1405571912844,5.192664755254382,2.8536647686058223,-0.6323350540107544,3.4859998226165767,10.127586496287378,normal
2019-10-16,59.41999816894531,7.08080005645752,1.1034727096557615,6.989999771118164,2.302999973297119,16.075000762939453,10.300000190734863,2.29,98.47,795.89,1826.1,,65.6,3.5,2.2,1.0,3415.0,102.2917,99.2,1.997121268,90.36798858642578,110.8709487915039,67.81023406982422,0.5801851153373718,245.1405571912844,5.1985922762838666,2.8955923029867474,-1.7914074948342975,4.686999797821045,10.244827270507812,normal
2019-10-17,59.90999984741211,7.092700004577637,1.107493281364441,7.039999961853027,2.318000078201294,16.024999618530273,10.425000190734863,2.44,98.41,796.06,1906.8,,41.5,5.5,11.9,3.0,3519.0,102.2917,99.2,1.997121268,90.36798858642578,110.8709487915039,67.81023406982422,0.5801851153373718,245.1405571912844,5.201304580524248,2.8833045023229538,-1.8386953813287796,4.721999883651733,10.32931031851933,normal
2019-10-18,59.41999816894531,7.076399803161621,1.1127183437347412,6.925000190734863,2.319999933242798,15.96500015258789,10.350000381469728,2.29,98.42,796.25,1820.5,,39.6,2.2,9.9,3.2,3519.0,102.2917,99.2,1.997121268,90.36798858642578,110.8709487915039,67.81023406982422,0.5801851153373718,245.1405571912844,5.206277739926406,2.8862778066836086,-1.7187224508084569,4.605000257492065,10.244827270507812,normal
2019-10-21,58.959999084472656,7.080699920654297,1.1155734062194824,6.855000019073486,2.23799991607666,15.609999656677246,10.364999771118164,2.08,98.41,796.13,1553.4,,32.4,4.8,8.4,5.3,3519.0,102.2917,99.2,1.997121268,90.36798858642578,110.8709487915039,67.81023406982422,0.5801851153373718,245.1405571912844,5.103571508813937,2.865571592737277,-1.751428510259549,4.617000102996826,10.16551708352977,normal
2019-10-22,59.70000076293945,7.066299915313721,1.1151753664016724,6.730000019073486,2.2720000743865967,15.595000267028809,10.265000343322754,2.13,98.41,796.17,1765.1,,28.0,5.0,9.8,4.8,3519.0,102.2917,99.2,1.997121268,90.36798858642578,110.8709487915039,67.81023406982422,0.5801851153373718,245.1405571912844,5.0968483523003245,2.824848277913728,-1.6331516667731618,4.45799994468689,10.293103579817148,normal
2019-10-23,61.16999816894531,7.076200008392334,1.112928867340088,6.614999771118164,2.282000064849853,15.414999961853027,10.265000343322754,2.21,98.41,796.14,1794.2,,50.8,5.6,9.5,3.5,3519.0,102.2917,99.2,1.997121268,90.36798858642578,110.8709487915039,67.81023406982422,0.5801851153373718,245.1405571912844,5.027870617147182,2.7458705522973292,-1.5871291539709818,4.3329997062683105,10.546551408438848,normal
2019-10-24,61.66999816894531,7.064599990844727,1.1132385730743408,6.570000171661377,2.315999984741211,15.654999732971191,10.265000343322754,2.34,98.39,796.04,1818.8,,44.7,6.0,6.0,4.0,3606.0,102.2917,99.2,1.997121268,90.36798858642578,110.8709487915039,67.81023406982422,0.5801851153373718,245.1405571912844,5.107571660076092,2.7915716753348807,-1.4624285115852853,4.254000186920166,10.632758304990572,normal
2019-10-25,62.02000045776367,7.0680999755859375,1.1103955507278442,6.440000057220459,2.299999952316284,15.234999656677246,10.265000343322754,2.33,98.44,796.44,1782.7,,21.2,6.7,6.1,5.0,3606.0,102.2917,99.2,1.997121268,90.36798858642578,110.8709487915039,67.81023406982422,0.5801851153373718,245.1405571912844,4.957849277613066,2.657849325296782,-1.4821507796073927,4.140000104904175,10.693103527200634,normal
2019-10-28,61.56999969482422,7.064700126647949,1.108426213264465,6.324999809265137,2.446000099182129,14.390000343322754,10.265000343322754,2.26,98.68,798.37,1442.5,,24.4,7.4,8.8,2.6,3606.0,102.2917,99.2,1.997121268,90.36798858642578,110.8709487915039,67.81023406982422,0.5801851153373718,245.1405571912844,4.674560126320606,2.228560027138477,-1.6504396829445307,3.878999710083008,10.615517188762796,normal
2019-10-29,61.59000015258789,7.06689977645874,1.1099148988723757,6.300000190734863,2.5969998836517334,13.835000038146973,10.265000343322754,2.49,98.67,798.28,2059.6,,37.3,3.8,9.2,2.5,3606.0,102.2917,99.2,1.997121268,90.36798858642578,110.8709487915039,67.81023406982422,0.5801851153373718,245.1405571912844,4.5003055760429564,1.903305692391223,-1.7996946146919068,3.70300030708313,10.618965543549637,normal
2019-10-30,60.61000061035156,7.064899921417236,1.1114816665649414,6.15500020980835,2.690999984741211,13.779999732971191,10.265000343322754,2.61,98.56,797.44,2010.3,,52.1,4.5,10.5,4.7,3606.0,102.2917,99.2,1.997121268,90.36798858642578,110.8709487915039,67.81023406982422,0.5801851153373718,245.1405571912844,4.488742275659049,1.7977422909178378,-1.666257934149301,3.4640002250671387,10.450000105233029,normal
2019-10-31,60.22999954223633,7.054399967193604,1.1154489517211914,6.239999771118164,2.632999897003174,16.135000228881836,10.255000114440918,2.71,98.44,796.55,2316.0,,66.8,1.8,11.2,9.6,3695.0,102.2917,99.2,1.997121268,90.36798858642578,110.8709487915039,67.81023406982422,0.5801851153373718,245.1405571912844,5.274627972863783,2.641628075860609,-0.965371798254381,3.6069998741149902,10.38448267969592,normal
2019-11-01,61.68999862670898,7.0381999015808105,1.1157102584838867,6.324999809265137,2.71399998664856,16.174999237060547,10.255000114440918,2.73,98.23,794.82,2299.8,,54.3,7.5,8.3,8.5,3695.0,102.2917,99.2,1.997121268,90.36798858642578,110.8709487915039,67.81023406982422,0.5801851153373718,245.1405571912844,5.288942593140227,2.574942606491667,-1.0360572161249095,3.6109998226165767,10.636206659777411,normal
2019-11-04,62.130001068115234,7.036399841308594,1.1166571378707886,6.300000190734863,2.821000099182129,16.479999542236328,10.255000114440918,2.54,98.56,797.48,2103.9,,16.8,12.7,13.8,8.2,3695.0,102.2917,99.2,1.997121268,90.36798858642578,110.8709487915039,67.81023406982422,0.5801851153373718,245.1405571912844,5.393245623258578,2.5722455240764495,-0.9067545674762849,3.4790000915527344,10.71206914967504,normal
2019-11-05,62.959999084472656,7.029399871826172,1.1128545999526978,6.215000152587891,2.861999988555908,16.790000915527344,10.255000114440918,2.77,98.6,797.81,2583.4,,23.7,14.2,15.0,4.1,3695.0,102.2917,99.2,1.997121268,90.36798858642578,110.8709487915039,67.81023406982422,0.5801851153373718,250.5658890940043,5.475985672350669,2.613985683794761,-0.7390144802372216,3.3530001640319824,10.855172255943561,normal
2019-11-06,61.7400016784668,7.008800029754639,1.107419729232788,6.15500020980835,2.828000068664551,16.280000686645508,10.255000114440918,2.77,98.56,797.61,2663.9,,35.4,10.5,17.9,6.8,3695.0,102.2917,99.2,1.997121268,90.36798858642578,110.8709487915039,67.81023406982422,0.5801851153373718,250.5658890940043,5.283720466427102,2.4557203977625512,-0.8712797433812476,3.327000141143799,10.644827875597723,normal
2019-11-07,62.290000915527344,6.997200012207031,1.1070396900177002,6.09499979019165,2.7720000743865967,16.1200008392334,10.255000114440918,2.82,98.52,797.24,2749.9999999999995,,46.8,5.3,14.6,6.2,3729.0,102.2917,99.2,1.997121268,90.36798858642578,110.8709487915039,67.81023406982422,0.5801851153373718,250.5658890940043,5.229996639103322,2.4579965647167255,-0.8650031510883283,3.3229997158050537,10.739655330263336,normal
2019-11-08,62.5099983215332,6.997200012207031,1.1019697189331057,6.135000228881836,2.7890000343322754,15.9399995803833,9.94499969482422,2.84,98.48,796.97,2623.6000000000004,,30.8,7.8,14.3,5.5,3729.0,102.2917,99.2,1.997121268,90.36798858642578,110.8709487915039,67.81023406982422,0.5801851153373718,250.5658890940043,5.147912118901572,2.3589120845692966,-0.987088109980264,3.3460001945495605,10.777585917505725,normal
2019-11-11,62.18000030517578,6.994999885559082,1.102244257926941,6.079999923706055,2.63700008392334,15.845000267028809,9.94499969482422,2.87,98.31,795.59,2562.8,,18.2,9.9,14.3,9.3,3729.0,102.2917,99.2,1.997121268,97.83673095703124,121.31104278564452,69.96658325195312,1.072059154510498,250.5658890940043,5.118506439121299,2.4815063551979595,-0.9614934845847554,3.442999839782715,10.720689707788928,normal
2019-11-12,62.060001373291016,7.009600162506104,1.1035456657409668,6.019999980926514,2.621000051498413,15.545000076293944,9.94499969482422,2.87,98.13,794.05,2816.7,,36.6,11.1,18.7,13.1,3729.0,102.2917,99.2,1.997121268,97.83673095703124,121.31104278564452,69.96658325195312,1.072059154510498,250.5658890940043,5.027524503137966,2.4065244516395525,-0.992475477788548,3.3989999294281006,10.700000236774313,normal
2019-11-13,62.369998931884766,7.006800174713135,1.1012367010116575,6.079999923706055,2.5999999046325684,15.449999809265137,9.80500030517578,2.72,97.91,792.27,2834.2,,29.4,12.3,21.9,12.5,3729.0,102.2917,99.2,1.997121268,97.83673095703124,121.31104278564452,69.96658325195312,1.072059154510498,250.5658890940043,4.986344880510728,2.38634497587816,-1.0936550431953265,3.4800000190734863,10.75344809170427,normal
2019-11-14,62.27999877929688,7.022600173950195,1.101321578025818,6.079999923706055,2.6470000743865967,15.670000076293944,9.80500030517578,2.66,97.65,790.21,2847.8,,31.4,11.5,17.3,10.8,3732.0,102.2917,99.2,1.997121268,97.83673095703124,121.31104278564452,69.96658325195312,1.072059154510498,250.5658890940043,5.057737728137982,2.4107376537513856,-1.0222621955680724,3.432999849319458,10.737930824016704,normal
2019-11-15,63.29999923706055,7.019800186157227,1.1020498275756836,6.079999923706055,2.687999963760376,15.71500015258789,9.545000076293944,2.68,97.38,787.99,2885.4,,32.6,15.0,14.2,8.2,3732.0,101.4281,99.9,-0.1532476728,97.83673095703124,121.31104278564452,69.96658325195312,1.072059154510498,250.5658890940043,5.075616243328622,2.3876162795682463,-1.0043836803774324,3.3919999599456787,10.913792971906991,normal
2019-11-18,62.43999862670898,7.007299900054932,1.105509877204895,5.949999809265137,2.565999984741211,15.229999542236328,9.369999885559082,2.7,96.81,783.37,2374.3,,46.0,11.5,26.8,13.7,3732.0,101.4281,99.9,-0.1532476728,97.83673095703124,121.31104278564452,69.96658325195312,1.072059154510498,250.5658890940043,4.934415036829758,2.3684150520885474,-1.0155847724353784,3.383999824523926,10.765517004604996,normal
2019-11-19,60.90999984741211,7.025000095367432,1.1072357892990112,5.90500020980835,2.509999990463257,15.289999961853027,9.369999885559082,2.64,96.53,781.13,2779.6000000000004,,32.5,12.9,20.2,16.6,3732.0,101.4281,99.9,-0.1532476728,97.83673095703124,121.31104278564452,69.96658325195312,1.072059154510498,250.5658890940043,4.9615886734261165,2.4515886829628597,-0.9434115363822331,3.3950002193450928,10.501724111622778,normal
2019-11-20,62.400001525878906,7.026800155639648,1.1080001592636108,5.949999809265137,2.559000015258789,15.59000015258789,9.369999885559082,2.53,96.16,778.18,2855.9,,41.0,14.2,19.6,11.8,3732.0,101.4281,99.9,-0.1532476728,97.83673095703124,121.31104278564452,69.96658325195312,1.072059154510498,250.5658890940043,5.062430806469576,2.5034307912107874,-0.8875690027955603,3.3909997940063477,10.758620952737743,normal
2019-11-21,63.970001220703125,7.034999847412109,1.1078859567642212,5.885000228881836,2.566999912261963,15.625,9.604999542236328,2.56,95.68,774.3,2834.2000000000003,,32.4,14.1,16.6,11.1,3638.0,101.4281,99.9,-0.1532476728,97.83673095703124,121.31104278564452,69.96658325195312,1.072059154510498,250.5658890940043,5.073273099708968,2.506273187447005,-0.8117271291728683,3.318000316619873,11.029310555293643,normal
2019-11-22,63.38999938964844,7.028200149536133,1.1065863370895386,5.925000190734863,2.664999961853028,16.049999237060547,9.850000381469728,2.53,95.28,771.02,2529.9,,28.8,14.0,17.4,9.3,3638.0,101.4281,99.9,-0.1532476728,97.83673095703124,121.31104278564452,69.96658325195312,1.072059154510498,250.5658890940043,5.205152738758878,2.5401527769058503,-0.7198474519759852,3.2600002288818355,10.929310239594558,normal
2019-11-25,63.650001525878906,7.038300037384033,1.1022562980651855,5.849999904632568,2.5309998989105225,16.235000610351562,9.850000381469728,2.62,94.97,768.5,2354.7,,10.1,16.2,14.4,18.9,3638.0,101.4281,99.9,-0.1532476728,97.83673095703124,121.31104278564452,69.96658325195312,1.072059154510498,250.5658890940043,5.244547900101444,2.7135480011909214,-0.6054520045311245,3.319000005722046,10.974138194117053,normal
2019-11-26,64.2699966430664,7.0355000495910645,1.1014429330825806,5.78000020980835,2.470000028610229,15.850000381469728,9.850000381469728,2.51,94.79,767.07,2793.5999999999995,,24.7,15.5,10.1,14.8,3638.0,101.4281,99.9,-0.1532476728,97.83673095703124,121.31104278564452,69.96658325195312,1.072059154510498,250.5658890940043,5.11639935920743,2.6463993305972013,-0.6636008506009192,3.3100001811981206,11.081033903976968,normal
2019-11-27,64.05999755859375,7.03249979019165,1.1022562980651855,5.724999904632568,2.500999927520752,15.979999542236328,9.850000381469728,2.51,94.69,766.26,2776.7,,31.0,12.6,15.6,11.6,3638.0,101.4281,99.9,-0.1532476728,97.83673095703124,121.31104278564452,69.96658325195312,1.072059154510498,250.5658890940043,5.162172460247462,2.6611725327267104,-0.562827444385106,3.2239999771118164,11.044827165274786,normal
2019-11-28,64.05999755859375,7.027900218963623,1.1004853248596191,5.724999904632568,2.500999927520752,15.979999542236328,9.850000381469728,2.46,94.63,765.76,2539.1,,51.0,12.2,18.5,9.9,3610.0,101.4281,99.9,-0.1532476728,97.83673095703124,121.31104278564452,69.96658325195312,1.072059154510498,250.5658890940043,5.153878500734,2.652878573213248,-0.5711214038985686,3.2239999771118164,11.044827165274786,normal
2019-11-29,62.43000030517578,7.03439998626709,1.101176142692566,5.630000114440918,2.2809998989105225,16.329999923706055,10.100000381469728,2.46,94.58,765.37,2678.1,,37.0,12.5,15.1,12.6,3610.0,101.4281,99.9,-0.1532476728,97.83673095703124,121.31104278564452,69.96658325195312,1.072059154510498,250.5658890940043,5.270066974437312,2.9890670755267896,-0.3599331400036059,3.3490002155303955,10.763793156064791,normal
2019-12-02,60.91999816894531,7.031499862670898,1.1019041538238523,5.599999904632568,2.3289999961853027,15.8100004196167,10.100000381469728,2.46,94.13,761.71,2828.4,,39.7,8.2,10.6,16.6,3610.0,101.4281,99.9,-0.1532476728,97.83673095703124,121.31104278564452,69.96658325195312,1.072059154510498,250.5658890940043,5.105624368968591,2.7766243727832887,-0.49437553566397696,3.2709999084472656,10.503447960162985,normal
2019-12-03,60.81999969482422,7.038300037384033,1.1079105138778689,5.635000228881836,2.440999984741211,15.770000457763672,9.600000381469728,2.29,93.76,758.74,3014.8,,39.7,8.7,16.8,17.2,3610.0,101.4281,99.9,-0.1532476728,97.83673095703124,121.31104278564452,69.96658325195312,1.072059154510498,250.5658890940043,5.120466719130861,2.67946673438965,-0.5145335097509749,3.194000244140625,10.48620684393521,normal
2019-12-04,63.0,7.060200214385986,1.1085245609283447,5.635000228881836,2.3989999294281006,15.880000114440918,9.600000381469728,2.42,93.42,755.93,2951.6,,48.0,12.1,15.1,18.4,3610.0,101.4281,99.9,-0.1532476728,97.83673095703124,121.31104278564452,69.96658325195312,1.072059154510498,250.5658890940043,5.159040999021928,2.760041069593828,-0.4759592298599076,3.2360002994537354,10.862068965517242,normal
2019-12-05,63.38999938964844,7.048900127410889,1.108303427696228,5.635000228881836,2.427000045776367,15.414999961853027,9.600000381469728,2.43,93.01,752.65,2902.7,,26.9,15.4,15.0,14.6,3591.0,101.4281,99.9,-0.1532476728,97.83673095703124,121.31104278564452,69.96658325195312,1.072059154510498,250.5658890940043,5.006974302244027,2.5799742564676595,-0.6280259266378092,3.2080001831054688,10.929310239594558,normal
2019-12-06,64.38999938964844,7.043799877166748,1.1105434894561768,5.614999771118164,2.3340001106262207,15.140000343322754,9.600000381469728,2.42,92.56,749.02,2750.3,,15.9,17.1,14.2,15.8,3591.0,101.4281,99.9,-0.1532476728,97.83673095703124,121.31104278564452,69.96658325195312,1.072059154510498,222.5956768580173,4.9275905477622155,2.593590437135995,-0.6874092233559486,3.2809996604919434,11.101724032698007,normal
2019-12-09,64.25,7.034299850463867,1.105888843536377,5.610000133514404,2.2320001125335693,14.890000343322754,10.06999969482422,2.31,92.05,744.88,2215.6,,34.7,16.0,15.7,18.8,3591.0,101.4281,99.9,-0.1532476728,97.83673095703124,121.31104278564452,69.96658325195312,1.072059154510498,222.5956768580173,4.825911381107884,2.593911268574315,-0.7840887524065199,3.378000020980835,11.077586206896552,normal
2019-12-10,64.33999633789062,7.0381999015808105,1.106499433517456,5.630000114440918,2.263999938964844,14.529999732971191,10.0,2.17,91.78,742.71,2491.6000000000004,,48.1,14.7,16.6,24.7,3591.0,101.4281,99.9,-0.1532476728,97.83673095703124,121.31104278564452,69.96658325195312,1.072059154510498,222.5956768580173,4.711833768116611,2.4478338291517665,-0.9181663463243073,3.3660001754760738,11.093102816877694,normal
2019-12-11,63.720001220703125,7.033299922943115,1.1092746257781982,5.630000114440918,2.243000030517578,14.045000076293944,9.789999961853027,2.18,91.42,739.8,2464.2,,63.4,9.5,15.0,22.7,3591.0,101.4281,99.9,-0.1532476728,73.07838439941406,84.5873031616211,53.03253173828125,0.4709506928920746,222.5956768580173,4.565979767443812,2.322979736926234,-1.064020346997106,3.38700008392334,10.98620710701778,normal
2019-12-12,64.19999694824219,7.037799835205078,1.1135857105255127,5.639999866485596,2.328000068664551,14.770000457763672,9.789999961853027,2.28,91.0,736.38,2612.3,,49.0,9.3,18.6,21.0,3518.0,101.4281,99.9,-0.1532476728,73.07838439941406,84.5873031616211,53.03253173828125,0.4709506928920746,222.5956768580173,4.8203360513404805,2.4923359826759297,-0.8196638151451152,3.311999797821045,11.068964991076239,normal
2019-12-13,65.22000122070312,7.019499778747559,1.1186057329177856,5.644999980926514,2.2960000038146973,13.80500030517578,9.619999885559082,2.28,90.57,732.88,2300.3,,69.4,8.9,14.7,19.6,3518.0,101.4281,99.9,-0.1532476728,73.07838439941406,84.5873031616211,53.03253173828125,0.4709506928920746,222.5956768580173,4.525708934657255,2.229708930842558,-1.1192910462692582,3.3489999771118164,11.244827796672952,normal
2019-12-16,65.33999633789062,6.97189998626709,1.1124460697174072,5.389999866485596,2.3410000801086426,13.890000343322754,9.619999885559082,2.28,89.99,728.19,2340.3,,39.1,11.6,25.0,16.9,3518.0,101.9372,98.5,1.8942320142,73.07838439941406,84.5873031616211,53.03253173828125,0.4709506928920746,222.5956768580173,4.528500088010115,2.1875000079014724,-0.8614997784754808,3.048999786376953,11.265516609981143,normal
2019-12-17,66.0999984741211,6.981599807739258,1.1136974096298218,5.525000095367432,2.319000005722046,14.460000038146973,9.619999885559082,2.34,89.76,726.3,2654.1000000000004,,44.1,13.6,19.4,20.4,3518.0,101.9372,98.5,1.8942320142,73.07838439941406,84.5873031616211,53.03253173828125,0.4709506928920746,222.5956768580173,4.719637701187937,2.400637695465891,-0.805362394179495,3.2060000896453857,11.396551461055362,normal
2019-12-18,66.16999816894531,6.996200084686279,1.115138053894043,5.550000190734863,2.2860000133514404,14.949999809265137,9.619999885559082,2.3,89.58,724.85,2517.3,,41.5,13.0,15.0,16.5,3518.0,101.9372,98.5,1.8942320142,73.07838439941406,84.5873031616211,53.03253173828125,0.4709506928920746,222.5956768580173,4.885882083683623,2.5998820703321828,-0.6641181070512401,3.264000177383423,11.408620373956088,normal
2019-12-19,66.54000091552734,7.004000186920166,1.1115927696228027,5.525000095367432,2.2730000019073486,15.005000114440918,9.619999885559082,2.26,89.38,723.23,2520.3,,59.8,12.0,17.8,18.7,3411.0,101.9372,98.5,1.8942320142,73.07838439941406,84.5873031616211,53.03253173828125,0.4709506928920746,222.5956768580173,4.888266494165495,2.6152664922581463,-0.6367336012019367,3.252000093460083,11.47241395095299,normal
2019-12-20,66.13999938964844,7.009399890899658,1.1125946044921875,5.449999809265137,2.328000068664551,14.234999656677246,9.619999885559082,2.21,89.27,722.34,2315.0,,66.7,10.9,22.2,14.8,3411.0,101.9372,98.5,1.8942320142,73.07838439941406,84.5873031616211,53.03253173828125,0.4709506928920746,222.5956768580173,4.641598472796323,2.3135984041317723,-0.8084013364688136,3.121999740600586,11.40344817062904,normal
2019-12-23,66.38999938964844,7.00570011138916,1.1079840660095217,5.300000190734863,2.21399998664856,13.024999618530272,10.5649995803833,2.27,89.14,721.33,1856.7,,37.7,11.7,24.0,19.9,3411.0,101.9372,98.5,1.8942320142,73.07838439941406,84.5873031616211,53.03253173828125,0.4709506928920746,222.5956768580173,4.229454839810688,2.015454853162128,-1.0705453509241751,3.0860002040863033,11.446551618904904,normal
2019-12-24,67.19999694824219,7.011799812316895,1.109385371208191,5.255000114440918,2.171999931335449,12.604999542236328,10.5649995803833,2.17,89.05,720.56,1933.3,,48.8,7.2,22.1,19.8,3411.0,101.9372,98.5,1.8942320142,73.07838439941406,84.5873031616211,53.03253173828125,0.4709506928920746,222.5956768580173,4.098249806937267,1.926249875601818,-1.1567503075036507,3.0830001831054688,11.586206370386584,normal
2019-12-25,67.19999694824219,7.006400108337402,1.1090162992477417,5.255000114440918,2.171999931335449,12.604999542236328,10.5649995803833,2.11,89.01,720.24,1739.6999999999998,,52.2,7.7,19.8,21.5,3411.0,101.9372,98.5,1.8942320142,73.07838439941406,84.5873031616211,53.03253173828125,0.4709506928920746,222.5956768580173,4.096886395150964,1.9248864638155148,-1.158113719289954,3.0830001831054688,11.586206370386584,normal
2019-12-26,67.91999816894531,6.98829984664917,1.1095454692840576,5.25,2.2939999103546143,12.604999542236328,10.5649995803833,2.11,89.0,720.19,1676.7,,43.7,10.5,16.1,18.2,3250.0,101.9372,98.5,1.8942320142,73.07838439941406,84.5873031616211,53.03253173828125,0.4709506928920746,222.5956768580173,4.098841235241209,1.8048413248865947,-1.151158764758791,2.9560000896453857,11.710344511887124,normal
2019-12-27,68.16000366210938,6.996300220489502,1.110111951828003,5.224999904632568,2.157999992370605,12.765000343322754,10.5649995803833,2.09,88.93,719.63,1764.1,,33.3,10.3,14.7,15.2,3250.0,101.9372,98.5,1.8942320142,73.07838439941406,84.5873031616211,53.03253173828125,0.4709506928920746,222.5956768580173,4.1529888709757365,1.9949888786051315,-1.0720110336568318,3.0669999122619633,11.751724769329202,normal
2019-12-30,68.44000244140625,6.994800090789795,1.1182304620742798,5.25,2.186000108718872,12.295000076293944,9.979999542236328,1.75,88.27,714.27,1816.6,,26.9,11.5,11.0,17.0,3250.0,101.9372,98.5,1.8942320142,73.07838439941406,84.5873031616211,53.03253173828125,0.4709506928920746,222.5956768580173,4.029331626638263,1.843331517919391,-1.220668373361737,3.063999891281128,11.800000420932113,normal
2019-12-31,66.0,6.985700130462647,1.120229721069336,5.300000190734863,2.188999891281128,12.050000190734863,9.8149995803833,2.06,87.93,711.57,2045.7,,17.3,13.3,5.8,20.1,3250.0,101.9372,98.5,1.8942320142,73.07838439941406,84.5873031616211,53.03253173828125,0.4709506928920746,222.5956768580173,3.956100380568312,1.7671004892871842,-1.3438998101665511,3.1110002994537354,11.379310344827587,normal
2020-01-01,66.0,6.962299823760986,1.1220825910568235,5.300000190734863,2.188999891281128,12.050000190734863,9.8149995803833,2.09,87.64,709.19,2015.9,,24.6,14.7,13.4,20.7,3250.0,101.9372,98.5,1.8942320142,73.07838439941406,84.5873031616211,53.03253173828125,0.4709506928920746,222.5956768580173,3.962643806014698,1.77364391473357,-1.3373563847201653,3.1110002994537354,11.379310344827587,normal
2020-01-02,66.25,6.962200164794922,1.1220825910568235,5.25,2.121999979019165,12.074999809265137,9.8149995803833,2.09,87.23,705.88,2356.6,,29.8,17.3,17.1,17.7,3192.0,101.9372,98.5,1.8942320142,73.07838439941406,84.5873031616211,53.03253173828125,0.4709506928920746,222.5956768580173,3.9708649331477823,1.8488649541286173,-1.2791350668522177,3.128000020980835,11.422413793103448,normal
2020-01-03,68.5999984741211,6.963399887084961,1.1171437501907349,5.385000228881836,2.130000114440918,12.984999656677246,9.8149995803833,2.05,86.72,701.76,2623.1,,39.9,16.7,6.9,15.2,3192.0,101.9372,98.5,1.8942320142,73.07838439941406,84.5873031616211,53.03253173828125,0.4709506928920746,222.5956768580173,4.2513235719184514,2.1213234574775335,-1.1336766569633845,3.255000114440918,11.827585943813983,normal
2020-01-06,68.91000366210938,6.964499950408936,1.1161960363388062,5.315000057220459,2.134999990463257,12.279999732971191,9.6899995803833,2.06,85.6,692.67,2195.6,,26.8,16.6,20.1,19.8,3192.0,101.9372,98.5,1.8942320142,73.07838439941406,84.5873031616211,53.03253173828125,0.4709506928920746,235.9863245824384,4.017093972751423,1.8820939822881666,-1.2979060844690355,3.180000066757202,11.88103511415679,normal
2020-01-07,68.2699966430664,6.974500179290772,1.1197994947433472,5.300000190734863,2.1619999408721924,11.93000030517578,9.6899995803833,2.1,85.1,688.61,2277.4,,44.7,14.0,12.9,19.4,3192.0,101.9372,98.5,1.8942320142,73.07838439941406,84.5873031616211,53.03253173828125,0.4709506928920746,235.9863245824384,3.91519935114732,1.7531994102751276,-1.3848008395875433,3.138000249862671,11.77068907639076,normal
2020-01-08,65.44000244140625,6.944399833679199,1.1154738664627075,5.309999942779541,2.1410000324249268,11.96500015258789,9.6899995803833,2.17,84.54,684.16,2422.9999999999995,,50.0,10.1,15.2,19.3,3192.0,101.9372,98.5,1.8942320142,73.07838439941406,84.5873031616211,53.03253173828125,0.4709506928920746,235.9863245824384,3.9115174003511286,1.7705173679262018,-1.3984825424284124,3.1689999103546143,11.282759041621768,normal
2020-01-09,65.37000274658203,6.945199966430664,1.1113210916519165,5.300000190734863,2.1659998893737797,12.18000030517578,9.6899995803833,2.09,84.05,680.15,2527.8,,50.0,10.9,17.7,19.2,3148.0,101.9372,98.5,1.8942320142,73.07838439941406,84.5873031616211,53.03253173828125,0.4709506928920746,235.9863245824384,3.9669800287997043,1.8009801394259246,-1.333020161935159,3.1340003013610835,11.270690128721041,normal
2020-01-10,64.9800033569336,6.951700210571289,1.1111111640930176,5.300000190734863,2.20199990272522,11.9399995803833,9.645000457763672,2.05,83.63,676.74,2307.8,,37.0,11.3,18.6,17.8,3148.0,101.9372,98.5,1.8942320142,74.27989196777344,80.11077117919922,63.33135223388672,0.5824677348136902,235.9863245824384,3.888078107296251,1.686078204571031,-1.4119220834386121,3.098000288009643,11.203448854643723,normal
2020-01-13,64.19999694824219,6.909299850463867,1.111666917800903,5.300000190734863,2.181999921798706,12.05500030517578,9.619999885559082,2.05,82.41,666.87,2372.6,,43.2,7.8,22.5,18.9,3148.0,101.9372,98.5,1.8942320142,74.27989196777344,80.11077117919922,63.33135223388672,0.5824677348136902,235.9863245824384,3.927489796240396,1.7454898744416898,-1.3725103944944674,3.1180002689361572,11.068964991076239,normal
2020-01-14,64.48999786376953,6.8927001953125,1.1135733127593994,5.300000190734863,2.187000036239624,11.30500030517578,9.619999885559082,2.03,81.94,663.07,2394.3,,43.7,6.7,17.2,21.1,3148.0,101.9372,98.5,1.8942320142,74.27989196777344,80.11077117919922,63.33135223388672,0.5824677348136902,235.9863245824384,3.6894578301536907,1.5024577939140666,-1.6105423605811726,3.1130001544952393,11.118965148925781,normal
2020-01-15,64.0,6.900300025939941,1.113089919090271,5.295000076293945,2.119999885559082,11.18000030517578,9.619999885559082,2.15,81.44,659.08,1902.5,,38.1,11.1,11.4,19.8,3148.0,101.7003,96.7,7.1970475699,74.27989196777344,80.11077117919922,63.33135223388672,0.5824677348136902,235.9863245824384,3.647079438451328,1.5270795528922458,-1.6479206378426174,3.1750001907348633,11.03448275862069,normal
2020-01-16,64.62000274658203,6.889800071716309,1.1154004335403442,4.179999828338623,2.07699990272522,11.114999771118164,9.904999732971191,2.01,80.94,655.04,1948.8,,56.4,12.6,16.4,19.8,3039.0,101.7003,96.7,7.1970475699,74.27989196777344,80.11077117919922,63.33135223388672,0.5824677348136902,235.9863245824384,3.63340178407276,1.55640188134754,-0.5465980442658629,2.102999925613403,11.141379783893454,normal
2020-01-17,64.8499984741211,6.878099918365479,1.1139578819274902,4.130000114440918,2.003000020980835,10.93000030517578,10.130000114440918,2.06,80.43,650.88,1855.0,,58.5,10.5,19.6,20.9,3039.0,101.7003,96.7,7.1970475699,74.27989196777344,80.11077117919922,63.33135223388672,0.5824677348136902,235.9863245824384,3.5683061039173167,1.5653060829364818,-0.5616940105236012,2.127000093460083,11.18103421967605,normal
2020-01-20,64.8499984741211,6.858699798583984,1.1094592809677124,4.130000114440918,2.003000020980835,10.93000030517578,10.130000114440918,2.07,78.78,637.56,1601.5000000000002,,65.8,8.3,18.3,21.9,3039.0,101.7003,96.7,7.1970475699,74.27989196777344,80.11077117919922,63.33135223388672,0.5824677348136902,235.9863245824384,3.5538958775305813,1.5508958565497464,-0.5761042369103366,2.127000093460083,11.18103421967605,normal
2020-01-21,64.58999633789062,6.865799903869629,1.109693169593811,4.074999809265137,1.8949999809265137,10.774999618530272,9.925000190734863,2.07,78.03,631.51,1991.4,,50.4,10.9,21.6,21.2,3039.0,101.7003,96.7,7.1970475699,74.27989196777344,80.11077117919922,63.33135223388672,0.5824677348136902,235.9863245824384,3.5042358986029183,1.6092359176764046,-0.5707639106622184,2.179999828338623,11.136206265153556,normal
2020-01-22,63.209999084472656,6.904799938201904,1.108561396598816,4.019999980926514,1.9049999713897705,10.454999923706056,9.925000190734863,1.98,77.26,625.21,2151.9,,49.3,9.7,22.6,19.7,3039.0,101.7003,96.7,7.1970475699,74.27989196777344,80.11077117919922,63.33135223388672,0.5824677348136902,235.9863245824384,3.3966980595356873,1.4916980881459168,-0.6233019213908264,2.115000009536743,10.898275704219424,normal
2020-01-23,62.040000915527344,6.905700206756592,1.1096439361572266,4.0,1.9259999990463257,10.43000030517578,9.854999542236328,1.89,76.49,619.0,2240.5,,46.2,12.7,18.7,19.2,2947.0,101.7003,96.7,7.1970475699,74.27989196777344,80.11077117919922,63.33135223388672,0.5824677348136902,235.9863245824384,3.3918850319026554,1.4658850328563298,-0.6081149680973446,2.0740000009536743,10.696551881987473,normal
2020-01-24,60.68999862670898,6.9355998039245605,1.1055220365524292,4.0,1.89300000667572,10.454999923706056,9.854999542236328,1.95,75.72,612.76,2264.8,,39.0,13.0,30.0,18.0,2947.0,101.7003,96.7,7.1970475699,74.27989196777344,80.11077117919922,63.33135223388672,0.5824677348136902,235.9863245824384,3.387385279563855,1.4943852728881348,-0.6126147204361452,2.10699999332428,10.463792866673963,normal
2020-01-27,59.31999969482422,6.935699939727783,1.102535843849182,4.0,1.9019999504089355,10.524999618530272,9.800000190734863,1.91,73.78,597.09,2195.4,,26.4,11.8,20.8,16.8,2947.0,101.7003,96.7,7.1970475699,74.27989196777344,80.11077117919922,63.33135223388672,0.5824677348136902,235.9863245824384,3.4008538148870184,1.4988538644780829,-0.5991461851129816,2.0980000495910645,10.227586154280038,normal
2020-01-28,59.5099983215332,6.935699939727783,1.101976990699768,4.0,1.934000015258789,10.789999961853027,9.824999809265137,2.03,73.2,592.39,2360.5,,23.2,12.9,18.5,16.1,2947.0,101.7003,96.7,7.1970475699,74.27989196777344,80.11077117919922,63.33135223388672,0.5824677348136902,235.9863245824384,3.484713900254213,1.550713884995424,-0.5152860997457869,2.065999984741211,10.26034453819538,normal
2020-01-29,59.810001373291016,6.935699939727783,1.1022562980651855,3.900000095367432,1.8769999742507932,10.149999618530272,9.824999809265137,1.96,72.56,587.21,2349.4,,32.7,14.6,16.4,16.6,2947.0,101.7003,96.7,7.1970475699,74.27989196777344,80.11077117919922,63.33135223388672,0.5824677348136902,235.9863245824384,3.2788516898146685,1.4018517155638752,-0.6211484055527636,2.023000121116639,10.312069202291555,normal
2020-01-30,58.290000915527344,6.935699939727783,1.1016855239868164,3.875,1.8289999961853027,9.779999732971191,9.454999923706056,1.93,71.92,582.05,2191.0,,35.4,15.7,17.0,16.5,2746.0,101.7003,96.7,7.1970475699,74.27989196777344,80.11077117919922,63.33135223388672,0.5824677348136902,235.9863245824384,3.157691105994857,1.3286911098095544,-0.7173088940051429,2.0460000038146973,10.050000157849542,normal
2020-01-31,58.15999984741211,6.935699939727783,1.1029127836227417,4.019999980926514,1.840999960899353,9.755000114440918,9.524999618530272,1.94,71.35,577.41,2104.0,,37.4,13.2,17.7,12.8,2746.0,101.7003,96.7,7.1970475699,74.27989196777344,80.11077117919922,63.33135223388672,0.5824677348136902,235.9863245824384,3.153128045876839,1.312128084977486,-0.8668719350496747,2.1790000200271606,10.027586180588296,normal
2020-02-03,54.45000076293945,6.935699939727783,1.1089794635772705,3.7300000190734863,1.819000005722046,9.210000038146973,9.244999885559082,1.91,70.56,571.05,1645.7999999999995,,53.6,12.2,18.5,14.3,2746.0,101.7003,96.7,7.1970475699,74.27989196777344,80.11077117919922,63.33135223388672,0.5824677348136902,235.9863245824384,2.9933416864052678,1.1743416806832219,-0.7366583326682186,1.9110000133514404,9.387931166024044,covid
2020-02-04,53.959999084472656,7.020599842071533,1.1062926054000854,3.700000047683716,1.871999979019165,9.364999771118164,9.30500030517578,1.9,70.19,568.03,1918.3,,62.5,9.1,18.1,15.3,2746.0,101.7003,96.7,7.1970475699,74.27989196777344,80.11077117919922,63.33135223388672,0.5824677348136902,235.9863245824384,3.0363437597406664,1.1643437807215014,-0.6636562879430494,1.8280000686645508,9.303448118012527,covid
2020-02-05,55.27999877929688,6.997499942779541,1.1047282218933103,3.5999999046325684,1.8609999418258667,9.3149995803833,9.46500015258789,1.89,69.73,564.29,2031.6,,60.5,8.0,17.4,17.4,2746.0,101.7003,96.7,7.1970475699,74.27989196777344,80.11077117919922,63.33135223388672,0.5824677348136902,199.22175605420745,3.0158618706658507,1.154861928839984,-0.5841380339667177,1.7389999628067017,9.531034272292565,covid
2020-02-06,54.93000030517578,6.972799777984619,1.100231051445007,3.555000066757202,1.861999988555908,9.149999618530272,9.46500015258789,1.89,69.16,559.7,2169.1,,64.5,7.8,16.7,18.0,2609.0,101.7003,96.7,7.1970475699,74.27989196777344,80.11077117919922,63.33135223388672,0.5824677348136902,199.22175605420745,2.950381198021469,1.0883812094655612,-0.604618868735733,1.6930000782012942,9.470689707788928,covid
2020-02-07,54.470001220703125,6.969799995422363,1.0982975959777832,3.569999933242798,1.8580000400543213,9.06999969482422,9.46500015258789,1.86,68.5,554.33,2049.8,,25.3,9.6,13.1,18.8,2609.0,101.7003,96.7,7.1970475699,74.27989196777344,80.11077117919922,63.33135223388672,0.5824677348136902,199.22175605420745,2.9194461130975484,1.0614460730432271,-0.6505538201452494,1.7119998931884766,9.391379520810885,covid
2020-02-10,53.27000045776367,7.00059986114502,1.0949305295944214,3.5199999809265137,1.7660000324249268,8.645000457763672,9.46500015258789,1.93,67.26,544.33,1892.2,,26.2,13.6,19.6,26.3,2609.0,101.7003,96.7,7.1970475699,138.4209442138672,190.8443603515625,81.65093994140625,1.1780277490615845,199.22175605420745,2.7741168092643305,1.0081167768394037,-0.7458831716621832,1.753999948501587,9.184482837545461,covid
2020-02-11,54.0099983215332,6.983500003814697,1.0913456678390503,3.525000095367432,1.787999987602234,8.555000305175781,9.260000228881836,1.85,66.88,541.27,2142.6,,24.1,12.8,19.8,24.1,2609.0,101.7003,96.7,7.1970475699,138.4209442138672,190.8443603515625,81.65093994140625,1.1780277490615845,199.22175605420745,2.736248372404222,0.9482483848019878,-0.7887517229632102,1.737000107765198,9.312068676126415,covid
2020-02-12,55.790000915527344,6.964900016784668,1.091941475868225,3.525000095367432,1.843999981880188,8.720000267028809,9.260000228881836,1.85,66.42,537.54,2253.3,,27.3,14.0,20.2,19.8,2609.0,101.7003,96.7,7.1970475699,138.4209442138672,190.8443603515625,81.65093994140625,1.1780277490615845,199.22175605420745,2.790544925223102,0.9465449433429138,-0.7344551701443303,1.681000113487244,9.618965675090921,covid
2020-02-13,56.34000015258789,6.9710001945495605,1.0875948667526243,3.525000095367432,1.825999975204468,8.890000343322754,9.725000381469728,1.91,65.91,533.37,2261.0,,42.5,11.4,21.2,20.7,2494.0,101.7003,96.7,7.1970475699,138.4209442138672,190.8443603515625,81.65093994140625,1.1780277490615845,199.22175605420745,2.8336231042181432,1.0076231290136752,-0.6913769911492889,1.699000120162964,9.713793129756533,covid
2020-02-14,57.31999969482422,6.976399898529053,1.0845986604690552,3.5199999809265137,1.837000012397766,8.880000114440918,9.6850004196167,1.95,65.37,529.02,2113.6,,83.7,8.9,21.0,18.8,2494.0,101.7003,96.7,7.1970475699,138.4209442138672,190.8443603515625,81.65093994140625,1.1780277490615845,199.22175605420745,2.8226380597184395,0.9856380473206736,-0.6973619212080742,1.6829999685287478,9.882758568073141,covid
2020-02-17,57.31999969482422,6.986100196838379,1.0841753482818604,3.5199999809265137,1.837000012397766,8.880000114440918,9.6850004196167,1.93,64.63,523.06,1874.4,,72.5,12.8,20.3,13.7,2494.0,101.0338,99.2,1.5685006233,138.4209442138672,190.8443603515625,81.65093994140625,1.1780277490615845,199.22175605420745,2.8215364014421866,0.9845363890444208,-0.698463579484327,1.6829999685287478,9.882758568073141,covid
2020-02-18,57.75,6.979300022125244,1.0840108394622805,2.9749999046325684,1.9809999465942385,9.380000114440918,9.989999771118164,1.93,64.34,520.72,2459.3,,39.1,12.9,23.0,14.0,2494.0,101.0338,99.2,1.5685006233,138.4209442138672,190.8443603515625,81.65093994140625,1.1780277490615845,199.22175605420745,2.9799544562097062,0.9989545096154677,0.004954551577137867,0.9939999580383299,9.956896551724139,covid
2020-02-19,59.119998931884766,6.996200084686279,1.079540491104126,2.994999885559082,1.955000042915344,9.56999969482422,10.234999656677246,2.04,63.98,517.78,2465.3,,26.8,10.8,34.4,11.8,2494.0,101.0338,99.2,1.5685006233,138.4209442138672,190.8443603515625,81.65093994140625,1.1780277490615845,199.22175605420745,3.027777925412461,1.0727778824971168,0.03277803985337879,1.039999842643738,10.193103264118063,covid
2020-02-20,59.310001373291016,6.997200012207031,1.081009864807129,2.9749999046325684,1.919999957084656,9.5649995803833,10.234999656677246,2.01,63.58,514.51,2524.6,,60.2,7.7,26.8,11.1,2343.0,101.0338,99.2,1.5685006233,138.4209442138672,190.8443603515625,81.65093994140625,1.1780277490615845,199.22175605420745,3.030314964588322,1.1103150075036659,0.055315059955753476,1.0549999475479124,10.225862305739831,covid
2020-02-21,58.5,7.02239990234375,1.078799843788147,2.994999885559082,1.9049999713897705,9.40999984741211,10.1850004196167,1.98,63.21,511.55,2619.4,,74.9,6.3,21.9,21.7,2343.0,101.0338,99.2,1.5685006233,138.4209442138672,190.8443603515625,81.65093994140625,1.1780277490615845,199.22175605420745,2.9751142583348487,1.0701142869450782,-0.01988562722423337,1.0899999141693115,10.086206896551724,covid
2020-02-24,56.29999923706055,7.026199817657471,1.0839051008224487,2.875,1.8270000219345093,9.045000076293944,9.770000457763672,1.96,62.53,506.07,2161.5,,51.4,11.9,23.2,17.6,2343.0,101.0338,99.2,1.5685006233,138.4209442138672,190.8443603515625,81.65093994140625,1.1780277490615845,199.22175605420745,2.8732472054588745,1.0462471835243652,-0.0017527945411255352,1.0479999780654907,9.706896420182852,covid
2020-02-25,54.95000076293945,7.02839994430542,1.0849199295043943,2.900000095367432,1.847000002861023,9.005000114440918,9.770000457763672,1.94,62.25,503.78,2650.7000000000003,,61.1,10.1,25.6,15.8,2343.0,101.0338,99.2,1.5685006233,138.4209442138672,190.8443603515625,81.65093994140625,1.1780277490615845,199.22175605420745,2.863219003131848,1.0162190002708251,-0.03678109223558401,1.0530000925064091,9.474138062575769,covid
2020-02-26,53.43000030517578,7.036399841308594,1.0881996154785156,3.005000114440918,1.8209999799728396,9.06999969482422,9.635000228881836,1.93,61.94,501.26,2293.9,,64.7,10.8,23.9,12.3,2343.0,101.0338,99.2,1.5685006233,138.4209442138672,190.8443603515625,81.65093994140625,1.1780277490615845,199.22175605420745,2.8926041077734124,1.0716041278005728,-0.1123960066675056,1.1840001344680784,9.212069018133755,covid
2020-02-27,52.18000030517578,7.03980016708374,1.088589429855347,2.9749999046325684,1.7519999742507937,8.869999885559082,9.404999732971191,1.96,61.41,496.95,2389.2,,79.4,8.4,17.3,17.5,2200.0,101.0338,99.2,1.5685006233,138.4209442138672,190.8443603515625,81.65093994140625,1.1780277490615845,199.22175605420745,2.8298335115903077,1.077833537339514,-0.14516639304226064,1.2229999303817747,8.996551776754446,covid
2020-02-28,50.52000045776367,7.003499984741211,1.0997228622436523,2.9600000381469727,1.684000015258789,8.875,9.399999618530272,1.78,60.81,492.11,2582.1,,55.3,9.5,13.8,17.1,2200.0,101.0338,99.2,1.5685006233,138.4209442138672,190.8443603515625,81.65093994140625,1.1780277490615845,199.22175605420745,2.8603868547047937,1.1763868394460046,-0.09961318344217895,1.2760000228881836,8.710344906510977,covid
2020-03-02,51.900001525878906,6.990900039672852,1.1051311492919922,3.049999952316284,1.75600004196167,8.885000228881836,9.380000114440918,1.79,59.76,484.18,2136.7,,27.0,13.9,18.5,12.8,2200.0,101.0338,99.2,1.5685006233,138.4209442138672,190.8443603515625,81.65093994140625,1.1780277490615845,199.22175605420745,2.877692742502886,1.121692700541216,-0.1723072098133982,1.2939999103546143,8.948276125151535,covid
2020-03-03,51.86000061035156,6.999800205230713,1.114404797554016,3.075000047683716,1.7999999523162842,9.170000076293944,9.30500030517578,1.75,59.27,480.2,2537.4000000000005,,31.8,15.3,21.2,13.5,2200.0,101.0338,99.2,1.5685006233,138.4209442138672,190.8443603515625,81.65093994140625,1.1780277490615845,199.22175605420745,2.9949216850986957,1.1949217327824115,-0.0800783625850201,1.2750000953674316,8.941379415577856,covid
2020-03-04,51.130001068115234,6.960999965667725,1.118067979812622,3.075000047683716,1.8270000219345093,8.90999984741211,9.30500030517578,1.78,58.83,476.61,2547.8,,47.0,13.1,23.3,14.2,2200.0,101.0338,99.2,1.5685006233,138.4209442138672,190.8443603515625,81.65093994140625,1.1780277490615845,199.22175605420745,2.9195711575512227,1.0925711356167134,-0.15542889013249317,1.2480000257492065,8.81551742553711,covid
2020-03-05,49.9900016784668,6.965400218963623,1.113908290863037,3.0850000381469727,1.7719999551773071,8.850000381469727,9.484999656677246,1.83,58.4,472.66,2298.0,,60.1,9.5,22.4,13.1,2091.0,101.0338,99.2,1.5685006233,138.4209442138672,190.8443603515625,81.65093994140625,1.1780277490615845,199.22175605420745,2.8891220169923186,1.1171220618150115,-0.19587802115465403,1.3130000829696655,8.618965806632207,covid
2020-03-06,45.27000045776367,6.935999870300293,1.1223849058151243,3.115000009536743,1.7079999446868896,8.645000457763672,9.31999969482422,1.89,57.92,469.07,2485.5000000000005,,59.9,11.8,15.1,14.2,2091.0,101.0338,99.2,1.5685006233,138.4209442138672,190.8443603515625,81.65093994140625,1.1780277490615845,199.22175605420745,2.843675237404909,1.1356752927180191,-0.27132477213183437,1.4070000648498535,7.805172492717874,covid
2020-03-09,34.36000061035156,6.931099891662598,1.1386020183563232,3.0999999046325684,1.777999997138977,8.625,9.270000457763672,1.76,57.16,462.86,2335.7000000000003,,23.4,12.3,14.6,18.1,2091.0,101.0338,99.2,1.5685006233,138.4209442138672,190.8443603515625,81.65093994140625,1.1780277490615845,204.83528610578267,2.8780889436902615,1.1000889465512844,-0.2219109609423069,1.3219999074935913,5.924138036267511,covid
2020-03-10,37.220001220703125,6.9456000328063965,1.139796018600464,3.115000009536743,1.9359999895095823,8.994999885559082,9.614999771118164,1.74,56.8,459.7,2747.2000000000003,,29.1,12.5,14.4,18.6,2091.0,101.0338,99.2,1.5685006233,138.4209442138672,190.8443603515625,81.65093994140625,1.1780277490615845,204.83528610578267,3.0047023442390617,1.0687023547294794,-0.11029766529768148,1.1790000200271609,6.417241589776401,covid
2020-03-11,35.790000915527344,6.955599784851074,1.1316505670547483,3.130000114440918,1.878000020980835,9.369999885559082,9.529999732971191,1.91,56.54,457.64,2714.2,,42.8,12.4,16.6,16.2,2091.0,101.0338,99.2,1.5685006233,138.4209442138672,190.8443603515625,81.65093994140625,1.1780277490615845,204.83528610578267,3.107599829958871,1.229599808978036,-0.022400284482047006,1.252000093460083,6.170689813021956,covid
2020-03-12,33.220001220703125,6.95959997177124,1.1261515617370603,3.140000104904175,1.840999960899353,9.324999809265137,8.96500015258789,1.96,56.41,456.55,2689.7000000000003,,32.2,11.5,17.7,13.3,2043.0,101.0338,99.2,1.5685006233,75.95555877685547,87.1624526977539,56.68605041503906,0.6598305702209473,204.83528610578267,3.077647194547036,1.236647233647683,-0.06235291035713875,1.2990001440048218,5.727586417362608,covid
2020-03-13,33.849998474121094,7.028600215911865,1.1184931993484497,3.140000104904175,1.86899995803833,9.28499984741211,8.744999885559082,1.82,56.29,455.61,2535.2,,54.4,9.4,10.7,11.6,2043.0,101.0338,99.2,1.5685006233,75.95555877685547,87.1624526977539,56.68605041503906,0.6598305702209473,204.83528610578267,3.0436058266313335,1.1746058685930034,-0.0963942782728413,1.2710001468658447,5.836206633469154,covid
2020-03-16,30.049999237060547,7.007199764251709,1.115536093711853,3.4049999713897705,1.815000057220459,8.739999771118164,7.755000114440918,1.94,55.79,451.55,2234.7,,49.1,7.8,14.8,16.2,2043.0,101.0338,99.2,1.5685006233,75.95555877685547,87.1624526977539,56.68605041503906,0.6598305702209473,204.83528610578267,2.8573813512094013,1.0423812939889423,-0.5476186201803692,1.5899999141693115,5.181034351217336,covid
2020-03-17,28.729999542236328,6.992700099945068,1.1163206100463867,3.4549999237060547,1.7289999723434448,8.470000267028809,7.300000190734863,1.89,55.62,450.16,2608.9,,71.5,10.0,11.1,11.9,2043.0,101.3735,98.6,1.8538023994,75.95555877685547,87.1624526977539,56.68605041503906,0.6598305702209473,204.83528610578267,2.771057420030438,1.042057447686993,-0.6839425036756168,1.7259999513626099,4.953448196937298,covid
2020-03-18,24.8799991607666,7.006199836730957,1.101552128791809,3.400000095367432,1.6039999723434448,8.265000343322754,6.090000152587891,1.89,55.45,449.3,2491.6,,50.3,12.0,12.1,17.0,2043.0,101.3735,98.6,1.8538023994,75.95555877685547,87.1624526977539,56.68605041503906,0.6598305702209473,204.83528610578267,2.6682166390160464,1.0642166666726016,-0.7317834563513856,1.7960001230239873,4.289655027718379,covid
2020-03-19,28.46999931335449,7.04640007019043,1.0961546897888184,3.400000095367432,1.6540000438690186,8.545000076293945,6.090000152587891,1.73,55.38,448.74,2495.3,,31.2,12.0,15.8,14.9,2034.0,101.3735,98.6,1.8538023994,75.95555877685547,87.1624526977539,56.68605041503906,0.6598305702209473,204.83528610578267,2.7450930817244954,1.0910930378554768,-0.6549070136429367,1.7460000514984135,4.908620571268015,covid
2020-03-20,26.979999542236328,7.107699871063232,1.0657345056533811,3.430000066757202,1.6039999723434448,8.295000076293945,6.434999942779541,1.68,55.31,448.15,2686.3,,51.5,8.5,17.0,16.7,2034.0,101.3735,98.6,1.8538023994,75.95555877685547,87.1624526977539,56.68605041503906,0.6598305702209473,204.83528610578267,2.5908279864553876,0.9868280141119428,-0.8391720803018146,1.8260000944137573,4.651724059006264,covid
2020-03-23,27.030000686645508,7.094799995422363,1.0694386959075928,3.25,1.6019999980926514,7.849999904632568,6.21999979019165,1.76,55.2,447.26,2505.7,,41.7,8.2,14.6,8.5,2034.0,101.3735,98.6,1.8538023994,75.95555877685547,87.1624526977539,56.68605041503906,0.6598305702209473,204.83528610578267,2.4603602609755115,0.8583602628828602,-0.7896397390244885,1.6480000019073486,4.660344945973364,covid
2020-03-24,27.149999618530277,7.091300010681152,1.0764610767364502,3.150000095367432,1.652999997138977,7.909999847412109,6.65500020980835,1.7,54.96,445.31,2650.4,,12.7,10.1,12.6,12.3,2034.0,101.3735,98.6,1.8538023994,75.95555877685547,87.1624526977539,56.68605041503906,0.6598305702209473,204.83528610578267,2.495444780322729,0.842444783183752,-0.654555315044703,1.497000098228455,4.681034416987979,covid
2020-03-25,27.38999938964844,7.061999797821045,1.080263614654541,2.9549999237060547,1.659000039100647,7.744999885559082,6.65500020980835,1.7,54.71,443.27,2288.8,,31.9,11.6,10.0,11.1,2034.0,101.3735,98.6,1.8538023994,75.95555877685547,87.1624526977539,56.68605041503906,0.6598305702209473,204.83528610578267,2.452021772809164,0.793021733708517,-0.5029781508968907,1.2959998846054077,4.722413687870421,covid
2020-03-26,26.34000015258789,7.113500118255615,1.0889569520950315,2.9749999046325684,1.6369999647140503,7.574999809265137,6.920000076293945,1.8,54.44,441.1,2276.9,,44.5,13.5,19.4,8.2,2005.0,101.3735,98.6,1.8538023994,75.95555877685547,87.1624526977539,56.68605041503906,0.6598305702209473,204.83528610578267,2.4175000745625352,0.780500109848485,-0.5574998300700331,1.337999939918518,4.541379336653085,covid
2020-03-27,24.93000030517578,7.073100090026856,1.1048258543014526,2.9749999046325684,1.633999943733215,7.21999979019165,6.525000095367432,1.73,54.19,439.09,2238.3,,42.1,14.1,19.0,9.9,2005.0,101.3735,98.6,1.8538023994,75.95555877685547,87.1624526977539,56.68605041503906,0.6598305702209473,204.83528610578267,2.3377828683039965,0.7037829245707814,-0.6372170363285719,1.3409999608993532,4.29827591468548,covid
2020-03-30,22.76000022888184,7.095300197601318,1.113908290863037,2.880000114440918,1.690000057220459,6.894999980926514,6.525000095367432,1.7,53.92,436.9,2253.6,,32.3,13.0,13.0,8.1,2005.0,101.3735,98.6,1.8538023994,75.95555877685547,87.1624526977539,56.68605041503906,0.6598305702209473,204.83528610578267,2.2509034342830385,0.5609033770625795,-0.6290966801578795,1.190000057220459,3.924137970496869,covid
2020-03-31,22.739999771118164,7.099199771881104,1.1030466556549072,2.875,1.6399999856948853,6.900000095367432,6.525000095367432,1.65,53.74,435.46,2594.0,,30.6,12.6,10.7,4.1,2005.0,101.3735,98.6,1.8538023994,75.95555877685547,87.1624526977539,56.68605041503906,0.6598305702209473,204.83528610578267,2.2305714388077824,0.5905714531128972,-0.6444285611922176,1.2350000143051147,3.9206896157100286,covid
2020-04-01,24.739999771118164,7.081399917602539,1.102657437324524,2.869999885559082,1.587000012397766,6.824999809265137,6.755000114440918,1.71,53.44,432.81,2558.3,,36.3,10.7,13.6,9.5,2005.0,101.3735,98.6,1.8538023994,75.95555877685547,87.1624526977539,56.68605041503906,0.6598305702209473,204.83528610578267,2.2055474861596127,0.6185474737618468,-0.6644523993994693,1.2829998731613161,4.265517201916925,covid
2020-04-02,29.940000534057617,7.099299907684326,1.0953621864318848,2.859999895095825,1.5520000457763672,6.934999942779541,7.239999771118164,1.69,53.69,433.72,2603.0,,43.3,11.0,9.7,13.3,1986.0,101.3735,98.6,1.8538023994,75.95555877685547,87.1624526977539,56.68605041503906,0.6598305702209473,204.83528610578267,2.2262675916662253,0.6742675458898582,-0.6337323034295999,1.307999849319458,5.162069057596141,covid
2020-04-03,34.11000061035156,7.083199977874756,1.0847399234771729,2.845000028610229,1.621000051498413,6.920000076293945,7.15500020980835,1.55,53.69,434.03,2555.9,,51.8,13.8,6.9,10.7,1986.0,101.3735,98.6,1.8538023994,75.95555877685547,87.1624526977539,56.68605041503906,0.6598305702209473,204.83528610578267,2.199909837586126,0.578909786087713,-0.6450901910241029,1.223999977111816,5.881034587991649,covid
2020-04-06,33.04999923706055,7.091300010681152,1.0806955099105835,2.8499999046325684,1.7309999465942385,7.284999847412109,7.15500020980835,1.5,54.2,438.16,2326.4,,34.4,14.7,14.1,9.8,1986.0,101.3735,98.6,1.8538023994,75.95555877685547,87.1624526977539,56.68605041503906,0.6598305702209473,361.36888340919086,2.307310551383458,0.5763106047892197,-0.5426893532491102,1.1189999580383299,5.698275730527681,covid
2020-04-07,31.8700008392334,7.091300010681152,1.0803803205490112,2.805000066757202,1.8519999980926516,7.284999847412109,8.135000228881836,1.64,54.53,440.05,2390.3,,47.5,11.6,14.1,10.5,1986.0,101.3735,98.6,1.8538023994,75.95555877685547,87.1624526977539,56.68605041503906,0.6598305702209473,361.36888340919086,2.306637614619152,0.45463761652650025,-0.4983624521380503,0.9530000686645506,5.49482773090231,covid
2020-04-08,32.84000015258789,7.0447998046875,1.0895144939422607,2.809999942779541,1.7829999923706057,7.260000228881836,8.135000228881836,1.83,54.78,442.06,2229.9,,37.0,12.2,9.6,9.5,1986.0,101.3735,98.6,1.8538023994,75.95555877685547,87.1624526977539,56.68605041503906,0.6598305702209473,361.36888340919086,2.318156780023941,0.5351567876533354,-0.4918431627555999,1.0269999504089353,5.662068991825499,covid
2020-04-09,31.479999542236328,7.064899921417236,1.0863661766052246,2.805000066757202,1.7330000400543213,7.28000020980835,8.135000228881836,1.86,55.1,444.58,2394.7,,30.5,10.4,10.7,11.7,2024.0,101.3735,98.6,1.8538023994,75.95555877685547,87.1624526977539,56.68605041503906,0.6598305702209473,361.36888340919086,2.3178257614326285,0.5848257213783072,-0.4871743053245736,1.0720000267028809,5.4275861279717805,covid
2020-04-10,31.479999542236328,7.042200088500977,1.0927408933639526,2.805000066757202,1.7330000400543213,7.28000020980835,8.135000228881836,1.74,55.45,447.41,2225.0,,43.1,6.7,14.7,12.2,2024.0,101.3735,98.6,1.8538023994,81.54003143310547,97.09007263183594,62.90298843383789,0.4275696873664856,361.36888340919086,2.3314265923894504,0.5984265523351291,-0.47357347436775177,1.0720000267028809,5.4275861279717805,covid
2020-04-13,31.739999771118164,7.035099983215332,1.0932666063308716,2.805000066757202,1.7239999771118164,7.28000020980835,8.135000228881836,1.74,56.79,458.25,2231.7000000000003,,20.9,4.5,7.3,10.4,2024.0,101.3735,98.6,1.8538023994,81.54003143310547,97.09007263183594,62.90298843383789,0.4275696873664856,361.36888340919086,2.332548231744655,0.6085482546328387,-0.47245183501254706,1.0810000896453857,5.472413753641063,covid
2020-04-14,29.600000381469727,7.051599979400635,1.0922993421554563,2.799999952316284,1.649999976158142,6.875,7.894999980926514,1.86,57.1,460.77,2378.8,,22.0,5.5,11.3,10.0,2024.0,101.3735,98.6,1.8538023994,81.54003143310547,97.09007263183594,62.90298843383789,0.4275696873664856,361.36888340919086,2.200835246302544,0.5508352701444017,-0.5991647060137404,1.149999976158142,5.103448341632712,covid
2020-04-15,27.690000534057617,7.048299789428711,1.098538875579834,2.7950000762939453,1.5980000495910645,6.650000095367432,7.684999942779541,1.76,57.45,463.58,2575.3,,11.2,8.1,14.5,8.6,2024.0,97.4078,87.3,4.3918710256,81.54003143310547,97.09007263183594,62.90298843383789,0.4275696873664856,361.36888340919086,2.1409683153008747,0.5429682657098103,-0.6540317609930706,1.1970000267028809,4.774138023113382,covid
2020-04-16,27.81999969482422,7.066500186920166,1.0905101299285889,2.470000028610229,1.6859999895095823,6.90500020980835,8.364999771118164,1.68,57.71,465.71,2562.3,,21.4,6.5,9.8,10.2,2097.0,97.4078,87.3,4.3918710256,81.54003143310547,97.09007263183594,62.90298843383789,0.4275696873664856,361.36888340919086,2.2068182067427,0.5208182172331177,-0.26318182186752903,0.7840000391006468,4.796551671521417,covid
2020-04-17,28.07999992370605,7.078800201416016,1.0858471393585205,2.345000028610229,1.753000020980835,6.994999885559082,8.649999618530273,1.59,58.04,468.38,2514.0,,23.3,5.7,5.8,9.5,2097.0,97.4078,87.3,4.3918710256,81.54003143310547,97.09007263183594,62.90298843383789,0.4275696873664856,361.36888340919086,2.2260225593168825,0.47302253833604757,-0.11897746929334652,0.5920000076293941,4.841379297190699,covid
2020-04-20,25.56999969482422,7.072199821472168,1.0866966247558594,2.2699999809265137,1.924000024795532,6.619999885559082,8.515000343322754,1.71,59.31,478.66,2402.0,,34.3,10.5,17.8,5.8,2097.0,97.4078,87.3,4.3918710256,81.54003143310547,97.09007263183594,62.90298843383789,0.4275696873664856,361.36888340919086,2.1083342217849297,0.18433419698939768,-0.161665759141584,0.34599995613098167,4.408620637038658,covid
2020-04-21,19.32999992370605,7.072400093078613,1.0864840745925903,2.1050000190734863,1.8209999799728396,6.315000057220459,7.90500020980835,1.78,59.69,481.68,2725.1,,20.7,6.9,16.4,2.4,2097.0,97.4078,87.3,4.3918710256,81.54003143310547,97.09007263183594,62.90298843383789,0.4275696873664856,361.36888340919086,2.010804654328757,0.18980467435591764,-0.09419536474472912,0.28400003910064675,3.332758607535526,covid
2020-04-22,20.3700008392334,7.070799827575684,1.0856467485427856,2.075000047683716,1.9390000104904173,6.224999904632568,7.90500020980835,1.92,60.08,484.85,2713.2000000000003,,19.4,8.7,15.9,7.7,2097.0,97.4078,87.3,4.3918710256,81.54003143310547,97.09007263183594,62.90298843383789,0.4275696873664856,361.36888340919086,1.9806194664179952,0.041619455927577986,-0.09438058126572058,0.13600003719329856,3.512069110212655,covid
2020-04-23,21.32999992370605,7.083099842071533,1.080964207649231,2.049999952316284,1.815000057220459,6.054999828338623,7.90500020980835,1.9,59.66,481.44,2716.9,,39.4,7.2,12.9,5.7,2140.0,97.4078,87.3,4.3918710256,81.54003143310547,97.09007263183594,62.90298843383789,0.4275696873664856,361.36888340919086,1.918220850186771,0.10322079296631204,-0.13177910212951316,0.2349998950958252,3.677586193742423,covid
2020-04-24,21.440000534057617,7.065199851989746,1.077702283859253,2.025000095367432,1.746000051498413,5.769999980926514,7.90500020980835,1.86,60.85,491.09,2721.0000000000005,,40.7,6.5,9.2,6.5,2140.0,97.4078,87.3,4.3918710256,81.54003143310547,97.09007263183594,62.90298843383789,0.4275696873664856,361.36888340919086,1.822417062990484,0.07641701149207081,-0.2025830323769482,0.279000043869019,3.6965518162168305,covid
2020-04-27,19.989999771118164,7.080900192260742,1.08236825466156,1.995000004768372,1.819000005722046,5.940000057220459,8.050000190734863,1.81,62.1,501.14,2366.2000000000003,,47.2,3.6,11.7,12.7,2140.0,97.4078,87.3,4.3918710256,81.54003143310547,97.09007263183594,62.90298843383789,0.4275696873664856,361.36888340919086,1.8842332069092345,0.06523320118718856,-0.11076679785913757,0.17599999904632613,3.4465516846755455,covid
2020-04-28,20.459999084472656,7.085299968719482,1.0824854373931885,2.0,1.7940000295639038,6.144999980926514,8.050000190734863,1.68,62.44,503.91,2689.3,,25.2,3.2,8.4,11.4,2140.0,97.4078,87.3,4.3918710256,81.54003143310547,97.09007263183594,62.90298843383789,0.4275696873664856,361.36888340919086,1.949472469516014,0.15547243995211013,-0.05052753048398606,0.2059999704360962,3.52758604904701,covid
2020-04-29,22.540000915527344,7.078100204467773,1.0836584568023682,2.0,1.86899995803833,6.014999866485596,8.045000076293945,1.8,62.76,506.52,2583.7,,35.0,6.3,12.3,7.4,2140.0,97.4078,87.3,4.3918710256,81.54003143310547,97.09007263183594,62.90298843383789,0.4275696873664856,361.36888340919086,1.9102983678812215,0.04129840984289146,-0.08970163211877846,0.13100004196166992,3.8862070544012663,covid
2020-04-30,25.270000457763672,7.075399875640869,1.087725043296814,2.005000114440918,1.9490000009536743,6.21999979019165,8.045000076293945,1.73,63.13,509.5,2627.4,,24.1,8.6,12.4,7.2,2210.0,97.4078,87.3,4.3918710256,81.54003143310547,97.09007263183594,62.90298843383789,0.4275696873664856,361.36888340919086,1.982817100439134,0.033817099485459634,-0.02218301400178402,0.05600011348724365,4.356896630648909,covid
2020-05-01,26.440000534057617,7.061299800872803,1.094546914100647,2.0,1.8899999856948853,5.84499979019165,7.554999828338623,1.63,63.56,512.94,2555.1,,12.6,9.4,10.8,7.3,2210.0,97.4078,87.3,4.3918710256,81.54003143310547,97.09007263183594,62.90298843383789,0.4275696873664856,361.36888340919086,1.8749601374132363,-0.015039848281648949,-0.1250398625867637,0.11000001430511475,4.5586207817340725,covid
2020-05-04,27.200000762939453,7.061500072479248,1.0959625244140625,2.0,1.993000030517578,5.739999771118164,7.554999828338623,1.69,64.86,523.55,2213.7,,17.4,7.0,4.7,4.4,2210.0,97.4078,87.3,4.3918710256,81.54003143310547,97.09007263183594,62.90298843383789,0.4275696873664856,361.36888340919086,1.8436595917198018,-0.14934043879777614,-0.15634040828019824,0.006999969482422097,4.689655303955078,covid
2020-05-05,30.96999931335449,7.061500072479248,1.0904293060302734,2.0199999809265137,2.134000062942505,5.675000190734863,7.599999904632568,1.78,65.21,526.49,2469.0,,34.6,6.8,11.2,0.7,2210.0,97.4078,87.3,4.3918710256,81.54003143310547,97.09007263183594,62.90298843383789,0.4275696873664856,361.36888340919086,1.8135793137751341,-0.32042074916737073,-0.20642066715137952,-0.11400008201599121,5.339655054026636,covid
2020-05-06,29.71999931335449,7.061500072479248,1.0838581323623655,2.0199999809265137,1.944000005722046,5.764999866485596,7.585000038146973,1.93,65.54,529.13,2442.0,,32.1,8.5,9.6,0.0,2210.0,97.4078,87.3,4.3918710256,81.54003143310547,97.09007263183594,62.90298843383789,0.4275696873664856,297.8985112529889,1.8312384569092606,-0.11276154881278533,-0.1887615240172531,0.07599997520446777,5.124137812647326,covid
2020-05-07,29.459999084472656,7.103600025177002,1.0798553228378296,2.025000095367432,1.8940000534057615,5.84499979019165,7.78000020980835,1.9,65.9,532.0,2763.5,,26.9,8.3,2.0,0.0,2319.0,97.4078,87.3,4.3918710256,81.54003143310547,97.09007263183594,62.90298843383789,0.4275696873664856,297.8985112529889,1.8497934244856455,-0.04420662892011595,-0.17520667088178654,0.1310000419616706,5.079310186978044,covid
2020-05-08,30.96999931335449,7.083799839019775,1.0837171077728271,2.0299999713897705,1.8229999542236328,5.829999923706055,7.71999979019165,1.84,66.28,535.09,2692.0,,14.9,7.3,1.9,0.0,2319.0,97.4078,87.3,4.3918710256,81.54003143310547,97.09007263183594,62.90298843383789,0.4275696873664856,297.8985112529889,1.851644614709399,0.028644660485766194,-0.1783553566803715,0.2070000171661377,5.339655054026636,covid
2020-05-11,29.6299991607666,7.073100090026856,1.0839520692825315,2.039999961853028,1.825999975204468,5.704999923706055,7.71999979019165,1.74,67.8,547.4,2581.4,,21.3,8.2,10.5,0.0,2319.0,97.4078,87.3,4.3918710256,69.33940124511719,81.76082611083984,47.59123229980469,0.352815568447113,297.8985112529889,1.8123366780254804,-0.013663297178987621,-0.2276632838275474,0.2139999866485598,5.108620544959759,covid
2020-05-12,29.979999542236328,7.0980000495910645,1.080940842628479,2.115000009536743,1.7200000286102295,5.315000057220459,7.71999979019165,1.7,68.17,550.36,2722.4,,15.1,6.8,7.4,0.0,2319.0,97.4078,87.3,4.3918710256,69.33940124511719,81.76082611083984,47.59123229980469,0.352815568447113,297.8985112529889,1.6837529059248146,-0.036247122685414856,-0.43124710361192853,0.39499998092651367,5.168965438316609,covid
2020-05-13,29.190000534057617,7.082099914550781,1.0846810340881348,2.115000009536743,1.616000056266785,5.119999885559082,7.434999942779541,1.61,68.32,551.57,2718.3,,16.8,3.6,13.3,0.0,2319.0,97.4078,87.3,4.3918710256,69.33940124511719,81.76082611083984,47.59123229980469,0.352815568447113,297.8985112529889,1.62759053567537,0.011590479408585042,-0.48740947386137323,0.4989999532699583,5.032758712768555,covid
2020-05-14,31.1299991607666,7.091300010681152,1.08236825466156,2.109999895095825,1.680999994277954,5.264999866485596,7.434999942779541,1.56,68.55,553.45,2765.0,,11.8,1.7,13.2,3.3,2422.0,97.4078,87.3,4.3918710256,69.33940124511719,81.76082611083984,47.59123229980469,0.352815568447113,297.8985112529889,1.670115738592602,-0.010884255685352118,-0.4398841565032232,0.4289999008178711,5.367241234614932,covid
2020-05-15,32.5,7.094699859619141,1.0806955099105835,2.1050000190734863,1.6460000276565552,5.21999979019165,7.635000228881836,1.6,68.82,555.56,2773.0,,36.4,5.7,9.9,4.4,2422.0,97.4078,87.3,4.3918710256,69.33940124511719,81.76082611083984,47.59123229980469,0.352815568447113,297.8985112529889,1.6532822026629344,0.007282175006379177,-0.451717816410552,0.45899999141693115,5.603448275862069,covid
2020-05-18,34.810001373291016,7.101200103759766,1.0821340084075928,2.2799999713897705,1.7829999923706057,4.920000076293945,7.635000228881836,1.66,69.94,564.63,2457.3,,34.5,10.4,8.2,3.9,2422.0,84.5619,71.2,-1.9814185587,69.33940124511719,81.76082611083984,47.59123229980469,0.352815568447113,297.8985112529889,1.560340256825813,-0.2226597355447928,-0.7196597145639576,0.4969999790191648,6.001724374705348,covid
2020-05-19,34.650001525878906,7.10860013961792,1.0915124416351318,2.2149999141693115,1.830000042915344,4.610000133514404,7.940000057220459,1.77,70.32,567.74,2793.4,,22.3,10.8,2.8,0.0,2422.0,84.5619,71.2,-1.9814185587,69.33940124511719,81.76082611083984,47.59123229980469,0.352815568447113,297.8985112529889,1.4746969648580044,-0.3553030780573396,-0.7403029493113071,0.3849998712539675,5.974138194117053,covid
2020-05-20,35.75,7.098199844360352,1.0927767753601074,2.194999933242798,1.7710000276565552,4.460000038146973,7.940000057220459,1.85,70.65,570.39,2435.6,,33.7,9.7,1.1,3.1,2422.0,84.5619,71.2,-1.9814185587,69.33940124511719,81.76082611083984,47.59123229980469,0.352815568447113,297.8985112529889,1.4283659110681874,-0.34263411658836773,-0.7666340221746104,0.4239999055862427,6.163793103448276,covid
2020-05-21,36.060001373291016,7.09250020980835,1.0982975959777832,2.095000028610229,1.7100000381469729,3.825000047683716,7.940000057220459,1.83,71.0,573.22,2595.6,,31.2,7.6,7.2,2.4,2503.0,84.5619,71.2,-1.9814185587,69.33940124511719,81.76082611083984,47.59123229980469,0.352815568447113,297.8985112529889,1.2311887428376125,-0.4788112953093604,-0.8638112857726166,0.38499999046325617,6.217241616084658,covid
2020-05-22,35.130001068115234,7.114299774169922,1.0952903032302856,2.005000114440918,1.7309999465942385,3.890000104904175,7.940000057220459,1.75,71.42,576.63,2583.4,,36.1,6.0,4.5,0.0,2503.0,84.5619,71.2,-1.9814185587,69.33940124511719,81.76082611083984,47.59123229980469,0.352815568447113,297.8985112529889,1.2486824674445762,-0.4823174791496623,-0.7563176469963417,0.27400016784667947,6.056896735881937,covid
2020-05-25,35.130001068115234,7.12939977645874,1.0907801389694214,2.005000114440918,1.7309999465942385,3.890000104904175,7.940000057220459,1.7,72.71,587.17,2180.9,,6.0,2.0,5.7,4.8,2503.0,84.5619,71.2,-1.9814185587,69.33940124511719,81.76082611083984,47.59123229980469,0.352815568447113,297.8985112529889,1.2435406680319212,-0.4874592785623173,-0.7614594464089968,0.27400016784667947,6.056896735881937,covid
2020-05-26,36.16999816894531,7.135700225830078,1.0902997255325315,2.0999999046325684,1.7929999828338623,4.125,7.940000057220459,1.7,73.06,589.88,2573.3,,22.3,0.0,5.3,1.8,2503.0,84.5619,71.2,-1.9814185587,69.33940124511719,81.76082611083984,47.59123229980469,0.352815568447113,297.8985112529889,1.3180837737671058,-0.47491620906675647,-0.7819161308654625,0.30699992179870605,6.23620658085264,covid
2020-05-27,34.7400016784668,7.134099960327148,1.0981770753860474,2.0,1.722000002861023,3.694999933242798,7.940000057220459,1.79,73.36,592.3,2480.9,,42.5,0.6,4.6,0.4,2503.0,84.5619,71.2,-1.9814185587,69.33940124511719,81.76082611083984,47.59123229980469,0.352815568447113,297.8985112529889,1.1892138717169332,-0.5327861311440898,-0.8107861282830668,0.27799999713897705,5.98965546180462,covid
2020-05-28,35.290000915527344,7.1682000160217285,1.1016855239868164,2.0199999809265137,1.8270000219345093,3.509999990463257,8.479999542236328,1.78,73.6,594.24,1993.3,,46.2,3.5,2.8,0.1,2612.0,84.5619,71.2,-1.9814185587,69.33940124511719,81.76082611083984,47.59123229980469,0.352815568447113,297.8985112529889,1.1332818051683793,-0.69371821676613,-0.8867181757581344,0.1929999589920044,6.084482916470232,covid
2020-05-29,35.33000183105469,7.145199775695801,1.1079105138778689,2.065000057220459,1.8489999771118164,4.385000228881836,8.479999542236328,1.79,73.85,596.27,2074.7000000000003,,45.4,4.5,0.0,2.4,2612.0,84.5619,71.2,-1.9814185587,69.33940124511719,81.76082611083984,47.59123229980469,0.352815568447113,297.8985112529889,1.423794995790046,-0.4252049813217704,-0.641205061430413,0.21600008010864258,6.091379626043912,covid
2020-06-01,38.31999969482422,7.136300086975098,1.1118524074554443,2.0,1.77400004863739,4.054999828338623,8.479999542236328,1.7,74.77,603.76,1970.2000000000005,,25.5,2.9,0.0,2.2,2612.0,84.5619,71.2,-1.9814185587,69.33940124511719,81.76082611083984,47.59123229980469,0.352815568447113,297.8985112529889,1.3213295238090206,-0.45267052482836934,-0.6786704761909794,0.22599995136261009,6.606896499107624,covid
2020-06-02,39.56999969482422,7.126699924468994,1.1125946044921875,2.1050000190734863,1.7769999504089355,4.849999904632568,8.479999542236328,1.59,75.18,607.02,1486.7999999999995,,25.5,4.3,0.0,1.3,2612.0,84.5619,71.2,-1.9814185587,69.33940124511719,81.76082611083984,47.59123229980469,0.352815568447113,297.8985112529889,1.5814367891357974,-0.1955631612731381,-0.5235632299376889,0.3280000686645508,6.822413740486934,covid
2020-06-03,39.790000915527344,7.099899768829346,1.118943691253662,2.0999999046325684,1.8209999799728396,5.329999923706055,8.479999542236328,1.58,75.45,609.17,1682.5,,23.1,3.5,0.0,0.0,2612.0,84.5619,71.2,-1.9814185587,69.33940124511719,81.76082611083984,47.59123229980469,0.352815568447113,297.8985112529889,1.747867845109928,-0.07313213486291148,-0.35213205952264026,0.2789999246597288,6.860344985435749,covid
2020-06-04,39.9900016784668,7.114699840545654,1.1235954761505127,2.069999933242798,1.8220000267028809,5.389999866485596,8.479999542236328,1.84,75.7,611.2,1613.9999999999998,,26.1,0.9,2.6,0.0,2714.0,84.5619,71.2,-1.9814185587,69.33940124511719,81.76082611083984,47.59123229980469,0.352815568447113,297.8985112529889,1.7748918468864356,-0.04710817981644522,-0.2951080863563622,0.247999906539917,6.8948278755977235,covid
2020-06-05,42.29999923706055,7.10920000076294,1.1337867975234983,2.069999933242798,1.781999945640564,5.710000038146973,8.479999542236328,1.68,75.98,613.45,1745.0,,32.1,1.0,5.8,0.0,2714.0,84.5619,71.2,-1.9814185587,69.33940124511719,81.76082611083984,47.59123229980469,0.352815568447113,282.2484354237163,1.89732034943165,0.11532040379108599,-0.1726795838111479,0.2879999876022339,7.293103316734578,covid
2020-06-08,40.79999923706055,7.080999851226807,1.1319515705108645,2.069999933242798,1.7890000343322754,5.25,9.0600004196167,1.8,76.88,621.05,1647.1999999999998,,41.3,2.1,0.0,0.0,2714.0,84.5619,71.2,-1.9814185587,69.33940124511719,81.76082611083984,47.59123229980469,0.352815568447113,282.2484354237163,1.7416476888937846,-0.04735234543849076,-0.3283522443490132,0.28099989891052246,7.034482627079405,covid
2020-06-09,41.18000030517578,7.070300102233887,1.1305567026138306,2.059999942779541,1.7669999599456787,4.804999828338623,9.0600004196167,1.68,77.02,622.74,1917.0,,32.0,5.4,0.0,0.0,2714.0,84.5619,71.2,-1.9814185587,69.33940124511719,81.76082611083984,47.59123229980469,0.352815568447113,282.2484354237163,1.5920579935133188,-0.17494196643235993,-0.46794194926622223,0.2929999828338623,7.100000052616514,covid
2020-06-10,41.72999954223633,7.076300144195557,1.1332215070724487,2.069999933242798,1.7799999713897705,4.800000190734863,9.0600004196167,1.68,77.17,623.96,1627.1999999999998,,33.4,8.0,0.0,0.0,2714.0,84.5619,71.2,-1.9814185587,68.50721740722656,83.35546112060547,42.29555892944336,0.2928983271121979,282.2484354237163,1.594150137477537,-0.18584983391223342,-0.47584979576526076,0.28999996185302734,7.194827507282126,covid
2020-06-11,38.54999923706055,7.059999942779541,1.1365444660186768,2.069999933242798,1.812999963760376,4.989999771118164,9.0600004196167,1.72,77.32,625.18,1568.0,,43.4,6.7,0.0,0.0,2807.0,84.5619,71.2,-1.9814185587,68.50721740722656,83.35546112060547,42.29555892944336,0.2928983271121979,282.2484354237163,1.6621113510286252,-0.1508886127317508,-0.4078885822141727,0.2569999694824219,6.646551592596646,covid
2020-06-12,38.72999954223633,7.064099788665772,1.1288082599639893,2.065000057220459,1.7309999465942385,5.275000095367432,8.75,1.77,77.54,627.01,1500.7,,29.4,5.8,1.6,0.0,2807.0,84.5619,71.2,-1.9814185587,68.50721740722656,83.35546112060547,42.29555892944336,0.2928983271121979,282.2484354237163,1.745081877930445,0.014081931336206388,-0.3199181792900141,0.3340001106262205,6.6775861279717805,covid
2020-06-15,39.720001220703125,7.082399845123291,1.1252011060714722,2.062999963760376,1.6690000295639038,5.514999866485596,8.75,1.67,78.55,635.13,1424.6999999999998,,24.0,4.4,0.0,0.0,2807.0,85.9604,81.2,-8.6887133645,68.50721740722656,83.35546112060547,42.29555892944336,0.2928983271121979,282.2484354237163,1.8186486925371215,0.14964866297321766,-0.2443512712232545,0.39399993419647217,6.848276072535022,covid
2020-06-16,40.959999084472656,7.090799808502197,1.1337740421295166,2.25,1.6139999628067017,5.260000228881836,9.100000381469728,1.64,78.79,637.0,1548.0,,40.5,2.4,0.0,0.0,2807.0,85.9604,81.2,-8.6887133645,68.50721740722656,83.35546112060547,42.29555892944336,0.2928983271121979,282.2484354237163,1.7477746285619997,0.13377466575529806,-0.5022253714380003,0.6360000371932983,7.0620688076677,covid
2020-06-17,40.709999084472656,7.085999965667725,1.1265701055526731,2.200000047683716,1.6380000114440918,5.210000038146973,9.09000015258789,1.43,78.98,638.54,1716.4,,39.3,0.0,0.0,0.0,2807.0,85.9604,81.2,-8.6887133645,68.50721740722656,83.35546112060547,42.29555892944336,0.2928983271121979,282.2484354237163,1.7201610405507002,0.08216102910660839,-0.47983900713301564,0.562000036239624,7.018965359391838,covid
2020-06-18,41.5099983215332,7.084499835968018,1.1242902278900146,2.200000047683716,1.6380000114440918,5.449999809265137,9.09000015258789,1.55,79.14,639.89,1554.0,,37.7,0.0,3.8,0.0,2892.0,85.9604,81.2,-8.6887133645,68.50721740722656,83.35546112060547,42.29555892944336,0.2928983271121979,282.2484354237163,1.7957591211261077,0.1577591096820159,-0.4042409265576081,0.562000036239624,7.156896262333311,covid
2020-06-19,42.18999862670898,7.088399887084961,1.1211000680923462,2.220000028610229,1.6690000295639038,5.614999771118164,9.600000381469728,1.51,79.35,641.55,1571.5,,27.8,0.1,3.2,0.0,2892.0,85.9604,81.2,-8.6887133645,68.50721740722656,83.35546112060547,42.29555892944336,0.2928983271121979,282.2484354237163,1.8448764194139402,0.1758763898500364,-0.37512360919628884,0.5509999990463252,7.274137694260169,covid
2020-06-22,43.08000183105469,7.071300029754639,1.1177555322647097,2.25,1.6640000343322754,5.494999885559082,9.600000381469728,1.49,80.22,648.61,1339.0,,22.5,0.0,0.0,0.0,2892.0,85.9604,81.2,-8.6887133645,68.50721740722656,83.35546112060547,42.29555892944336,0.2928983271121979,282.2484354237163,1.8000628701863377,0.13606283585406231,-0.4499371298136623,0.5859999656677246,7.427586522595636,covid
2020-06-23,42.630001068115234,7.067399978637695,1.1279679536819458,2.299999952316284,1.6369999647140503,5.829999923706055,10.119999885559082,1.64,80.46,650.64,1535.3000000000002,,25.3,0.4,0.0,0.0,2892.0,85.9604,81.2,-8.6887133645,68.50721740722656,83.35546112060547,42.29555892944336,0.2928983271121979,282.2484354237163,1.927251837236637,0.29025187252258666,-0.3727481150796472,0.6629999876022339,7.350000184157799,covid
2020-06-24,40.310001373291016,7.057400226593018,1.1312345266342163,2.240000009536743,1.597000002861023,5.664999961853027,10.154999732971191,1.61,80.69,652.48,1555.0,,18.5,1.6,0.0,0.0,2892.0,85.9604,81.2,-8.6887133645,68.50721740722656,83.35546112060547,42.29555892944336,0.2928983271121979,282.2484354237163,1.8781303083196068,0.28113030545858386,-0.36186970121713635,0.6430000066757202,6.950000236774313,covid
2020-06-25,41.04999923706055,7.077199935913086,1.1250872611999512,2.220000028610229,1.4819999933242798,5.255000114440918,10.0649995803833,1.64,80.89,654.05,1534.3,,18.1,1.3,0.0,0.0,3012.0,85.9604,81.2,-8.6887133645,68.50721740722656,83.35546112060547,42.29555892944336,0.2928983271121979,282.2484354237163,1.7327347900032715,0.2507347966789917,-0.4872652386069576,0.7380000352859493,7.077586075355267,covid
2020-06-26,41.02000045776367,7.077199935913086,1.1222084760665894,2.200000047683716,1.4950000047683716,5.105000019073486,9.859999656677246,1.53,81.08,655.65,1575.6,,21.7,0.7,0.0,0.0,3012.0,85.9604,81.2,-8.6887133645,68.50721740722656,83.35546112060547,42.29555892944336,0.2928983271121979,282.2484354237163,1.6789681231498024,0.1839681183814308,-0.5210319245339134,0.7050000429153442,7.0724138720282195,covid
2020-06-29,41.709999084472656,7.077199935913086,1.1225864887237549,2.200000047683716,1.7089999914169312,5.840000152587891,10.675000190734863,1.42,81.99,662.99,1351.6999999999998,,26.9,0.0,0.0,0.0,3012.0,85.9604,81.2,-8.6887133645,68.50721740722656,83.35546112060547,42.29555892944336,0.2928983271121979,282.2484354237163,1.92134709169021,0.21234710027327885,-0.2786529559935058,0.49100005626678467,7.191379152495286,covid
2020-06-30,41.150001525878906,7.079599857330322,1.1247202157974243,2.150000095367432,1.7510000467300415,6.164999961853027,10.75,1.67,82.23,664.94,1511.4,,35.4,0.0,0.0,0.0,3012.0,85.9604,81.2,-8.6887133645,68.50721740722656,83.35546112060547,42.29555892944336,0.2928983271121979,282.2484354237163,2.03212649172849,0.2811264449984483,-0.11787360363894228,0.3990000486373906,7.094827849289467,covid
2020-07-01,42.02999877929688,7.06440019607544,1.1235954761505127,2.200000047683716,1.6710000038146973,5.864999771118164,10.75,1.76,82.45,666.71,1612.0,,35.3,0.0,0.0,0.0,3012.0,85.9604,81.2,-8.6887133645,68.50721740722656,83.35546112060547,42.29555892944336,0.2928983271121979,282.2484354237163,1.9313062214481709,0.2603062176334736,-0.26869382623554494,0.5290000438690186,7.246551513671877,covid
2020-07-02,43.13999938964844,7.070099830627441,1.1251378059387207,2.200000047683716,1.7339999675750732,5.945000171661377,10.890000343322754,1.69,82.49,667.88,1675.5,,26.9,0.0,0.0,0.0,3077.0,85.9604,81.2,-8.6887133645,68.50721740722656,83.35546112060547,42.29555892944336,0.2928983271121979,282.2484354237163,1.9603370463839114,0.22633707880883813,-0.23966300129980445,0.4660000801086426,7.437930929249731,covid
2020-07-03,43.13999938964844,7.065499782562256,1.1237848997116089,2.200000047683716,1.7339999675750732,5.945000171661377,10.890000343322754,1.58,82.64,669.1,1901.3,,40.2,1.1,0.0,0.0,3077.0,85.9604,81.2,-8.6887133645,68.50721740722656,83.35546112060547,42.29555892944336,0.2928983271121979,282.2484354237163,1.9579798665048849,0.22397989892981163,-0.24202018117883095,0.4660000801086426,7.437930929249731,covid
2020-07-06,43.09999847412109,7.065400123596191,1.1247202157974243,2.194999933242798,1.830000042915344,6.09499979019165,11.850000381469728,1.58,83.63,677.11,1767.4,,29.9,0.5,0.0,0.0,3077.0,85.9604,81.2,-8.6887133645,68.50721740722656,83.35546112060547,42.29555892944336,0.2928983271121979,247.64983749308044,2.009052817091212,0.17905277417586807,-0.18594711615158577,0.36499989032745384,7.431034219676049,covid
2020-07-07,43.08000183105469,7.017300128936768,1.1312856674194336,2.194999933242798,1.8760000467300413,6.125,11.649999618530272,1.71,83.8,678.42,2053.3,,12.0,1.3,0.0,0.0,3077.0,85.9604,81.2,-8.6887133645,68.50721740722656,83.35546112060547,42.29555892944336,0.2928983271121979,247.64983749308044,2.030726966931026,0.15472692020098466,-0.1642729663117719,0.31899988651275657,7.427586522595636,covid
2020-07-08,43.290000915527344,7.012899875640869,1.1275228261947632,2.190000057220459,1.8240000009536743,5.934999942779541,11.649999618530272,1.76,83.89,679.17,1962.6,,32.2,1.4,0.0,0.0,3077.0,85.9604,81.2,-8.6887133645,68.50721740722656,83.35546112060547,42.29555892944336,0.2928983271121979,247.64983749308044,1.9611879667740908,0.13718796582041648,-0.2288120904463682,0.36600005626678467,7.463793261297818,covid
2020-07-09,42.34999847412109,7.003499984741211,1.1339154243469238,2.1700000762939453,1.7790000438690186,5.755000114440918,11.404999732971191,1.78,83.95,679.65,2099.1,,54.4,1.2,0.0,0.0,3133.0,85.9604,81.2,-8.6887133645,68.50721740722656,83.35546112060547,42.29555892944336,0.2928983271121979,247.64983749308044,1.9124899320903799,0.13348988822136132,-0.25751014420356544,0.39100003242492676,7.301723874848464,covid
2020-07-10,43.2400016784668,6.993100166320801,1.128795504570007,2.174999952316284,1.8049999475479128,5.474999904632568,11.604999542236328,1.88,83.99,680.01,2259.7,,57.5,0.3,0.0,0.0,3133.0,85.9604,81.2,-8.6887133645,68.50721740722656,83.35546112060547,42.29555892944336,0.2928983271121979,247.64983749308044,1.8112255885955622,0.006225641047649333,-0.363774363720722,0.37000000476837136,7.455172703183931,covid
2020-07-13,42.720001220703125,6.992000102996826,1.1310042142868042,2.1549999713897705,1.7389999628067017,5.110000133514404,11.645000457763672,1.79,84.69,685.66,1874.4,,15.7,3.5,0.0,0.0,3133.0,85.9604,81.2,-8.6887133645,71.22785949707031,85.86660766601562,49.760887145996094,0.489110380411148,247.64983749308044,1.693785039890193,-0.04521492291650864,-0.4612149314995775,0.41600000858306885,7.365517451845367,covid
2020-07-14,42.900001525878906,6.996399879455566,1.134549617767334,2.1600000858306885,1.746000051498413,5.085000038146973,11.84000015258789,1.75,84.91,687.41,2039.2,,20.4,1.6,0.0,0.0,3133.0,85.9604,81.2,-8.6887133645,71.22785949707031,85.86660766601562,49.760887145996094,0.489110380411148,247.64983749308044,1.6907819871478096,-0.0552180643506035,-0.4692180986828789,0.4140000343322754,7.3965519872205014,covid
2020-07-15,43.790000915527344,6.995800018310547,1.1410704851150513,2.1640000343322754,1.777999997138977,5.224999904632568,11.505000114440918,1.74,84.94,687.58,2054.2000000000003,,34.3,3.6,0.0,0.0,3133.0,85.9604,81.2,-8.6887133645,71.22785949707031,85.86660766601562,49.760887145996094,0.489110380411148,247.64983749308044,1.7473178638347728,-0.030682133304204218,-0.41668217049750256,0.38600003719329834,7.550000157849542,covid
2020-07-16,43.369998931884766,6.987800121307373,1.1417193412780762,2.5,1.7230000495910645,5.059999942779541,10.595000267028809,1.76,84.89,687.18,2043.2,,26.1,4.1,0.0,0.0,3178.0,91.5934,88.7,-2.1385661152,71.22785949707031,85.86660766601562,49.760887145996094,0.489110380411148,247.64983749308044,1.6931016316849135,-0.029898417906150998,-0.8068983683150865,0.7769999504089355,7.477586022738753,covid
2020-07-17,43.13999938964844,6.9882001876831055,1.139211654663086,2.505000114440918,1.718000054359436,5.114999771118164,11.145000457763672,1.79,84.88,687.04,2152.6,,20.9,3.3,0.0,0.0,3178.0,91.5934,88.7,-2.1385661152,71.22785949707031,85.86660766601562,49.760887145996094,0.489110380411148,247.64983749308044,1.7077456824329686,-0.010254371926467387,-0.7972544320079493,0.7870000600814819,7.437930929249731,covid
2020-07-20,43.27999877929688,6.991199970245361,1.1442956924438477,2.450000047683716,1.6410000324249268,4.730000019073486,10.449999809265137,1.79,84.98,687.91,1551.0,,12.2,2.3,0.0,0.0,3178.0,91.5934,88.7,-2.1385661152,71.22785949707031,85.86660766601562,49.760887145996094,0.489110380411148,247.64983749308044,1.58625339144499,-0.05474664097993687,-0.8637466562387259,0.8090000152587891,7.462068755051186,covid
2020-07-21,44.31999969482422,6.9822998046875,1.1458691358566284,2.4749999046325684,1.6749999523162842,4.789999961853027,10.579999923706056,1.71,84.99,687.96,1788.1999999999998,,5.5,1.9,0.0,0.0,3178.0,91.5934,88.7,-2.1385661152,71.22785949707031,85.86660766601562,49.760887145996094,0.489110380411148,247.64983749308044,1.608583796984242,-0.06641615533204215,-0.8664161076483263,0.7999999523162842,7.641379257728314,covid
2020-07-22,44.290000915527344,6.979700088500977,1.15340256690979,2.5,1.680999994277954,4.829999923706055,10.579999923706056,1.66,84.94,687.59,1746.8000000000002,,8.0,0.1,0.0,0.0,3178.0,91.5934,88.7,-2.1385661152,71.22785949707031,85.86660766601562,49.760887145996094,0.489110380411148,247.64983749308044,1.6326804615803143,-0.04831953269763978,-0.8673195384196857,0.8190000057220459,7.636207054401266,covid
2020-07-23,43.310001373291016,6.998700141906738,1.1568717956542969,2.569999933242798,1.784999966621399,4.985000133514404,10.869999885559082,1.69,84.86,687.24,1698.7000000000005,,17.5,0.0,0.0,0.0,3215.0,91.5934,88.7,-2.1385661152,71.22785949707031,85.86660766601562,49.760887145996094,0.489110380411148,247.64983749308044,1.6901434454025095,-0.09485652121888943,-0.8798564878402884,0.7849999666213989,7.467241616084658,covid
2020-07-24,43.34000015258789,7.003099918365479,1.1596084833145142,2.595000028610229,1.807999968528748,5.010000228881836,10.505000114440918,1.75,84.83,686.94,1732.7,,17.0,0.9,0.0,0.0,3215.0,91.5934,88.7,-2.1385661152,71.22785949707031,85.86660766601562,49.760887145996094,0.489110380411148,247.64983749308044,1.702637865626567,-0.10536210290218095,-0.892362162983662,0.787000060081481,7.472413819411705,covid
2020-07-27,43.40999984741211,7.01609992980957,1.1652567386627195,2.684999942779541,1.7339999675750732,4.784999847412109,10.505000114440918,1.77,85.16,689.64,1367.4,,16.6,3.2,0.0,0.0,3215.0,91.5934,88.7,-2.1385661152,71.22785949707031,85.86660766601562,49.760887145996094,0.489110380411148,247.64983749308044,1.6340927736543769,-0.09990719392069636,-1.0509071691251641,0.9509999752044678,7.484482732312433,covid
2020-07-28,43.220001220703125,6.993199825286865,1.1769275665283203,2.700000047683716,1.7999999523162842,4.960000038146973,10.255000114440918,1.85,85.33,691.08,1759.1,,27.6,0.7,0.0,0.0,3215.0,91.5934,88.7,-2.1385661152,71.22785949707031,85.86660766601562,49.760887145996094,0.489110380411148,247.64983749308044,1.7108210023260162,-0.08917894999026799,-0.9891790453576996,0.9000000953674316,7.45172434839709,covid
2020-07-29,43.75,6.99970006942749,1.171879529953003,2.6600000858306885,1.8539999723434448,5.175000190734863,10.454999923706056,1.83,85.48,693.23,1673.0,,26.7,0.3,0.0,0.0,3215.0,91.5934,88.7,-2.1385661152,71.22785949707031,85.86660766601562,49.760887145996094,0.489110380411148,247.64983749308044,1.77732355384746,-0.07667641849598472,-0.8826765319832284,0.8060001134872437,7.543103448275862,covid
2020-07-30,42.93999862670898,7.00029993057251,1.1782865524291992,2.615000009536743,1.8289999961853027,5.224999904632568,10.1899995803833,1.77,85.64,694.54,1743.9999999999998,,29.3,0.0,0.0,0.0,3241.0,91.5934,88.7,-2.1385661152,71.22785949707031,85.86660766601562,49.760887145996094,0.489110380411148,247.64983749308044,1.8043067177995051,-0.0246932783857976,-0.810693291737238,0.7860000133514404,7.403448039087755,covid
2020-07-31,43.29999923706055,7.007299900054932,1.1872254610061646,2.559999942779541,1.7990000247955322,6.025000095367432,10.46500015258789,1.81,85.77,695.55,1835.8,,34.9,0.3,0.0,0.0,3241.0,91.5934,88.7,-2.1385661152,71.22785949707031,85.86660766601562,49.760887145996094,0.489110380411148,247.64983749308044,2.0963481908083446,0.29734816601281233,-0.46365175197119646,0.7609999179840088,7.465517109838026,covid
2020-08-03,44.150001525878906,6.974199771881104,1.1782310009002686,2.684999942779541,2.1010000705718994,6.800000190734863,10.43000030517578,1.83,86.41,701.21,1459.4,,46.3,2.0,0.0,0.0,3241.0,91.5934,88.7,-2.1385661152,71.22785949707031,85.86660766601562,49.760887145996094,0.489110380411148,247.64983749308044,2.3480780480436194,0.24707797747172,-0.3369218947359216,0.5839998722076416,7.612069228599812,covid
2020-08-04,44.43000030517578,6.979400157928467,1.1763322353363037,2.684999942779541,2.193000078201294,7.355000019073486,10.699999809265137,1.95,86.57,702.5,1469.9,,20.5,0.0,0.0,0.0,3241.0,91.5934,88.7,-2.1385661152,71.22785949707031,85.86660766601562,49.760887145996094,0.489110380411148,247.64983749308044,2.5356297260180622,0.3426296478167683,-0.14937021676147877,0.49199986457824707,7.660344880202721,covid
2020-08-05,45.16999816894531,6.972700119018555,1.181544303894043,2.7300000190734863,2.190999984741211,7.320000171661377,10.699999809265137,2.07,86.71,703.65,1344.5,,21.0,0.0,0.0,0.0,3241.0,91.5934,88.7,-2.1385661152,71.22785949707031,85.86660766601562,49.760887145996094,0.489110380411148,248.82285634494744,2.534744912966618,0.34374492822540725,-0.19525510610686814,0.5390000343322754,7.787930718783675,covid
2020-08-06,45.09000015258789,6.934599876403809,1.187281847000122,2.775000095367432,2.164999961853028,7.940000057220459,10.484999656677246,2.23,86.89,705.11,1535.5,,35.8,0.0,0.0,0.0,3274.0,91.5934,88.7,-2.1385661152,71.22785949707031,85.86660766601562,49.760887145996094,0.489110380411148,248.82285634494744,2.7627875565239943,0.5977875946709665,-0.012212538843437759,0.6100001335144043,7.77413795734274,covid
2020-08-07,44.400001525878906,6.952400207519531,1.1876484155654907,2.7850000858306885,2.23799991607666,7.929999828338623,10.539999961853027,2.26,87.06,706.42,1331.1,,24.1,0.9,0.0,0.0,3274.0,91.5934,88.7,-2.1385661152,71.22785949707031,85.86660766601562,49.760887145996094,0.489110380411148,248.82285634494744,2.7601598209806686,0.5221599049040084,-0.02484026485001989,0.5470001697540283,7.655172676875674,covid
2020-08-10,44.9900016784668,6.9670000076293945,1.178272724151611,2.8399999141693115,2.1530001163482666,7.590000152587891,10.539999961853027,2.15,87.81,712.57,1386.4,,36.6,0.0,0.0,0.0,3274.0,91.5934,88.7,-2.1385661152,66.47328186035156,88.73797607421875,36.25208282470703,0.4005580842494964,248.82285634494744,2.6209622571467985,0.46796214079853193,-0.219037657022513,0.6869997978210449,7.7568968411149655,covid
2020-08-11,44.5,6.9608001708984375,1.1737778186798096,2.875,2.1710000038146973,7.414999961853027,10.539999961853027,2.18,87.93,713.62,1561.3,,19.9,0.0,0.0,0.0,3274.0,91.5934,88.7,-2.1385661152,66.47328186035156,88.73797607421875,36.25208282470703,0.4005580842494964,248.82285634494744,2.550763591392709,0.37976358757801165,-0.3242364086072911,0.7039999961853027,7.672413793103448,covid
2020-08-12,45.43000030517578,6.945300102233887,1.1736538410186768,2.880000114440918,2.1519999504089355,7.170000076293945,10.345000267028809,2.19,88.18,715.59,1482.0000000000002,,20.1,0.0,0.0,0.0,3274.0,91.5934,88.7,-2.1385661152,66.47328186035156,88.73797607421875,36.25208282470703,0.4005580842494964,248.82285634494744,2.466222994849741,0.3142230444408054,-0.413777119591177,0.7280001640319824,7.832758673306169,covid
2020-08-13,44.959999084472656,6.936200141906738,1.179380178451538,2.884999990463257,2.181999921798706,7.309999942779541,10.149999618530272,2.05,88.34,716.95,1455.3,,12.6,0.0,0.0,0.0,3332.0,91.5934,88.7,-2.1385661152,66.47328186035156,88.73797607421875,36.25208282470703,0.4005580842494964,248.82285634494744,2.5266457522247237,0.3446458304260176,-0.3583542382385332,0.7030000686645508,7.7517239800814925,covid
2020-08-14,44.79999923706055,6.943600177764893,1.1816558837890625,2.8980000019073486,2.3559999465942383,8.020000457763672,10.149999618530272,2.19,88.51,718.33,1427.0,,26.9,0.0,0.0,0.0,3332.0,91.5934,88.7,-2.1385661152,66.47328186035156,88.73797607421875,36.25208282470703,0.4005580842494964,248.82285634494744,2.7774009064421206,0.4214009598478823,-0.12059909546522807,0.5420000553131104,7.724137799493198,covid
2020-08-17,45.369998931884766,6.949399948120117,1.1852554082870483,4.175000190734863,2.33899998664856,8.180000305175781,10.489999771118164,2.23,89.22,724.1,1209.4,,43.8,0.0,0.0,0.0,3332.0,95.0256,92.8,-2.9421578522,66.47328186035156,88.73797607421875,36.25208282470703,0.4005580842494964,248.82285634494744,2.8414395662250964,0.5024395795765364,-1.3335606245097669,1.8360002040863033,7.8224136089456495,covid
2020-08-18,45.459999084472656,6.93179988861084,1.1876484155654907,4.21999979019165,2.4170000553131104,8.550000190734863,10.59000015258789,2.32,89.42,725.67,1583.0,,40.8,0.0,0.0,0.0,3332.0,95.0256,92.8,-2.9421578522,66.47328186035156,88.73797607421875,36.25208282470703,0.4005580842494964,248.82285634494744,2.975960593531011,0.5589605382179008,-1.2440391966606392,1.80299973487854,7.837930876633217,covid
2020-08-19,45.369998931884766,6.92080020904541,1.1947859525680542,4.090000152587891,2.4260001182556152,8.354999542236328,10.479999542236328,2.45,89.6,727.1,1615.2,,28.0,0.0,0.0,0.0,3332.0,95.0256,92.8,-2.9421578522,66.47328186035156,88.73797607421875,36.25208282470703,0.4005580842494964,248.82285634494744,2.925564627118608,0.499564508862993,-1.1644355254692824,1.6640000343322754,7.8224136089456495,covid
2020-08-20,44.900001525878906,6.9191999435424805,1.1843500137329102,3.924999952316284,2.351999998092652,8.149999618530273,10.265000343322754,2.43,89.77,728.49,1480.2,,26.9,0.0,0.0,0.0,3375.0,95.0256,92.8,-2.9421578522,66.47328186035156,88.73797607421875,36.25208282470703,0.4005580842494964,248.82285634494744,2.8288558383095483,0.47685584021689653,-1.0961441140067358,1.5729999542236324,7.741379573427398,covid
2020-08-21,44.34999847412109,6.91480016708374,1.1873664855957031,3.704999923706055,2.447999954223633,7.619999885559082,10.225000381469728,2.35,89.94,729.86,1456.0,,21.0,0.0,0.0,0.0,3375.0,95.0256,92.8,-2.9421578522,66.47328186035156,88.73797607421875,36.25208282470703,0.4005580842494964,248.82285634494744,2.651629910952056,0.203629956728423,-1.0533700127539993,1.2569999694824223,7.64655146105536,covid
2020-08-24,45.130001068115234,6.918499946594238,1.1798018217086792,3.9049999713897705,2.513000011444092,8.359999656677246,11.024999618530272,2.39,90.71,736.08,1201.3,,19.8,0.0,0.0,0.0,3375.0,95.0256,92.8,-2.9421578522,66.47328186035156,88.73797607421875,36.25208282470703,0.4005580842494964,248.82285634494744,2.890603206325575,0.3776031948814831,-1.0143967650641956,1.3919999599456787,7.78103466691642,covid
2020-08-25,45.86000061035156,6.918900012969971,1.1794538497924805,4.025000095367432,2.489000082015991,8.864999771118164,11.395000457763672,2.57,90.8,736.92,1684.1,,30.1,0.0,0.0,0.0,3375.0,95.0256,92.8,-2.9421578522,66.47328186035156,88.73797607421875,36.25208282470703,0.4005580842494964,248.82285634494744,3.064310992062101,0.5753109100461096,-0.9606891033053309,1.5360000133514404,7.906896656957167,covid
2020-08-26,45.63999938964844,6.911900043487549,1.183501958847046,4.105000019073486,2.4609999656677246,9.149999618530272,11.425000190734863,2.54,90.91,737.8,1568.4,,47.2,0.0,0.0,0.0,3375.0,95.0256,92.8,-2.9421578522,66.47328186035156,88.73797607421875,36.25208282470703,0.4005580842494964,248.82285634494744,3.1736805851988192,0.7126806195310946,-0.9313194338746671,1.6440000534057617,7.868965412008351,covid
2020-08-27,45.09000015258789,6.884900093078613,1.1842728853225708,3.974999904632568,2.5789999961853027,8.869999885559082,11.3149995803833,2.52,91.01,738.6,1551.5,,50.4,0.0,0.0,0.0,3420.0,95.0256,92.8,-2.9421578522,66.47328186035156,88.73797607421875,36.25208282470703,0.4005580842494964,248.82285634494744,3.0785666348045293,0.49956663861922657,-0.8964332698280386,1.3959999084472652,7.77413795734274,covid
2020-08-28,45.04999923706055,6.889200210571289,1.1819632053375244,4.224999904632568,2.657000064849853,11.170000076293944,11.765000343322754,2.52,91.04,738.86,1632.3,,38.4,0.6,0.0,0.0,3420.0,95.0256,92.8,-2.9421578522,66.47328186035156,88.73797607421875,36.25208282470703,0.4005580842494964,248.82285634494744,3.8692811824241624,1.2122811175743093,-0.35571872220840595,1.5679998397827153,7.76724124776906,covid
2020-08-31,45.27999877929688,6.8643999099731445,1.1918240785598757,4.224999904632568,2.630000114440918,11.239999771118164,11.454999923706056,2.46,91.06,739.44,1153.3000000000002,,57.9,1.5,0.0,0.0,3420.0,95.0256,92.8,-2.9421578522,66.47328186035156,88.73797607421875,36.25208282470703,0.4005580842494964,248.82285634494744,3.9260119368566704,1.2960118224157524,-0.298987967775898,1.5949997901916504,7.806896341258083,covid
2020-09-01,45.58000183105469,6.847700119018555,1.193901538848877,4.300000190734863,2.5269999504089355,11.295000076293944,11.029999732971191,2.3,91.07,739.46,1424.4,,25.1,2.5,0.0,0.0,3420.0,95.0256,92.8,-2.9421578522,66.47328186035156,88.73797607421875,36.25208282470703,0.4005580842494964,248.82285634494744,3.9520998471298134,1.425099896720878,-0.34790034360504984,1.7730002403259277,7.858621005354257,covid
2020-09-02,44.43000030517578,6.827499866485596,1.1923214197158811,4.224999904632568,2.486000061035156,11.109999656677246,11.265000343322754,2.22,90.93,738.36,1371.5,,37.1,2.0,0.0,0.0,3420.0,95.0256,92.8,-2.9421578522,66.47328186035156,88.73797607421875,36.25208282470703,0.4005580842494964,248.82285634494744,3.882223637861391,1.3962235768262352,-0.34277626677117734,1.7389998435974126,7.660344880202721,covid
2020-09-03,44.06999969482422,6.837299823760986,1.184735894203186,4.340000152587891,2.486999988555908,11.734999656677246,11.4399995803833,2.15,91.26,741.04,1567.2000000000005,,27.9,2.8,0.0,0.0,3455.0,95.0256,92.8,-2.9421578522,66.47328186035156,88.73797607421875,36.25208282470703,0.4005580842494964,248.82285634494744,4.074532496242123,1.5875325076862152,-0.2654676563457672,1.8530001640319824,7.598275809452452,covid
2020-09-04,42.65999984741211,6.845799922943115,1.1839784383773804,4.224999904632568,2.588000059127808,11.68000030517578,10.895000457763672,2.32,91.41,742.26,1796.2999999999995,,30.2,2.3,0.0,0.0,3455.0,95.0256,92.8,-2.9421578522,66.47328186035156,88.73797607421875,36.25208282470703,0.4005580842494964,248.82285634494744,4.052843236669465,1.4648431775416566,-0.1721566679631037,1.6369998455047603,7.3551723874848465,covid
2020-09-07,42.65999984741211,6.84149980545044,1.183445930480957,4.224999904632568,2.588000059127808,11.68000030517578,10.895000457763672,1.8,92.08,747.65,945.6,,10.4,3.4,0.0,0.0,3455.0,95.0256,92.8,-2.9421578522,66.47328186035156,88.73797607421875,36.25208282470703,0.4005580842494964,213.0903573430201,4.0510204238913445,1.4630203647635365,-0.17397948074122382,1.6369998455047603,7.3551723874848465,covid
2020-09-08,39.77999877929688,6.829500198364258,1.182172775268555,4.320000171661377,2.400000095367432,10.800000190734863,10.675000190734863,1.8,92.2,748.65,1398.4,,40.0,1.8,0.0,0.0,3455.0,95.0256,92.8,-2.9421578522,66.47328186035156,88.73797607421875,36.25208282470703,0.4005580842494964,213.0903573430201,3.7417767730462277,1.3417766776787956,-0.5782233986151493,1.9200000762939449,6.858620479189118,covid
2020-09-09,40.790000915527344,6.845099925994873,1.177024483680725,4.25,2.4059998989105225,10.734999656677246,10.859999656677246,2.35,92.34,749.78,1507.7,,36.4,0.9,0.0,0.0,3455.0,95.0256,92.8,-2.9421578522,66.47328186035156,88.73797607421875,36.25208282470703,0.4005580842494964,213.0903573430201,3.7030594958628007,1.2970595969522782,-0.5469405041371993,1.8440001010894775,7.032758778539198,covid
2020-09-10,40.060001373291016,6.831799983978272,1.1806375980377195,4.309999942779541,2.322999954223633,10.515000343322754,11.354999542236328,2.21,92.49,750.99,1593.3000000000002,,39.0,3.1,0.0,0.0,3525.0,95.0256,92.8,-2.9421578522,65.46604919433594,90.00911712646484,28.454627990722656,0.5120441913604736,213.0903573430201,3.6383046266291457,1.3153046724055129,-0.6716953161503953,1.9869999885559082,6.906896788498451,covid
2020-09-11,39.83000183105469,6.8333001136779785,1.1824384927749634,4.309999942779541,2.2690000534057617,10.494999885559082,11.354999542236328,2.13,92.61,752.05,1724.5000000000002,,27.3,4.2,0.0,0.0,3525.0,95.0256,92.8,-2.9421578522,65.46604919433594,90.00911712646484,28.454627990722656,0.5120441913604736,213.0903573430201,3.6369234106320065,1.3679233572262448,-0.6730765321475345,2.0409998893737793,6.8672416950094295,covid
2020-09-14,39.61000061035156,6.833399772644043,1.1842728853225708,4.309999942779541,2.309999942779541,10.704999923706056,12.154999732971191,1.93,93.29,757.56,1080.8,,42.3,1.0,0.6,0.0,3525.0,95.0256,92.8,-2.9421578522,65.46604919433594,90.00911712646484,28.454627990722656,0.5120441913604736,213.0903573430201,3.7154516365170456,1.4054516937375046,-0.5945483062624954,2.0,6.829310450060614,covid
2020-09-15,40.52999877929688,6.809100151062012,1.187000036239624,4.308000087738037,2.361999988555908,10.895000457763672,11.854999542236328,2.18,93.41,758.61,1407.7,,20.4,3.4,1.0,0.0,3525.0,95.9549,93.6,-0.0180690249,65.46604919433594,90.00911712646484,28.454627990722656,0.5120441913604736,213.0903573430201,3.7901041393952766,1.4281041508393684,-0.5178959483427605,1.946000099182129,6.987930824016704,covid
2020-09-16,42.220001220703125,6.780300140380859,1.1844412088394165,4.894999980926514,2.2669999599456787,11.31999969482422,11.949999809265137,2.19,93.54,759.61,1422.3000000000002,,31.3,3.9,0.5,0.0,3525.0,95.9549,93.6,-0.0180690249,65.46604919433594,90.00911712646484,28.454627990722656,0.5120441913604736,213.0903573430201,3.9294618985737473,1.6624619386280686,-0.9655380823527664,2.628000020980835,7.279310555293643,covid
2020-09-17,43.29999923706055,6.753699779510498,1.1803449392318726,4.84499979019165,2.0420000553131104,11.119999885559082,11.3149995803833,2.06,93.62,760.32,1487.4,,41.1,2.7,0.0,0.0,3614.0,95.9549,93.6,-0.0180690249,65.46604919433594,90.00911712646484,28.454627990722656,0.5120441913604736,213.0903573430201,3.84668729570846,1.8046872403953498,-0.9983124944831903,2.80299973487854,7.465517109838026,covid
2020-09-18,43.150001525878906,6.764100074768066,1.1848200559616089,4.84499979019165,2.0480000972747803,11.475000381469728,11.145000457763672,1.65,93.53,759.56,1535.6,,44.5,1.4,0.0,0.0,3614.0,95.9549,93.6,-0.0180690249,65.46604919433594,90.00911712646484,28.454627990722656,0.5120441913604736,213.0903573430201,3.9845406677722623,1.936540570497482,-0.860459122419388,2.79699969291687,7.4396554354963635,covid
2020-09-21,41.43999862670898,6.76800012588501,1.1845533847808838,4.78000020980835,1.8350000381469729,11.494999885559082,10.53499984741211,1.56,94.08,764.06,1147.8,,35.5,0.0,0.0,0.0,3614.0,95.9549,93.6,-0.0180690249,65.46604919433594,90.00911712646484,28.454627990722656,0.5120441913604736,213.0903573430201,3.990586852384393,2.15558681423742,-0.7894133574239568,2.945000171661377,7.144827349432583,covid
2020-09-22,41.720001220703125,6.803699970245361,1.176800012588501,4.835000038146973,1.8339999914169312,11.704999923706056,11.085000038146973,1.33,94.17,764.76,1383.8,,28.1,3.3,0.0,0.0,3614.0,95.9549,93.6,-0.0180690249,65.46604919433594,90.00911712646484,28.454627990722656,0.5120441913604736,213.0903573430201,4.036892993126217,2.2028930017092856,-0.7981070450207559,3.0010000467300415,7.193103658741919,covid
2020-09-23,41.77000045776367,6.77839994430542,1.1708368062973022,4.949999809265137,2.125,12.020000457763672,10.56999969482422,1.49,94.28,765.65,1692.9,,26.9,3.9,3.7,0.0,3614.0,95.9549,93.6,-0.0180690249,65.46604919433594,90.00911712646484,28.454627990722656,0.5120441913604736,213.0903573430201,4.124525648906589,1.9995256489065891,-0.8254741603585476,2.8249998092651367,7.201724216855806,covid
2020-09-24,41.93999862670898,6.808899879455566,1.1658544540405271,4.949999809265137,2.247999906539917,11.635000228881836,10.654999732971191,1.74,94.38,766.48,1680.1,,34.6,2.9,5.9,0.0,3680.0,95.9549,93.6,-0.0180690249,65.46604919433594,90.00911712646484,28.454627990722656,0.5120441913604736,213.0903573430201,3.975427983495531,1.727428076955614,-0.9745718257696057,2.7019999027252197,7.231034245984307,covid
2020-09-25,41.91999816894531,6.827700138092041,1.1673243045806885,4.974999904632568,2.138999938964844,11.664999961853027,10.420000076293944,1.93,94.55,767.86,1616.4,,27.1,3.2,3.4,1.6,3680.0,95.9549,93.6,-0.0180690249,65.46604919433594,90.00911712646484,28.454627990722656,0.5120441913604736,213.0903573430201,3.9907031858024125,1.8517032468375683,-0.9842967188301559,2.835999965667724,7.227585891197468,covid
2020-09-28,42.43000030517578,6.822800159454346,1.1635348796844482,5.074999809265137,2.1010000705718994,12.350000381469728,11.03499984741211,1.9,94.98,771.3,1206.9,,37.1,1.6,0.0,0.1,3680.0,95.9549,93.6,-0.0180690249,65.46604919433594,90.00911712646484,28.454627990722656,0.5120441913604736,213.0903573430201,4.211332538511394,2.110332467939495,-0.8636672707537425,2.9739997386932373,7.315517293995825,covid
2020-09-29,41.02999877929688,6.810800075531006,1.167883276939392,5.099999904632568,2.561000108718872,12.279999732971191,10.664999961853027,1.83,94.92,770.88,1515.8000000000002,,48.8,4.1,0.0,0.0,3680.0,95.9549,93.6,-0.0180690249,65.46604919433594,90.00911712646484,28.454627990722656,0.5120441913604736,213.0903573430201,4.203111926520382,1.64211181780151,-0.8968879781121863,2.5389997959136963,7.074137720568428,covid
2020-09-30,40.95000076293945,6.815400123596191,1.1742050647735596,5.050000190734863,2.5269999504089355,13.28499984741211,10.734999656677246,1.74,94.86,770.45,2024.6,,32.8,7.3,0.0,0.1,3680.0,95.9549,93.6,-0.0180690249,65.46604919433594,90.00911712646484,28.454627990722656,0.5120441913604736,213.0903573430201,4.571709867223286,2.0447099168143508,-0.47829032351157696,2.5230002403259277,7.060344959127492,covid
2020-10-01,40.93000030517578,6.789700031280518,1.1726078987121582,5.034999847412109,2.5269999504089355,13.18000030517578,10.734999656677246,1.66,94.8,769.91,1825.0,,30.6,6.0,0.0,0.5,3756.0,95.9549,93.6,-0.0180690249,65.46604919433594,90.00911712646484,28.454627990722656,0.5120441913604736,213.0903573430201,4.529407487054392,2.002407536645457,-0.505592360357717,2.507999897003174,7.056896604340652,covid
2020-10-02,39.27000045776367,6.789400100708008,1.1744946241378784,5.025000095367432,2.437999963760376,13.024999618530272,10.760000228881836,1.6,94.8,769.97,1319.9,,30.0,3.5,0.0,0.3,3756.0,95.9549,93.6,-0.0180690249,65.46604919433594,90.00911712646484,28.454627990722656,0.5120441913604736,213.0903573430201,4.483342427732075,2.045342463971699,-0.5416576676353566,2.5870001316070557,6.770689734097185,covid
2020-10-05,41.290000915527344,6.78980016708374,1.1720443964004517,5.050000190734863,2.615000009536743,13.420000076293944,10.704999923706056,1.41,95.27,773.82,1223.4,,31.7,3.1,4.3,0.0,3756.0,95.9549,93.6,-0.0180690249,65.46604919433594,90.00911712646484,28.454627990722656,0.5120441913604736,213.0903573430201,4.609668972877417,1.9946689633406738,-0.44033121785744633,2.43500018119812,7.118965675090921,covid
2020-10-06,42.650001525878906,6.78980016708374,1.1792453527450562,5.050000190734863,2.5199999809265137,13.30500030517578,10.6850004196167,1.92,95.29,773.93,1569.9,,42.4,4.6,6.8,0.1,3756.0,95.9549,93.6,-0.0180690249,65.46604919433594,90.00911712646484,28.454627990722656,0.5120441913604736,278.59220990379174,4.59824619685889,2.078246215932376,-0.4517539938759736,2.5300002098083496,7.353448538944639,covid
2020-10-07,41.9900016784668,6.78980016708374,1.1737639904022217,5.085000038146973,2.6059999465942383,13.710000038146973,10.699999809265137,1.86,95.31,774.09,1622.8000000000002,,35.6,5.1,8.3,0.0,3756.0,95.9549,93.6,-0.0180690249,65.46604919433594,90.00911712646484,28.454627990722656,0.5120441913604736,278.59220990379174,4.71619111560194,2.1101911690077015,-0.36880892254503284,2.4790000915527344,7.23965546180462,covid
2020-10-08,43.34000015258789,6.789700031280518,1.176747441291809,5.105000019073486,2.627000093460083,13.899999618530272,10.475000381469728,2.01,95.32,774.23,1409.9,,53.6,5.3,8.4,0.0,3831.0,95.9549,93.6,-0.0180690249,65.46604919433594,90.00911712646484,28.454627990722656,0.5120441913604736,278.59220990379174,4.793703946808343,2.1667038533482597,-0.31129607226514366,2.4779999256134033,7.472413819411705,covid
2020-10-09,42.84999847412109,6.7891998291015625,1.1767003536224363,5.135000228881836,2.740999937057495,13.755000114440918,10.279999732971191,1.49,95.35,774.47,1491.6,,48.8,6.7,8.7,4.7,3831.0,95.9549,93.6,-0.0180690249,65.46604919433594,90.00911712646484,28.454627990722656,0.5120441913604736,278.59220990379174,4.7435080327123975,2.0025080956549024,-0.3914921961694384,2.394000291824341,7.387930771400187,covid
2020-10-12,41.720001220703125,6.693699836730957,1.181683897972107,5.135000228881836,2.88100004196167,13.84000015258789,10.30500030517578,2.25,95.56,776.88,1246.9,,37.5,5.5,0.0,3.9,3831.0,95.9549,93.6,-0.0180690249,80.37738037109375,101.25764465332033,49.51808166503906,0.9320666790008544,278.59220990379174,4.793034672740454,1.912034630778784,-0.3419655561413819,2.254000186920166,7.193103658741919,covid
2020-10-13,42.45000076293945,6.744400024414063,1.1816140413284302,5.144999980926514,2.8550000190734863,13.595000267028809,10.039999961853027,2.31,95.49,776.28,1495.3,,46.7,4.4,4.3,2.5,3831.0,95.9549,93.6,-0.0180690249,80.37738037109375,101.25764465332033,49.51808166503906,0.9320666790008544,278.59220990379174,4.707908587392369,1.8529085683188828,-0.4370913935341445,2.2899999618530273,7.318965648782664,covid
2020-10-14,43.31999969482422,6.745500087738037,1.1742188930511477,5.144999980926514,2.635999917984009,13.869999885559082,10.265000343322754,2.14,95.08,775.3,1718.9,,34.3,6.9,1.2,2.4,3831.0,95.9549,93.6,-0.0180690249,80.37738037109375,101.25764465332033,49.51808166503906,0.9320666790008544,278.59220990379174,4.7730796251738585,2.1370797071898497,-0.37192035575265514,2.509000062942505,7.4689654646248655,covid
2020-10-15,43.15999984741211,6.713600158691406,1.1743981838226318,5.145999908447266,2.775000095367432,14.239999771118164,9.954999923706056,2.02,94.93,774.06,1570.2,,36.8,8.9,0.0,2.6,3877.0,95.9549,93.6,-0.0180690249,80.37738037109375,101.25764465332033,49.51808166503906,0.9320666790008544,278.59220990379174,4.901155834413554,2.1261557390461223,-0.24484407403371122,2.3709998130798335,7.441379284036571,covid
2020-10-16,42.93000030517578,6.723899841308594,1.1707134246826172,6.315000057220459,2.7730000019073486,14.5,9.899999618530272,2.23,94.74,772.53,1786.6,,33.2,8.4,2.4,2.2,3877.0,95.9669,94.0,2.3108131917,80.37738037109375,101.25764465332033,49.51808166503906,0.9320666790008544,278.59220990379174,4.9749848065724,2.2019848046650514,-1.340015250648059,3.5420000553131104,7.401724190547549,covid
2020-10-19,42.619998931884766,6.696599960327148,1.171550154685974,6.510000228881836,2.7950000762939453,14.720000267028809,9.9350004196167,2.16,94.42,769.87,1289.1,,45.2,8.4,4.4,8.6,3877.0,95.9669,94.0,2.3108131917,80.37738037109375,101.25764465332033,49.51808166503906,0.9320666790008544,278.59220990379174,5.054077086466316,2.259077010172371,-1.4559231424155197,3.7150001525878906,7.348275677911166,covid
2020-10-20,43.15999984741211,6.680699825286865,1.176885962486267,6.550000190734863,2.9130001068115234,14.895000457763672,9.6850004196167,2.3,94.28,768.66,1467.7,,35.3,8.8,4.5,8.2,3877.0,95.9669,94.0,2.3108131917,80.37738037109375,101.25764465332033,49.51808166503906,0.9320666790008544,278.59220990379174,5.137455365245444,2.2244552584339203,-1.4125448254894195,3.63700008392334,7.441379284036571,covid
2020-10-21,41.72999954223633,6.67519998550415,1.1829839944839478,6.724999904632568,3.0230000019073486,14.864999771118164,9.369999885559082,2.57,94.17,767.81,1224.2,,18.4,9.4,10.7,7.3,3877.0,95.9669,94.0,2.3108131917,80.37738037109375,101.25764465332033,49.51808166503906,0.9320666790008544,278.59220990379174,5.153673884201802,2.1306738822944533,-1.5713260204307664,3.7019999027252197,7.194827507282126,covid
2020-10-22,42.459999084472656,6.650000095367432,1.1853959560394287,6.875,3.006999969482422,15.255000114440918,9.645000457763672,2.95,94.15,767.59,1069.9,,12.3,9.2,9.3,7.4,3926.0,95.9669,94.0,2.3108131917,80.37738037109375,101.25764465332033,49.51808166503906,0.9320666790008544,278.59220990379174,5.299669839174033,2.2926698696916112,-1.5753301608259669,3.868000030517578,7.3206894973228716,covid
2020-10-23,41.77000045776367,6.683499813079834,1.1815024614334106,7.25,2.970999956130981,15.40999984741211,9.645000457763672,2.99,94.1,767.21,1213.9,,33.7,8.9,7.0,5.7,3926.0,95.9669,94.0,2.3108131917,80.37738037109375,101.25764465332033,49.51808166503906,0.9320666790008544,278.59220990379174,5.335933681034744,2.364933724903763,-1.914066318965256,4.2790000438690186,7.201724216855806,covid
2020-10-26,40.459999084472656,6.685699939727783,1.184848070144653,7.199999809265137,3.0239999294281006,14.864999771118164,9.489999771118164,2.91,94.39,769.55,1364.6999999999998,,51.5,3.1,7.7,5.2,3926.0,95.9669,94.0,2.3108131917,80.37738037109375,101.25764465332033,49.51808166503906,0.9320666790008544,278.59220990379174,5.161794736297475,2.1377948068693744,-2.0382050729676617,4.175999879837036,6.975861911115976,covid
2020-10-27,41.20000076293945,6.711299896240234,1.180944323539734,7.0,3.0190000534057617,14.744999885559082,9.595000267028809,3.14,94.39,769.61,1560.8,,55.7,4.2,3.3,7.7,3926.0,95.9669,94.0,2.3108131917,80.37738037109375,101.25764465332033,49.51808166503906,0.9320666790008544,278.59220990379174,5.10325599636739,2.0842559429616285,-1.8967440036326098,3.9809999465942383,7.103448407403354,covid
2020-10-28,39.119998931884766,6.704400062561035,1.1784114837646484,6.949999809265137,2.996000051498413,14.484999656677246,9.15999984741211,3.07,94.27,768.63,1717.9,,39.8,5.6,1.9,11.3,3926.0,95.9669,94.0,2.3108131917,80.37738037109375,101.25764465332033,49.51808166503906,0.9320666790008544,278.59220990379174,5.00251746345562,2.0065174119572067,-1.947482345809517,3.9539997577667236,6.744827402049098,covid
2020-10-29,37.650001525878906,6.72790002822876,1.1748672723770142,6.925000190734863,3.3010001182556152,14.21500015258789,9.399999618530272,3.14,94.22,768.22,1558.1,,47.7,4.7,13.0,9.7,3955.0,95.9669,94.0,2.3108131917,80.37738037109375,101.25764465332033,49.51808166503906,0.9320666790008544,278.59220990379174,4.894505634619264,1.5935055163636491,-2.030494556115599,3.624000072479248,6.491379573427398,covid
2020-10-30,37.459999084472656,6.714000225067139,1.1678695678710938,7.019999980926514,3.3540000915527344,14.0600004196167,9.425000190734863,3.06,94.17,767.81,1639.5,,50.8,6.0,11.2,7.6,3955.0,95.9669,94.0,2.3108131917,80.37738037109375,101.25764465332033,49.51808166503906,0.9320666790008544,278.59220990379174,4.812301551028138,1.458301459475404,-2.2076984298983753,3.6659998893737793,6.4586205318056304,covid
2020-11-02,38.970001220703125,6.689099788665772,1.1642121076583862,6.914999961853027,3.24399995803833,13.654999732971191,9.395000457763672,3.03,94.75,770.51,1205.7,,54.7,7.9,14.0,8.2,3955.0,95.9669,94.0,2.3108131917,80.37738037109375,101.25764465332033,49.51808166503906,0.9320666790008544,278.59220990379174,4.65904564853643,1.4150456904980997,-2.2559543133165976,3.6710000038146973,6.7189657277074355,covid
2020-11-03,39.709999084472656,6.689700126647949,1.1642799377441406,6.800000190734863,3.059000015258789,13.664999961853027,9.720000267028809,3.03,94.83,771.18,1158.9,,45.4,7.1,11.4,8.8,3955.0,95.9669,94.0,2.3108131917,80.37738037109375,101.25764465332033,49.51808166503906,0.9320666790008544,278.59220990379174,4.662729344300037,1.603729329041248,-2.1372708464348262,3.741000175476074,6.846551566288389,covid
2020-11-04,41.22999954223633,6.676599979400635,1.176221489906311,6.855000019073486,3.0460000038146973,13.885000228881836,9.994999885559082,2.88,94.73,770.37,1448.3000000000002,,47.1,3.5,15.2,7.9,3955.0,95.9669,94.0,2.3108131917,80.37738037109375,101.25764465332033,49.51808166503906,0.9320666790008544,278.59220990379174,4.7863908446209305,1.7403908408062332,-2.068609174452556,3.809000015258789,7.1086206107304015,covid
2020-11-05,40.93000030517578,6.651999950408936,1.17326819896698,6.855000019073486,2.941999912261963,14.454999923706056,10.354999542236328,2.63,94.52,768.69,1453.4000000000003,,37.1,4.4,13.4,4.8,3919.0,95.9669,94.0,2.3108131917,80.37738037109375,101.25764465332033,49.51808166503906,0.9320666790008544,311.5825012511474,4.970368075915537,2.0283681636535738,-1.8846319431579497,3.9130001068115234,7.056896604340652,covid
2020-11-06,39.45000076293945,6.605199813842773,1.1817537546157837,6.90500020980835,2.888000011444092,13.899999618530272,10.125,2.69,94.3,766.86,1450.2,,51.2,4.2,11.9,7.7,3919.0,95.9669,94.0,2.3108131917,80.37738037109375,101.25764465332033,49.51808166503906,0.9320666790008544,311.5825012511474,4.814098113898055,1.9260981024539632,-2.0909020959102946,4.017000198364258,6.80172426947232,covid
2020-11-09,42.400001525878906,6.610400199890137,1.1893010139465332,6.90500020980835,2.858999967575073,13.854999542236328,10.5600004196167,2.67,94.11,765.34,1148.8000000000002,,40.7,9.7,4.0,14.6,3919.0,95.9669,94.0,2.3108131917,80.37738037109375,101.25764465332033,49.51808166503906,0.9320666790008544,311.5825012511474,4.829158535057301,1.9701585674822284,-2.0758416747510484,4.046000242233276,7.310345090668777,covid
2020-11-10,43.61000061035156,6.628099918365479,1.182732105255127,6.90500020980835,2.9489998817443848,14.03499984741211,10.454999923706056,2.63,93.93,763.88,1439.5,,38.5,10.8,2.0,9.1,3919.0,95.9669,94.0,2.3108131917,76.08316802978516,97.65258026123048,42.68144226074219,0.8520690202713013,311.5825012511474,4.864878028681447,1.9158781469370618,-2.040122181126903,3.956000328063965,7.518965622474408,covid
2020-11-11,43.79999923706055,6.614799976348877,1.1818794012069702,6.90500020980835,3.0309998989105225,14.095000267028809,10.454999923706056,2.74,93.64,761.55,1509.0,,17.1,10.1,3.5,6.2,3919.0,95.9669,94.0,2.3108131917,76.08316802978516,97.65258026123048,42.68144226074219,0.8520690202713013,311.5825012511474,4.88215327495592,1.8511533760453975,-2.0228469348524296,3.874000310897827,7.551724006389749,covid
2020-11-12,43.52999877929688,6.630799770355225,1.1780297756195068,6.900000095367432,2.9760000705718994,14.0,10.295000076293944,2.75,93.46,760.08,1443.4,,18.3,11.0,2.5,6.8,3927.0,95.9669,94.0,2.3108131917,76.08316802978516,97.65258026123048,42.68144226074219,0.8520690202713013,311.5825012511474,4.833452571897137,1.8574525013252376,-2.0665475234702946,3.9240000247955322,7.5051722033270485,covid
2020-11-13,42.77999877929688,6.610599994659424,1.1803393363952637,6.89900016784668,2.994999885559082,14.239999771118164,10.5,2.81,93.27,758.51,1442.3000000000002,,25.2,9.7,1.3,13.2,3927.0,95.9669,94.0,2.3108131917,76.08316802978516,97.65258026123048,42.68144226074219,0.8520690202713013,311.5825012511474,4.925950248263647,1.9309503627045652,-1.9730499195830324,3.9040002822875977,7.375861858499463,covid
2020-11-16,43.81999969482422,6.605400085449219,1.1845253705978394,6.75,2.697000026702881,14.494999885559082,10.899999618530272,2.82,93.14,757.45,1167.4,,21.4,7.5,11.2,11.7,3927.0,96.7394,96.8,2.1251475825,76.08316802978516,97.65258026123048,42.68144226074219,0.8520690202713013,311.5825012511474,5.031943329188577,2.334943302485696,-1.718056670811423,4.052999973297119,7.55517236117659,covid
2020-11-17,43.75,6.583799839019775,1.1859441995620728,6.565000057220459,2.691999912261963,13.970000267028809,10.609999656677246,2.62,93.02,756.48,1722.2,,39.7,7.7,13.3,9.6,3927.0,96.7394,96.8,2.1251475825,76.08316802978516,97.65258026123048,42.68144226074219,0.8520690202713013,311.5825012511474,4.855498538912068,2.163498626650105,-1.7095015183083913,3.873000144958496,7.543103448275862,covid
2020-11-18,44.34000015258789,6.555099964141846,1.186366319656372,6.429999828338623,2.711999893188477,13.68000030517578,10.80500030517578,2.55,92.86,755.19,1767.0,,35.7,8.5,13.6,9.1,3927.0,96.7394,96.8,2.1251475825,76.08316802978516,97.65258026123048,42.68144226074219,0.8520690202713013,311.5825012511474,4.756396752463098,2.0443968592746207,-1.6736030758755254,3.717999935150146,7.6448276125151535,covid
2020-11-19,44.20000076293945,6.559500217437744,1.1847639083862305,6.25,2.5920000076293945,13.020000457763672,10.484999656677246,2.37,92.75,754.32,1732.6,,34.1,6.6,16.0,7.4,3958.0,96.7394,96.8,2.1251475825,76.08316802978516,97.65258026123048,42.68144226074219,0.8520690202713013,311.5825012511474,4.520807068153886,1.9288070605244911,-1.7291929318461143,3.6579999923706055,7.620689786713699,covid
2020-11-20,44.959999084472656,6.582399845123291,1.1866477727890017,6.375,2.650000095367432,12.895000457763672,10.65999984741211,2.19,92.59,752.97,1870.9,,57.3,5.7,9.7,9.1,3958.0,96.7394,96.8,2.1251475825,76.08316802978516,97.65258026123048,42.68144226074219,0.8520690202713013,311.5825012511474,4.484523956613275,1.834523861245843,-1.890476043386725,3.724999904632568,7.7517239800814925,covid
2020-11-23,46.060001373291016,6.5619001388549805,1.1866477727890017,6.550000190734863,2.7109999656677246,13.53499984741211,10.850000381469728,2.22,91.86,747.02,1566.9,,56.7,5.8,15.4,0.4,3958.0,96.7394,96.8,2.1251475825,76.08316802978516,97.65258026123048,42.68144226074219,0.8520690202713013,311.5825012511474,4.707098015799779,1.996098050132054,-1.8429021749350847,3.8390002250671387,7.941379547119141,covid
2020-11-24,47.86000061035156,6.584499835968018,1.1842728853225708,6.744999885559082,2.775000095367432,13.899999618530272,11.024999618530272,2.23,91.5,744.15,2056.6,,61.6,9.3,6.9,9.4,3958.0,96.7394,96.8,2.1251475825,76.08316802978516,97.65258026123048,42.68144226074219,0.8520690202713013,311.5825012511474,4.824360270744893,2.0493601753774606,-1.9206396148141893,3.96999979019165,8.251724243164062,covid
2020-11-25,48.61000061035156,6.590199947357178,1.1900511980056765,6.949999809265137,2.8959999084472656,13.93000030517578,10.994999885559082,2.47,91.09,740.8,1913.7,,36.2,11.6,5.1,17.1,3958.0,96.7394,96.8,2.1251475825,76.08316802978516,97.65258026123048,42.68144226074219,0.8520690202713013,311.5825012511474,4.8583626555164425,1.962362747069177,-2.091637153748694,4.053999900817871,8.38103458799165,covid
2020-11-26,48.61000061035156,6.577499866485596,1.1920002698898315,6.949999809265137,2.8959999084472656,13.93000030517578,10.994999885559082,2.47,90.62,736.94,1757.0,,60.4,7.6,12.1,10.7,3940.0,96.7394,96.8,2.1251475825,76.08316802978516,97.65258026123048,42.68144226074219,0.8520690202713013,311.5825012511474,4.8663197064994295,1.9703197980521638,-2.0836801027657073,4.053999900817871,8.38103458799165,covid
2020-11-27,48.18000030517578,6.57450008392334,1.191599726676941,7.150000095367432,2.8429999351501465,14.484999656677246,11.234999656677246,2.47,90.12,732.87,1727.4,,48.2,8.3,12.7,15.6,3940.0,96.7394,96.8,2.1251475825,76.08316802978516,97.65258026123048,42.68144226074219,0.8520690202713013,311.5825012511474,5.058503353265748,2.2155034181156017,-2.0914967421016835,4.307000160217285,8.306896604340652,covid
2020-11-30,47.59000015258789,6.576000213623047,1.1971460580825806,7.324999809265137,2.881999969482422,15.140000343322754,11.600000381469728,2.47,88.7,721.34,1346.7,,37.9,10.9,11.1,14.4,3940.0,96.7394,96.8,2.1251475825,76.08316802978516,97.65258026123048,42.68144226074219,0.8520690202713013,311.5825012511474,5.311854651443889,2.4298546819614675,-2.0131451578212474,4.442999839782715,8.20517244010136,covid
2020-12-01,47.41999816894531,6.5777997970581055,1.193816065788269,7.324999809265137,2.880000114440918,14.90999984741211,11.510000228881836,2.89,88.04,716.0,1492.9,,21.5,9.3,11.5,14.5,3940.0,96.7394,96.8,2.1251475825,76.08316802978516,97.65258026123048,42.68144226074219,0.8520690202713013,311.5825012511474,5.216608157561301,2.336608043120383,-2.108391651703836,4.444999694824219,8.175861753266433,covid
2020-12-02,48.25,6.570799827575684,1.2074378728866575,7.550000190734863,2.7799999713897705,14.904999732971191,11.80500030517578,2.89,87.28,710.14,1242.1,,18.4,12.0,13.7,17.5,3940.0,96.7394,96.8,2.1251475825,76.08316802978516,97.65258026123048,42.68144226074219,0.8520690202713013,311.5825012511474,5.274361888127372,2.494361916737602,-2.275638302607491,4.770000219345093,8.318965517241379,covid
2020-12-03,48.709999084472656,6.562399864196777,1.2114603519439695,7.5,2.506999969482422,14.145000457763672,11.529999732971191,2.75,86.58,704.38,1179.5,,30.0,13.3,15.7,20.1,3939.0,96.7394,96.8,2.1251475825,76.08316802978516,97.65258026123048,42.68144226074219,0.8520690202713013,311.5825012511474,5.022099688995758,2.515099719513336,-2.477900311004242,4.993000030517578,8.398275704219424,covid
2020-12-04,49.25,6.541399955749512,1.2145650386810305,7.494999885559082,2.575000047683716,14.645000457763672,11.994999885559082,2.46,85.89,698.81,1186.4,,17.2,16.2,12.5,20.1,3939.0,96.7394,96.8,2.1251475825,76.08316802978516,97.65258026123048,42.68144226074219,0.8520690202713013,311.5825012511474,5.212947167310674,2.6379471196269586,-2.2820527182484076,4.919999837875366,8.491379310344827,covid
2020-12-07,48.790000915527344,6.530600070953369,1.212135910987854,7.599999904632568,2.4059998989105225,14.354999542236328,11.78499984741211,2.48,84.31,685.95,1230.2,,24.6,12.1,18.2,18.2,3939.0,96.7394,96.8,2.1251475825,76.08316802978516,97.65258026123048,42.68144226074219,0.8520690202713013,328.15251761613183,5.099500737765408,2.6935008388548853,-2.5004991668671606,5.194000005722046,8.412069123366784,covid
2020-12-08,48.84000015258789,6.52869987487793,1.2113136053085327,7.695000171661377,2.3989999294281006,14.44499969482422,11.829999923706056,2.39,83.67,680.7,1259.8,,44.9,12.7,16.8,20.4,3939.0,96.7394,96.8,2.1251475825,76.08316802978516,97.65258026123048,42.68144226074219,0.8520690202713013,328.15251761613183,5.12799142444864,2.72899149502054,-2.5670087472127365,5.296000242233276,8.42068968148067,covid
2020-12-09,48.86000061035156,6.531700134277344,1.2110936641693115,7.820000171661377,2.441999912261963,14.734999656677246,11.854999542236328,2.36,83.05,675.72,1393.6,,48.3,12.9,15.4,19.3,3939.0,96.7394,96.8,2.1251475825,76.08316802978516,97.65258026123048,42.68144226074219,0.8520690202713013,328.15251761613183,5.229991948085012,2.7879920358230494,-2.5900082235763646,5.378000259399414,8.424138036267511,covid
2020-12-10,50.25,6.542200088500977,1.207875370979309,7.914999961853027,2.552999973297119,15.539999961853027,12.335000038146973,2.45,82.25,669.22,1539.1999999999998,,26.2,16.4,15.5,17.5,3848.0,96.7394,96.8,2.1251475825,76.08316802978516,97.65258026123048,42.68144226074219,0.8520690202713013,328.15251761613183,5.501058930448831,2.948058957151712,-2.413941031404196,5.361999988555908,8.663793103448276,covid
2020-12-11,49.970001220703125,6.544400215148926,1.2144293785095217,8.074999809265137,2.5910000801086426,15.960000038146973,12.164999961853027,2.45,81.55,663.51,1566.1999999999998,,26.2,16.3,16.5,15.5,3848.0,96.7394,96.8,2.1251475825,70.06746673583984,79.03644561767578,62.31394577026367,0.4542742967605591,328.15251761613183,5.680392049370416,3.089391969261773,-2.394607759894721,5.483999729156494,8.615517451845367,covid
2020-12-14,50.290000915527344,6.545700073242188,1.213340401649475,8.164999961853027,2.681999921798706,16.604999542236328,12.28499984741211,2.54,80.01,650.98,910.0,,23.2,17.1,14.8,16.7,3848.0,96.7394,96.8,2.1251475825,70.06746673583984,79.03644561767578,62.31394577026367,0.4542742967605591,328.15251761613183,5.904657140084046,3.22265721828534,-2.2603428217689814,5.483000040054321,8.670689813021957,covid
2020-12-15,50.7599983215332,6.549699783325195,1.214889645576477,8.17300033569336,2.681999921798706,17.225000381469727,12.78499984741211,2.69,79.55,647.23,1294.6999999999998,,21.3,16.3,14.3,15.1,3848.0,96.7394,96.8,2.1251475825,70.06746673583984,79.03644561767578,62.31394577026367,0.4542742967605591,328.15251761613183,6.132947243811344,3.450947322012638,-2.0400530918820152,5.491000413894653,8.751723848540207,covid
2020-12-16,51.08000183105469,6.538300037384033,1.2154301404953003,10.4350004196167,2.677000045776367,16.3799991607666,12.625,2.63,79.14,643.1,1245.6,,41.4,15.7,13.1,15.7,3848.0,97.0816,99.4,2.9943185769,70.06746673583984,79.03644561767578,62.31394577026367,0.4542742967605591,328.15251761613183,5.834679902138673,3.1576798563623054,-4.600320517478027,7.758000373840332,8.806896867423223,covid
2020-12-17,51.5,6.531300067901611,1.2199585437774658,10.114999771118164,2.635999917984009,15.9399995803833,12.710000038146973,2.73,78.69,639.44,1274.8,,28.4,12.7,13.7,17.6,3726.0,97.0816,99.4,2.9943185769,70.06746673583984,79.03644561767578,62.31394577026367,0.4542742967605591,328.15251761613183,5.69910340018224,3.0631034821982315,-4.415896370935924,7.478999853134155,8.879310344827587,covid
2020-12-18,52.2599983215332,6.532100200653076,1.226271629333496,9.65999984741211,2.700000047683716,15.885000228881836,12.345000267028809,2.7,78.26,636.01,1288.6999999999998,,25.7,12.0,18.2,22.9,3726.0,97.0816,99.4,2.9943185769,70.06746673583984,79.03644561767578,62.31394577026367,0.4542742967605591,328.15251761613183,5.708829389366757,3.0088293416830414,-3.951170458045352,6.9599997997283936,9.01034453819538,covid
2020-12-21,50.90999984741211,6.535999774932861,1.221612811088562,10.050000190734863,2.7049999237060547,16.795000076293945,12.21500015258789,2.73,77.41,629.03,952.1,,38.6,11.2,18.9,27.0,3726.0,97.0816,99.4,2.9943185769,70.06746673583984,79.03644561767578,62.31394577026367,0.4542742967605591,328.15251761613183,6.012938289587784,3.3079383658817294,-4.037061901147079,7.345000267028809,8.777586180588296,covid
2020-12-22,50.08000183105469,6.548200130462647,1.223690629005432,10.755000114440918,2.7799999713897705,17.635000228881836,12.375,2.68,77.02,625.93,1075.2,,43.6,9.5,17.5,22.0,3726.0,97.0816,99.4,2.9943185769,70.06746673583984,79.03644561767578,62.31394577026367,0.4542742967605591,328.15251761613183,6.324413571128779,3.5444135997390083,-4.430586543312139,7.9750001430511475,8.634483074319775,covid
2020-12-23,51.20000076293945,6.542200088500977,1.2186651229858398,10.524999618530272,2.6080000400543213,17.5049991607666,12.645000457763672,2.76,76.72,623.49,959.7,,49.6,10.3,19.1,22.9,3726.0,97.0816,99.4,2.9943185769,70.06746673583984,79.03644561767578,62.31394577026367,0.4542742967605591,328.15251761613183,6.252009576137747,3.644009536083426,-4.272990042392524,7.91699957847595,8.827586338437836,covid
2020-12-24,51.290000915527344,6.539599895477295,1.2191405296325684,11.0,2.5179998874664307,17.649999618530273,12.744999885559082,2.76,76.52,621.81,1052.1,,49.7,9.4,15.1,23.9,3574.0,97.0816,99.4,2.9943185769,70.06746673583984,79.03644561767578,62.31394577026367,0.4542742967605591,328.15251761613183,6.306256449896437,3.788256562430006,-4.693743550103563,8.48200011253357,8.843103606125405,covid
2020-12-25,51.290000915527344,6.52899980545044,1.2184720039367676,11.0,2.5179998874664307,17.649999618530273,12.744999885559082,2.68,76.33,620.31,946.5,,44.2,10.0,16.0,22.4,3574.0,97.0816,99.4,2.9943185769,70.06746673583984,79.03644561767578,62.31394577026367,0.4542742967605591,328.15251761613183,6.302798362515538,3.784798475049107,-4.697201637484462,8.48200011253357,8.843103606125405,covid
2020-12-28,50.86000061035156,6.540800094604492,1.2205095291137695,11.085000038146973,2.305000066757202,19.149999618530277,13.265000343322754,2.68,75.34,612.28,995.1,,28.1,8.0,11.1,15.1,3574.0,97.0816,99.4,2.9943185769,70.06746673583984,79.03644561767578,62.31394577026367,0.4542742967605591,328.15251761613183,6.849882190338396,4.544882123581194,-4.235117847808577,8.77999997138977,8.768965622474408,covid
2020-12-29,51.09000015258789,6.535600185394287,1.2223445177078247,12.100000381469728,2.4670000076293945,18.774999618530277,13.03499984741211,2.39,74.82,608.05,936.0,,40.9,12.8,22.3,20.2,3574.0,97.0816,99.4,2.9943185769,70.06746673583984,79.03644561767578,62.31394577026367,0.4542742967605591,328.15251761613183,6.725842976453775,4.25884296882438,-5.3741574050159535,9.633000373840334,8.80862071596343,covid
2020-12-30,51.34000015258789,6.53000020980835,1.225295066833496,12.795000076293944,2.421999931335449,19.0,12.755000114440918,2.4,74.27,603.58,1058.4,,24.2,14.7,27.6,20.1,3574.0,97.0816,99.4,2.9943185769,70.06746673583984,79.03644561767578,62.31394577026367,0.4542742967605591,328.15251761613183,6.822875459341184,4.400875528005734,-5.97212461695276,10.373000144958494,8.851724164239291,covid
2020-12-31,51.79999923706055,6.522200107574463,1.2299896478652954,14.300000190734863,2.5390000343322754,19.125,12.80500030517578,2.36,73.73,599.14,1075.9,,55.1,12.4,22.8,17.2,3460.0,97.0816,99.4,2.9943185769,70.06746673583984,79.03644561767578,62.31394577026367,0.4542742967605591,328.15251761613183,6.894075863072375,4.3550758287401,-7.405924327662488,11.761000156402588,8.931034351217336,covid
2021-01-01,51.79999923706055,6.531700134277344,1.218026876449585,14.300000190734863,2.5390000343322754,19.125,12.80500030517578,2.39,73.24,595.16,1002.1,,73.6,13.0,18.3,14.1,3460.0,97.0816,99.4,2.9943185769,70.06746673583984,79.03644561767578,62.31394577026367,0.4542742967605591,328.15251761613183,6.827024686003011,4.288024651670735,-7.472975504731853,11.761000156402588,8.931034351217336,normal
2021-01-04,51.09000015258789,6.5320000648498535,1.2250697612762451,14.93000030517578,2.5810000896453857,19.84499931335449,13.345000267028809,2.39,71.56,581.54,1137.3,,35.9,14.0,17.8,29.4,3460.0,97.0816,99.4,2.9943185769,70.06746673583984,79.03644561767578,62.31394577026367,0.4542742967605591,328.15251761613183,7.125003244690555,4.54400315504517,-7.804997060485224,12.349000215530394,8.80862071596343,normal
2021-01-05,53.59999847412109,6.4604997634887695,1.2251598834991455,15.104999542236328,2.70199990272522,18.0049991607666,13.050000190734863,2.6,70.72,574.74,1222.2,,29.9,16.5,21.9,26.3,3460.0,97.0816,99.4,2.9943185769,70.06746673583984,79.03644561767578,62.31394577026367,0.4542742967605591,208.9586535368612,6.464858614888903,3.7628587121636827,-8.640140927347424,12.402999639511108,9.241379047262257,normal
2021-01-06,54.29999923706055,6.4552001953125,1.230027437210083,15.550000190734863,2.7160000801086426,17.565000534057617,13.31999969482422,2.77,69.79,567.17,1147.3,,17.3,15.5,19.8,22.9,3460.0,97.0816,99.4,2.9943185769,70.06746673583984,79.03644561767578,62.31394577026367,0.4542742967605591,208.9586535368612,6.331930281729539,3.6159302016208965,-9.218069909005324,12.83400011062622,9.362068833975957,normal
2021-01-07,54.380001068115234,6.460700035095215,1.2341108322143557,17.25,2.7290000915527344,19.30500030517578,13.80500030517578,2.76,68.87,559.71,1135.7,,19.2,16.1,17.6,24.5,3330.0,97.0816,99.4,2.9943185769,70.06746673583984,79.03644561767578,62.31394577026367,0.4542742967605591,208.9586535368612,6.982277981712026,4.253277890159292,-10.267722018287973,14.520999908447266,9.375862253123316,normal
2021-01-08,55.9900016784668,6.477200031280518,1.227144479751587,17.25,2.700000047683716,20.1200008392334,13.8149995803833,2.81,67.87,551.56,1377.6,,44.6,15.4,17.3,23.9,3330.0,97.0816,99.4,2.9943185769,70.06746673583984,79.03644561767578,62.31394577026367,0.4542742967605591,208.9586535368612,7.235971549368596,4.53597150168488,-10.014028450631404,14.549999952316284,9.653448565252896,normal
2021-01-11,55.65999984741211,6.474299907684326,1.218620538711548,19.700000762939453,2.746999979019165,22.125,13.65999984741211,2.77,65.14,529.4,755.7,,32.1,16.2,18.9,26.7,3330.0,97.0816,99.4,2.9943185769,64.06729125976562,86.81527709960938,31.744428634643555,0.5760151147842407,208.9586535368612,7.9017799442558045,5.1547799652366395,-11.79822081868365,16.953000783920288,9.596551697829675,normal
2021-01-12,56.58000183105469,6.479700088500977,1.2160701751708984,19.700000762939453,2.753000020980835,26.155000686645508,13.774999618530272,2.71,64.15,521.33,1192.9,,22.3,15.5,16.5,33.4,3330.0,97.0816,99.4,2.9943185769,64.06729125976562,86.81527709960938,31.744428634643555,0.5760151147842407,208.9586535368612,9.32151560797739,6.568515586996556,-10.378485154962062,16.947000741958618,9.755172729492188,normal
2021-01-13,56.060001373291016,6.462900161743164,1.220889449119568,18.56999969482422,2.726999998092652,21.5,13.364999771118164,2.89,63.2,513.6,1183.2,,24.7,16.3,16.8,32.8,3330.0,97.0816,99.4,2.9943185769,64.06729125976562,86.81527709960938,31.744428634643555,0.5760151147842407,208.9586535368612,7.6928622964095,4.965862298316848,-10.877137398414717,15.842999696731567,9.665517478153623,normal
2021-01-14,56.41999816894531,6.4670000076293945,1.2162491083145142,18.56999969482422,2.6659998893737797,21.334999084472656,13.324999809265137,2.82,62.28,506.11,1147.8,,14.4,17.2,18.3,29.8,3196.0,97.0816,99.4,2.9943185769,64.06729125976562,86.81527709960938,31.744428634643555,0.5760151147842407,208.9586535368612,7.60480918496335,4.93880929558957,-10.965190509860868,15.90399980545044,9.727585891197467,normal
2021-01-15,55.09999847412109,6.473100185394287,1.2151259183883667,18.30900001525879,2.736999988555908,20.200000762939453,12.5649995803833,2.82,61.31,498.23,1117.6,,34.1,15.7,20.2,26.0,3196.0,98.363,98.6,1.076939307,64.06729125976562,86.81527709960938,31.744428634643555,0.5760151147842407,208.9586535368612,7.193592431293121,4.456592442737213,-11.115407583965668,15.57200002670288,9.49999973691743,normal
2021-01-18,55.09999847412109,6.479700088500977,1.2068113088607788,18.30900001525879,2.736999988555908,20.200000762939453,12.5649995803833,2.86,58.48,475.24,890.2,,58.5,13.1,16.7,18.0,3196.0,98.363,98.6,1.076939307,64.06729125976562,86.81527709960938,31.744428634643555,0.5760151147842407,208.9586535368612,7.144369621326116,4.407369632770208,-11.164630393932672,15.57200002670288,9.49999973691743,normal
2021-01-19,55.900001525878906,6.491399765014648,1.207729458808899,8.520000457763672,2.5460000038146973,20.325000762939453,13.119999885559082,2.86,57.5,467.32,963.7,,25.2,16.4,16.0,16.9,3196.0,98.363,98.6,1.076939307,64.06729125976562,86.81527709960938,31.744428634643555,0.5760151147842407,208.9586535368612,7.194048946325568,4.64804894251087,-1.3259515114381042,5.974000453948975,9.637931297565329,normal
2021-01-20,56.08000183105469,6.47790002822876,1.213886857032776,9.015000343322754,2.5390000343322754,20.26000022888184,13.039999961853027,2.65,56.67,460.51,830.5999999999999,,19.1,17.2,16.4,18.3,3196.0,98.363,98.6,1.076939307,64.06729125976562,86.81527709960938,31.744428634643555,0.5760151147842407,208.9586535368612,7.207602267585943,4.668602233253668,-1.8073980757368107,6.4760003089904785,9.668965832940463,normal
2021-01-21,56.09999847412109,6.465400218963623,1.2115631103515625,8.484999656677246,2.490999937057495,20.065000534057617,13.53499984741211,2.57,55.99,455.03,862.5,,25.6,17.5,18.1,24.7,3009.0,98.363,98.6,1.076939307,64.06729125976562,86.81527709960938,31.744428634643555,0.5760151147842407,208.9586535368612,7.124565362572641,4.633565425515146,-1.3604342941046053,5.993999719619751,9.672413530020878,normal
2021-01-22,55.40999984741211,6.461400032043457,1.2166293859481812,8.854999542236328,2.446000099182129,21.48500061035156,13.59000015258789,2.49,55.4,450.24,868.3000000000002,,25.7,13.8,18.3,23.2,3009.0,98.363,98.6,1.076939307,64.06729125976562,86.81527709960938,31.744428634643555,0.5760151147842407,208.9586535368612,7.660671338124554,5.214671238942425,-1.1943282041117742,6.408999443054199,9.553448249553812,normal
2021-01-25,55.880001068115234,6.480800151824951,1.216944694519043,8.609999656677246,2.601999998092652,20.15999984741211,13.15999984741211,2.45,53.55,435.19,528.1,,66.2,9.0,22.5,18.7,3009.0,98.363,98.6,1.076939307,64.06729125976562,86.81527709960938,31.744428634643555,0.5760151147842407,208.9586535368612,7.190093271616312,4.5880932735236595,-1.4199063850609344,6.007999658584595,9.634482942778488,normal
2021-01-26,55.90999984741211,6.478700160980225,1.214624047279358,8.5600004196167,2.6559998989105225,19.51000022888184,13.1899995803833,2.63,52.66,427.99,755.0,,73.2,10.9,17.1,15.9,3009.0,98.363,98.6,1.076939307,64.06729125976562,86.81527709960938,31.744428634643555,0.5760151147842407,208.9586535368612,6.945000920368349,4.2890010214578265,-1.6149994992483503,5.904000520706177,9.639655146105536,normal
2021-01-27,55.810001373291016,6.463699817657471,1.216299295425415,8.614999771118164,2.759999990463257,19.700000762939453,13.225000381469728,2.73,51.82,421.12,854.5,,52.9,13.5,23.3,13.1,3009.0,98.363,98.6,1.076939307,64.06729125976562,86.81527709960938,31.744428634643555,0.5760151147842407,208.9586535368612,7.02230771534679,4.2623077248835335,-1.5926920557713737,5.854999780654907,9.622414029877762,normal
2021-01-28,55.52999877929688,6.482100009918213,1.2105072736740112,8.850000381469727,2.6640000343322754,20.90999984741211,13.4350004196167,2.77,50.98,414.2,911.8,,33.0,15.1,25.4,13.8,2881.0,98.363,98.6,1.076939307,64.06729125976562,86.81527709960938,31.744428634643555,0.5760151147842407,208.9586535368612,7.41813258184448,4.754132547512205,-1.4318677996252465,6.186000347137451,9.574137720568428,normal
2021-01-29,55.880001068115234,6.448400020599365,1.2120037078857422,8.869999885559082,2.563999891281128,19.81999969482422,13.050000190734863,2.76,50.3,408.75,815.7,,15.6,16.0,19.3,15.0,2881.0,98.363,98.6,1.076939307,64.06729125976562,86.81527709960938,31.744428634643555,0.5760151147842407,208.9586535368612,7.040131155351548,4.47613126407042,-1.8298687302075338,6.305999994277954,9.634482942778488,normal
2021-02-01,56.34999847412109,6.426799774169922,1.2123857736587524,8.520000457763672,2.8499999046325684,18.13999938964844,12.96500015258789,2.68,48.63,395.17,737.6,,32.4,13.2,21.2,18.2,2881.0,98.363,98.6,1.076939307,64.06729125976562,86.81527709960938,31.744428634643555,0.5760151147842407,208.9586535368612,6.4454205261765996,3.595420621544031,-2.0745799315870723,5.6700005531311035,9.715516978296739,normal
2021-02-02,57.459999084472656,6.46750020980835,1.2068694829940796,8.430000305175781,2.845000028610229,18.25,13.880000114440918,2.88,47.89,389.11,995.6,717340048.0,25.3,13.6,27.1,24.3,2881.0,98.363,98.6,1.076939307,64.06729125976562,86.81527709960938,31.744428634643555,0.5760151147842407,208.9586535368612,6.4550012791509,3.610001250540671,-1.9749990260248813,5.585000276565552,9.906896393874597,normal
2021-02-03,58.459999084472656,6.456399917602539,1.203905463218689,8.364999771118164,2.7890000343322754,17.854999542236328,14.8149995803833,3.24,47.28,384.19,988.1,714344211.0,52.3,11.1,27.3,25.4,2881.0,98.363,98.6,1.076939307,64.06729125976562,86.81527709960938,31.744428634643555,0.5760151147842407,208.9586535368612,6.299780048493176,3.5107800141609005,-2.065219722624988,5.575999736785889,10.079310186978045,normal
2021-02-04,58.84000015258789,6.459199905395508,1.2042388916015625,8.34000015258789,2.934999942779541,18.1200008392334,14.779999732971191,3.01,46.82,380.42,1139.5,690196650.0,17.1,18.1,19.6,19.9,2689.0,98.363,98.6,1.076939307,64.06729125976562,86.81527709960938,31.744428634643555,0.5760151147842407,208.9586535368612,6.395051119373123,3.4600511765935824,-1.9449490332147672,5.40500020980835,10.144827612515154,normal
2021-02-05,59.34000015258789,6.470699787139893,1.1966731548309326,8.385000228881836,2.86299991607666,18.3799991607666,15.085000038146973,2.99,46.28,376.03,812.3,725041004.0,18.0,19.1,18.9,14.1,2689.0,98.363,98.6,1.076939307,64.06729125976562,86.81527709960938,31.744428634643555,0.5760151147842407,231.378640170334,6.446057776499342,3.5830578604226817,-1.938942452382494,5.522000312805176,10.231034509066879,normal
2021-02-08,60.560001373291016,6.465700149536133,1.2048773765563965,8.430000305175781,2.881999969482422,20.18000030517578,15.234999656677246,3.49,44.78,363.86,900.4,712899938.0,43.6,10.1,23.7,20.7,2689.0,98.363,98.6,1.076939307,64.06729125976562,86.81527709960938,31.744428634643555,0.5760151147842407,231.378640170334,7.125858208223424,4.243858238741002,-1.304142096952357,5.548000335693359,10.44137954711914,normal
2021-02-09,61.09000015258789,6.447999954223633,1.2053595781326294,8.305000305175781,2.8350000381469727,19.045000076293945,15.210000038146973,3.4,43.84,356.25,1144.4,715371166.0,38.7,11.0,20.0,22.9,2689.0,98.363,98.6,1.076939307,64.06729125976562,86.81527709960938,31.744428634643555,0.5760151147842407,231.378640170334,6.727764176586414,3.892764138439441,-1.5772361285893677,5.470000267028809,10.532758646997912,normal
2021-02-10,61.470001220703125,6.434199810028076,1.2119992971420288,8.279999732971191,2.9110000133514404,18.559999465942383,15.65999984741211,3.35,42.83,348.04,1208.8,721035190.0,47.3,11.5,26.3,16.4,2689.0,98.363,98.6,1.076939307,77.418701171875,98.47562408447266,48.2874870300293,0.5926843285560608,231.378640170334,6.592550806144707,3.6815507927932662,-1.6874489268264847,5.368999719619751,10.598276072535022,normal
2021-02-11,61.13999938964844,6.457200050354004,1.2121212482452393,8.265000343322754,2.868000030517578,17.375,15.210000038146973,3.76,41.8,339.69,1364.5,678004604.0,64.1,15.7,31.7,12.8,2518.0,98.363,98.6,1.076939307,77.418701171875,98.47562408447266,48.2874870300293,0.5926843285560608,231.378640170334,6.172257494786566,3.3042574642689875,-2.0927428485361883,5.397000312805176,10.5413792051118,normal
2021-02-12,62.43000030517578,6.456900119781494,1.2131506204605105,8.263999938964844,2.9119999408721924,17.6200008392334,15.94499969482422,6.5,40.82,331.65,1550.3,735941410.0,79.6,22.1,35.1,18.9,2518.0,98.363,98.6,1.076939307,77.418701171875,98.47562408447266,48.2874870300293,0.5926843285560608,231.378640170334,6.264606654659748,3.352606713787556,-1.9993932843050954,5.351999998092651,10.763793156064791,normal
2021-02-15,62.43000030517578,6.457200050354004,1.2122093439102173,8.263999938964844,2.9119999408721924,17.6200008392334,15.94499969482422,6.12,38.09,309.47,1346.7,733441921.0,33.1,22.7,30.3,15.9,2518.0,98.8822,100.2,5.3731343308,77.418701171875,98.47562408447266,48.2874870300293,0.5926843285560608,231.378640170334,6.259745982587056,3.3477460417148635,-2.004253956377788,5.351999998092651,10.763793156064791,normal
2021-02-16,63.34999847412109,6.457200050354004,1.2132196426391602,6.349999904632568,3.128999948501587,16.71500015258789,15.399999618530272,6.12,37.26,302.75,1402.7,735021906.0,22.8,23.7,26.9,16.5,2518.0,98.8822,100.2,5.3731343308,77.418701171875,98.47562408447266,48.2874870300293,0.5926843285560608,231.378640170334,5.9431812621510804,2.8141813136494935,-0.4068186424814879,3.2209999561309814,10.922413530020878,normal
2021-02-17,64.33999633789062,6.457099914550781,1.2092483043670654,6.304999828338623,3.219000101089477,16.540000915527344,15.19499969482422,11.32,36.67,297.96,1562.2,724521731.0,31.2,24.6,26.0,15.5,2518.0,98.8822,100.2,5.3731343308,77.418701171875,98.47562408447266,48.2874870300293,0.5926843285560608,231.378640170334,5.86170791976037,2.642707818670893,-0.44329190857825296,3.085999727249146,11.093102816877694,normal
2021-02-18,63.93000030517578,6.457600116729736,1.2048004865646362,6.599999904632568,3.0820000171661377,17.329999923706055,15.119999885559082,23.86,36.24,294.43,1547.1999999999998,527226909.0,16.5,24.4,30.3,13.3,2281.0,98.8822,100.2,5.3731343308,77.418701171875,98.47562408447266,48.2874870300293,0.5926843285560608,231.378640170334,6.119090172222172,3.0370901550560347,-0.4809097324103959,3.5179998874664307,11.022413845719962,normal
2021-02-19,62.90999984741211,6.487199783325195,1.209189772605896,6.400000095367432,3.069000005722046,16.55500030517578,14.8100004196167,8.56,35.84,291.22,1512.6999999999998,507651731.0,40.7,19.6,35.3,11.5,2281.0,98.8822,100.2,5.3731343308,77.418701171875,98.47562408447266,48.2874870300293,0.5926843285560608,231.378640170334,5.866739657372219,2.797739651650173,-0.5332604379952128,3.3310000896453857,10.846551697829675,normal
2021-02-22,65.23999786376953,6.485799789428711,1.2126356363296509,6.255000114440918,2.953000068664551,15.960000038146973,15.029999732971191,4.96,35.09,285.12,1211.7,354006460.0,43.3,9.3,29.2,26.8,2281.0,98.8822,100.2,5.3731343308,77.418701171875,98.47562408447266,48.2874870300293,0.5926843285560608,231.378640170334,5.672001970048007,2.7190019013834563,-0.5829981443929109,3.302000045776367,11.248275493753368,normal
2021-02-23,65.37000274658203,6.463099956512451,1.2166796922683716,6.230000019073486,2.878999948501587,16.25,15.274999618530272,3.16,34.75,282.29,1713.6999999999998,261032042.0,49.4,9.5,25.5,23.2,2281.0,98.8822,100.2,5.3731343308,77.418701171875,98.47562408447266,48.2874870300293,0.5926843285560608,231.378640170334,5.794324089680095,2.915324141178508,-0.4356759293933914,3.3510000705718994,11.270690128721041,normal
2021-02-24,67.04000091552734,6.4629998207092285,1.215214490890503,6.039999961853027,2.8540000915527344,16.3799991607666,15.510000228881836,2.94,34.5,280.3,1587.1,255500916.0,46.5,10.9,27.4,15.0,2281.0,98.8822,100.2,5.3731343308,77.418701171875,98.47562408447266,48.2874870300293,0.5926843285560608,231.378640170334,5.833644674877892,2.9796445833251575,-0.2063552869751355,3.185999870300293,11.558620847504715,normal
2021-02-25,66.87999725341797,6.455999851226807,1.2171372175216677,5.804999828338623,2.7769999504089355,15.9350004196167,15.079999923706056,2.8,34.36,279.16,1387.8,276898352.0,49.9,5.7,30.6,12.7,1943.0,98.8822,100.2,5.3731343308,77.418701171875,98.47562408447266,48.2874870300293,0.5926843285560608,231.378640170334,5.684140179458896,2.9071402290499604,-0.12085964887972711,3.0279998779296875,11.531034009209995,normal
2021-02-26,66.12999725341797,6.453800201416016,1.2160420417785645,6.195000171661377,2.7709999084472656,15.69499969482422,14.734999656677246,2.72,34.12,277.23,1260.1,347014822.0,35.9,6.6,24.4,9.9,1943.0,98.8822,100.2,5.3731343308,77.418701171875,98.47562408447266,48.2874870300293,0.5926843285560608,231.378640170334,5.5934924928660585,2.822492584418793,-0.6015076787953184,3.4240002632141113,11.40172366438241,normal
2021-03-01,63.68999862670898,6.47790002822876,1.208956003189087,5.925000190734863,2.7769999504089355,16.079999923706055,14.670000076293944,2.66,33.49,272.12,1307.8,715051411.0,54.6,4.3,14.9,17.5,1943.0,98.8822,100.2,5.3731343308,77.418701171875,98.47562408447266,48.2874870300293,0.5926843285560608,231.378640170334,5.697307976532175,2.920308026123239,-0.2276922142026887,3.1480002403259277,10.981034245984306,normal
2021-03-02,62.70000076293945,6.463200092315674,1.2051095962524414,5.875,2.83899998664856,15.869999885559082,15.164999961853027,2.7,33.1,268.89,1929.6,735017373.0,40.4,7.5,21.0,16.9,1943.0,98.8822,100.2,5.3731343308,77.418701171875,98.47562408447266,48.2874870300293,0.5926843285560608,231.378640170334,5.605013028367065,2.7660130417185047,-0.2699869716329353,3.03600001335144,10.810344959127493,normal
2021-03-03,64.06999969482422,6.4695000648498535,1.208546757698059,5.875,2.815999984741211,15.524999618530272,14.80500030517578,2.87,32.75,266.07,2116.6,779414025.0,32.8,12.1,21.0,12.0,1943.0,98.8822,100.2,5.3731343308,77.418701171875,98.47562408447266,48.2874870300293,0.5926843285560608,231.378640170334,5.498803669321412,2.6828036845802012,-0.3761963306785878,3.059000015258789,11.046551671521417,normal
2021-03-04,66.73999786376953,6.466800212860107,1.2050660848617554,6.0,2.746000051498413,15.93000030517578,15.114999771118164,2.86,32.39,263.11,1964.1,777322270.0,23.7,13.5,15.1,12.0,1845.0,98.8822,100.2,5.3731343308,77.418701171875,98.47562408447266,48.2874870300293,0.5926843285560608,231.378640170334,5.62600101391055,2.8800009624121365,-0.37399898608945037,3.253999948501587,11.506896183408541,normal
2021-03-05,69.36000061035156,6.468999862670898,1.1967735290527344,6.0,2.700999975204468,16.364999771118164,15.390000343322754,2.79,31.95,259.61,1967.9,775731467.0,10.9,14.6,12.2,10.9,1845.0,98.8822,100.2,5.3731343308,77.418701171875,98.47562408447266,48.2874870300293,0.5926843285560608,231.378640170334,5.739857839663166,3.038857864458698,-0.2601421603368337,3.299000024795532,11.958620794888201,normal
2021-03-08,68.23999786376953,6.495699882507324,1.1925631761550903,6.0,2.6640000343322754,16.149999618530273,15.43000030517578,2.72,30.84,250.55,2035.7,810453872.0,19.0,13.1,13.6,15.1,1845.0,98.8822,100.2,5.3731343308,77.418701171875,98.47562408447266,48.2874870300293,0.5926843285560608,185.2786673772225,5.64452069375171,2.980520659419435,-0.3554793062482897,3.3359999656677246,11.765516873063712,normal
2021-03-09,67.5199966430664,6.524600028991699,1.185171127319336,6.010000228881836,2.6619999408721924,16.924999237060547,16.100000381469727,2.67,30.36,246.63,2436.7,812172941.0,31.3,13.5,17.7,13.3,1845.0,98.8822,100.2,5.3731343308,77.418701171875,98.47562408447266,48.2874870300293,0.5926843285560608,185.2786673772225,5.878721396445031,3.2167214555728387,-0.13127883243680483,3.3480002880096436,11.641378731563174,normal
2021-03-10,67.9000015258789,6.5055999755859375,1.1897906064987185,6.0,2.691999912261963,17.6299991607666,16.454999923706055,2.62,29.89,242.8,2473.9,812147997.0,24.3,15.7,18.1,11.2,1845.0,98.8822,100.2,5.3731343308,77.418701171875,98.47562408447266,48.2874870300293,0.5926843285560608,185.2786673772225,6.147463877232585,3.4554639649706225,0.14746387723258536,3.308000087738037,11.706896814806708,normal
2021-03-11,69.62999725341797,6.504899978637695,1.1926058530807495,6.054999828338623,2.6679999828338623,18.125,16.565000534057617,2.62,29.57,240.23,2557.4,625832136.0,31.7,17.1,18.3,14.5,1793.0,98.8822,100.2,5.3731343308,77.418701171875,98.47562408447266,48.2874870300293,0.5926843285560608,185.2786673772225,6.335021742099851,3.667021759265989,0.2800219137612281,3.3869998455047607,12.005171940244479,normal
2021-03-12,69.22000122070312,6.493000030517578,1.1986095905303955,6.070000171661377,2.5999999046325684,18.450000762939453,16.969999313354492,2.7,29.4,238.86,2447.0,578431717.0,33.9,16.3,17.2,14.2,1793.0,98.8822,100.2,5.3731343308,77.418701171875,98.47562408447266,48.2874870300293,0.5926843285560608,185.2786673772225,6.481078695408847,3.8810787907762787,0.4110785237474701,3.4700002670288086,11.934482969086746,normal
2021-03-15,68.87999725341797,6.498499870300293,1.1950000524520874,6.077000141143799,2.483999967575073,17.93000030517578,16.844999313354492,2.65,29.04,235.93,1650.8,803428200.0,44.8,12.6,4.0,11.7,1793.0,98.8822,100.2,5.3731343308,73.95680236816406,94.48355865478516,46.326778411865234,0.5122752785682678,185.2786673772225,6.279446712371415,3.7954467447963425,0.20244657122761645,3.593000173568726,11.875861595416891,normal
2021-03-16,68.38999938964844,6.498899936676025,1.1925773620605469,6.53000020980835,2.562000036239624,17.65999984741211,16.68000030517578,2.58,28.79,234.27,2102.5,803141999.0,72.4,9.6,5.0,9.8,1793.0,98.8822,100.2,5.3731343308,73.95680236816406,94.48355865478516,46.326778411865234,0.5122752785682678,185.2786673772225,6.172348154535393,3.610348118295769,-0.35765205527295674,3.9680001735687256,11.7913792051118,normal
2021-03-17,68.0,6.505000114440918,1.190164566040039,6.650000095367432,2.5280001163482666,17.969999313354492,17.15999984741211,2.5,28.5,231.85,2140.5,802987295.0,58.1,11.8,12.9,11.5,1793.0,98.8822,100.2,5.3731343308,73.95680236816406,94.48355865478516,46.326778411865234,0.5122752785682678,185.2786673772225,6.267989131313003,3.7399890149647366,-0.38201096405442847,4.121999979019165,11.724137931034484,normal
2021-03-18,63.27999877929688,6.502600193023682,1.1982792615890503,6.565000057220459,2.4809999465942383,17.760000228881836,16.989999771118164,2.6,28.18,229.29,2338.5,802004182.0,63.1,11.6,14.1,11.5,1782.0,95.6149,98.8,12.7197518102,73.95680236816406,94.48355865478516,46.326778411865234,0.5122752785682678,185.2786673772225,6.2369773690663015,3.7559774224720632,-0.32802268815415747,4.084000110626221,10.910344617120153,normal
2021-03-19,64.52999877929688,6.504799842834473,1.1918240785598757,6.425000190734863,2.5350000858306885,17.264999389648438,16.604999542236328,2.45,27.81,226.23,2472.4,802367741.0,44.2,11.8,13.0,11.8,1782.0,95.6149,98.8,12.7197518102,73.95680236816406,94.48355865478516,46.326778411865234,0.5122752785682678,185.2786673772225,6.030479988776711,3.4954799029460224,-0.3945202019581524,3.890000104904175,11.125861858499462,normal
2021-03-22,64.62000274658203,6.499000072479248,1.1883116960525513,6.625,2.5820000171661377,18.045000076293945,16.940000534057617,2.53,27.15,220.87,2495.2,804272315.0,29.5,12.9,16.8,11.3,1782.0,95.6149,98.8,12.7197518102,73.95680236816406,94.48355865478516,46.326778411865234,0.5122752785682678,185.2786673772225,6.284350772808055,3.702350755641917,-0.34064922719194524,4.042999982833862,11.141379783893454,normal
2021-03-23,60.790000915527344,6.50629997253418,1.193303108215332,6.855000019073486,2.507999897003174,18.38999938964844,16.389999389648438,2.55,26.85,218.41,2662.3,796300712.0,19.2,13.6,14.9,7.0,1782.0,95.6149,98.8,12.7197518102,73.95680236816406,94.48355865478516,46.326778411865234,0.5122752785682678,185.2786673772225,6.431401827517495,3.923401930514321,-0.42359819155599165,4.3470001220703125,10.481034640608163,normal
2021-03-24,64.41000366210938,6.514900207519531,1.1840205192565918,6.855000019073486,2.5179998874664307,18.59000015258789,16.454999923706055,2.56,26.63,216.65,2689.2000000000003,802513714.0,25.4,13.8,16.3,5.2,1782.0,95.6149,98.8,12.7197518102,73.95680236816406,94.48355865478516,46.326778411865234,0.5122752785682678,185.2786673772225,6.4507733075569105,3.93277342009048,-0.40422671151657585,4.337000131607056,11.105173045191272,normal
2021-03-25,61.95000076293945,6.514599800109863,1.1813069581985474,6.75,2.569999933242798,18.364999771118164,15.9399995803833,2.56,26.49,215.55,2509.5,803882170.0,29.4,13.9,14.9,10.9,1750.0,95.6149,98.8,12.7197518102,73.95680236816406,94.48355865478516,46.326778411865234,0.5122752785682678,185.2786673772225,6.35809258029759,3.7880926470547918,-0.3919074197024104,4.180000066757202,10.681034614299906,normal
2021-03-26,64.56999969482422,6.5447998046875,1.1776621341705322,6.929999828338623,2.556999921798706,18.700000762939453,16.510000228881836,2.52,26.42,214.92,2454.2,802422815.0,49.3,11.9,10.4,13.8,1750.0,95.6149,98.8,12.7197518102,73.95680236816406,94.48355865478516,46.326778411865234,0.5122752785682678,185.2786673772225,6.454097079098119,3.897097157299413,-0.4759027492405039,4.372999906539917,11.132758568073141,normal
2021-03-29,64.9800033569336,6.540500164031982,1.1788004636764526,6.864999771118164,2.5859999656677246,18.44499969482422,16.56999969482422,2.52,26.63,216.67,1894.9,785458621.0,36.3,11.0,5.3,9.3,1750.0,95.6149,98.8,12.7197518102,73.95680236816406,94.48355865478516,46.326778411865234,0.5122752785682678,185.2786673772225,6.372239765300022,3.7862397996322974,-0.49276000581814206,4.2789998054504395,11.203448854643723,normal
2021-03-30,64.13999938964844,6.568699836730957,1.177100658416748,6.934999942779541,2.622999906539917,18.80500030517578,16.655000686645508,2.58,26.67,217.01,2279.2,795938095.0,30.2,10.0,10.8,9.3,1750.0,95.6149,98.8,12.7197518102,73.95680236816406,94.48355865478516,46.326778411865234,0.5122752785682678,185.2786673772225,6.487242094623773,3.864242188083856,-0.447757848155768,4.312000036239624,11.058620584422144,normal
2021-03-31,63.540000915527344,6.571000099182129,1.1723604202270508,7.019999980926514,2.6080000400543213,18.9950008392334,16.7450008392334,2.55,26.9,218.85,2208.3,796182230.0,45.8,8.3,14.9,6.6,1750.0,95.6149,98.8,12.7197518102,73.95680236816406,94.48355865478516,46.326778411865234,0.5122752785682678,185.2786673772225,6.526399024101253,3.9183989840469318,-0.4936009568252606,4.411999940872192,10.955172571642645,normal
2021-04-01,64.86000061035156,6.551199913024902,1.1728830337524414,6.925000190734863,2.638999938964844,19.170000076293945,16.75,2.52,26.89,220.3,2225.7,788462954.0,42.9,11.9,9.8,6.6,1764.0,95.6149,98.8,12.7197518102,73.95680236816406,94.48355865478516,46.326778411865234,0.5122752785682678,185.2786673772225,6.589462286576218,3.950462347611374,-0.33553790415864526,4.2860002517700195,11.182758725922683,normal
2021-04-02,64.86000061035156,6.56440019607544,1.177994966506958,6.925000190734863,2.638999938964844,19.170000076293945,16.75,2.52,27.62,225.14,2452.1,834346569.0,60.0,9.2,10.1,9.5,1764.0,95.6149,98.8,12.7197518102,73.95680236816406,94.48355865478516,46.326778411865234,0.5122752785682678,185.2786673772225,6.618182020026221,3.9791820810613765,-0.3068181707086426,4.2860002517700195,11.182758725922683,normal
2021-04-05,62.150001525878906,6.566500186920166,1.176816701889038,6.925000190734863,2.510999917984009,19.170000076293945,16.7549991607666,2.52,28.33,230.98,2545.1,831191452.0,13.6,5.3,12.4,6.2,1764.0,95.6149,98.8,12.7197518102,73.95680236816406,94.48355865478516,46.326778411865234,0.5122752785682678,217.4661914035098,6.611562323057333,4.100562405073324,-0.31343786767753024,4.4140002727508545,10.71551750446188,normal
2021-04-06,62.7400016784668,6.565899848937988,1.1818934679031372,6.96999979019165,2.4560000896453857,19.780000686645508,17.565000534057617,2.43,28.45,231.91,2538.5,832156056.0,36.9,9.4,18.0,3.8,1764.0,95.6149,98.8,12.7197518102,73.95680236816406,94.48355865478516,46.326778411865234,0.5122752785682678,217.4661914035098,6.851375854058126,4.395375764412741,-0.11862393613352396,4.513999700546265,10.817241668701172,normal
2021-04-07,63.15999984741211,6.53849983215332,1.1874228715896606,6.980000019073486,2.5199999809265137,19.28499984741211,17.34000015258789,2.44,28.26,230.34,2671.4,832922688.0,40.9,12.1,16.6,1.3,1764.0,95.6149,98.8,12.7197518102,73.95680236816406,94.48355865478516,46.326778411865234,0.5122752785682678,217.4661914035098,6.711169499909222,4.191169518982709,-0.2688305191642639,4.460000038146973,10.889655146105536,normal
2021-04-08,63.20000076293945,6.540999889373779,1.1873664855957031,6.985000133514404,2.5220000743865967,18.989999771118164,17.18000030517578,2.43,27.95,227.88,2837.6,837417994.0,33.1,11.3,9.0,6.4,1784.0,95.6149,98.8,12.7197518102,73.95680236816406,94.48355865478516,46.326778411865234,0.5122752785682678,217.4661914035098,6.608195821301524,4.086195746914927,-0.37680431221288035,4.463000059127808,10.896551855679217,normal
2021-04-09,62.95000076293945,6.550000190734863,1.1915684938430786,6.985000133514404,2.526000022888184,18.940000534057617,17.2450008392334,2.47,27.68,225.66,2752.5,830919674.0,41.1,11.9,6.2,8.8,1784.0,95.6149,98.8,12.7197518102,73.95680236816406,94.48355865478516,46.326778411865234,0.5122752785682678,217.4661914035098,6.614121316755508,4.088121293867324,-0.37087881675889633,4.459000110626221,10.853448407403354,normal
2021-04-12,63.27999877929688,6.552000045776367,1.1900511980056765,7.005000114440918,2.561000108718872,19.649999618530277,17.649999618530273,2.48,27.46,223.89,2262.0,830425287.0,47.3,14.0,0.0,7.9,1784.0,95.6149,98.8,12.7197518102,78.61876678466797,100.85202026367188,49.41804122924805,0.6331877708435059,217.4661914035098,6.853325357940483,4.292325249221611,-0.1516747565004346,4.444000005722046,10.910344617120153,normal
2021-04-13,63.66999816894531,6.547900199890137,1.1914690732955933,7.014999866485596,2.61899995803833,19.51000022888184,17.344999313354492,2.5,27.13,221.16,2334.0,821350659.0,49.5,12.7,2.0,7.9,1784.0,95.6149,98.8,12.7197518102,78.61876678466797,100.85202026367188,49.41804122924805,0.6331877708435059,217.4661914035098,6.812604961315379,4.193605003277049,-0.20239490517021697,4.395999908447266,10.977585891197467,normal
2021-04-14,66.58000183105469,6.542600154876709,1.1954143047332764,7.014999866485596,2.618000030517578,19.68000030517578,17.360000610351562,2.57,26.78,218.27,2517.8,836418994.0,37.6,10.7,5.3,7.3,1784.0,95.6149,98.8,12.7197518102,78.61876678466797,100.85202026367188,49.41804122924805,0.6331877708435059,217.4661914035098,6.894721166764076,4.276721136246498,-0.12027869972151972,4.396999835968018,11.479310660526671,normal
2021-04-15,66.94000244140625,6.52810001373291,1.1986095905303955,7.017000198364258,2.657999992370605,20.26000022888184,17.639999389648438,2.65,26.47,215.75,2666.5000000000005,832834160.0,21.2,13.3,8.5,8.3,1845.0,98.3856,100.0,6.1143984243,78.61876678466797,100.85202026367188,49.41804122924805,0.6331877708435059,217.4661914035098,7.116891621822604,4.458891629451999,0.09989142345834612,4.359000205993652,11.54137973127694,normal
2021-04-16,66.7699966430664,6.521299839019775,1.1971746683120728,8.244999885559082,2.680000066757202,20.540000915527344,17.725000381469727,2.62,26.19,213.47,2414.4,831827432.0,44.1,14.0,9.2,3.9,1845.0,98.3856,100.0,6.1143984243,78.61876678466797,100.85202026367188,49.41804122924805,0.6331877708435059,217.4661914035098,7.20661191603396,4.526611849276758,-1.0383879695251217,5.56499981880188,11.512068386735587,normal
2021-04-19,67.05000305175781,6.511099815368652,1.1969454288482666,8.664999961853027,2.749000072479248,20.940000534057617,17.4950008392334,2.63,26.1,212.8,2303.9,831926201.0,25.5,13.8,11.5,10.9,1845.0,98.3856,100.0,6.1143984243,78.61876678466797,100.85202026367188,49.41804122924805,0.6331877708435059,217.4661914035098,7.345547931597334,4.596547859118086,-1.3194520302556931,5.915999889373779,11.560345353751348,normal
2021-04-20,66.56999969482422,6.509300231933594,1.204529047012329,8.649999618530273,2.726999998092652,21.065000534057617,17.979999542236328,2.75,26.05,212.34,2687.5,832814627.0,20.2,13.0,12.6,8.0,1845.0,98.3856,100.0,6.1143984243,78.61876678466797,100.85202026367188,49.41804122924805,0.6331877708435059,217.4661914035098,7.4362145218550895,4.709214523762437,-1.213785096675184,5.922999620437622,11.477586154280038,normal
2021-04-21,65.31999969482422,6.498499870300293,1.2032392024993896,8.550000190734863,2.691999912261963,21.11000061035156,18.48500061035156,2.76,26.06,212.45,2669.7000000000003,832915675.0,28.1,12.4,12.1,9.4,1845.0,98.3856,100.0,6.1143984243,78.61876678466797,100.85202026367188,49.41804122924805,0.6331877708435059,217.4661914035098,7.444120199980376,4.752120287718413,-1.1058799907544872,5.8580002784729,11.262068912900729,normal
2021-04-22,65.4000015258789,6.489999771118164,1.2037750482559204,8.550000190734863,2.749000072479248,21.3700008392334,18.76000022888184,2.72,26.15,213.14,2433.7,833223697.0,29.7,11.9,12.4,10.1,1883.0,98.3856,100.0,6.1143984243,78.61876678466797,100.85202026367188,49.41804122924805,0.6331877708435059,217.4661914035098,7.539161286312181,4.790161213832933,-1.0108389044226822,5.801000118255615,11.275862332048087,normal
2021-04-23,66.11000061035156,6.490300178527832,1.2014753818511963,8.199999809265137,2.7300000190734863,20.045000076293945,18.690000534057617,2.77,26.24,213.87,2740.6,832898415.0,20.0,10.2,10.0,9.5,1883.0,98.3856,100.0,6.1143984243,78.61876678466797,100.85202026367188,49.41804122924805,0.6331877708435059,217.4661914035098,7.058202219390918,4.328202200317432,-1.1417975898742183,5.46999979019165,11.398275967301993,normal
2021-04-26,65.6500015258789,6.494400024414063,1.2089852094650269,8.25,2.789999961853028,20.0,18.86000061035156,2.79,26.96,219.75,2392.0,834404158.0,37.1,10.5,15.3,0.6,1883.0,98.3856,100.0,6.1143984243,78.61876678466797,100.85202026367188,49.41804122924805,0.6331877708435059,217.4661914035098,7.086375174905056,4.296375213052029,-1.163624825094944,5.460000038146973,11.31896578032395,normal
2021-04-27,66.41999816894531,6.484499931335449,1.2081671953201294,8.600000381469727,2.872999906539917,21.405000686645508,18.864999771118164,2.73,27.09,220.83,2606.4,833475082.0,41.9,11.6,13.3,0.0,1883.0,98.3856,100.0,6.1143984243,78.61876678466797,100.85202026367188,49.41804122924805,0.6331877708435059,217.4661914035098,7.579061716520995,4.706061809981078,-1.0209386649487318,5.72700047492981,11.451723822231951,normal
2021-04-28,67.2699966430664,6.482100009918213,1.2090305089950562,8.600000381469727,2.924999952316284,21.55500030517578,19.06999969482422,2.91,27.2,221.72,2384.8,832544189.0,26.8,11.1,7.4,1.8,1883.0,98.3856,100.0,6.1143984243,78.61876678466797,100.85202026367188,49.41804122924805,0.6331877708435059,217.4661914035098,7.637627116810935,4.712627164494651,-0.9623732646587912,5.675000429153442,11.598275283287311,normal
2021-04-29,68.55999755859375,6.47790002822876,1.213592290878296,8.800000190734863,2.9110000133514404,22.5,19.065000534057617,2.98,27.32,222.74,2214.4,822326840.0,31.1,11.0,7.3,2.9,1898.0,98.3856,100.0,6.1143984243,78.61876678466797,100.85202026367188,49.41804122924805,0.6331877708435059,217.4661914035098,8.002551637612072,5.091551624260632,-0.7974485531227913,5.889000177383423,11.820689234240302,normal
2021-04-30,67.25,6.471199989318848,1.2127091884613037,8.895000457763672,2.930999994277954,23.28499984741211,19.46999931335449,2.91,27.42,223.55,2413.5,843639987.0,21.5,11.4,11.3,2.9,1898.0,98.3856,100.0,6.1143984243,78.61876678466797,100.85202026367188,49.41804122924805,0.6331877708435059,217.4661914035098,8.275725283334424,5.34472528905647,-0.619275174429248,5.964000463485718,11.594827586206897,normal
2021-05-03,67.55999755859375,6.473499774932861,1.2027760744094849,8.904999732971191,2.9660000801086426,23.815000534057617,19.76000022888184,2.86,27.85,227.02,1947.8,858665860.0,31.8,8.4,4.6,5.0,1898.0,98.3856,100.0,6.1143984243,78.61876678466797,100.85202026367188,49.41804122924805,0.6331877708435059,217.4661914035098,8.394764826300682,5.428764746192039,-0.5102349066705099,5.938999652862549,11.648275441136853,normal
2021-05-04,68.87999725341797,6.472799777984619,1.2061271667480469,9.005000114440918,2.9670000076293945,23.049999237060547,19.34000015258789,2.96,27.92,227.59,1960.5,859002963.0,36.6,10.7,9.3,5.0,1898.0,98.3856,100.0,6.1143984243,78.61876678466797,100.85202026367188,49.41804122924805,0.6331877708435059,217.4661914035098,8.147740208004501,5.180740200375107,-0.8572599064364166,6.038000106811523,11.875861595416891,normal
2021-05-05,68.95999908447266,6.472799777984619,1.2015043497085571,8.970000267028809,2.937999963760376,23.959999084472656,19.6299991607666,3.0,28.02,228.43,2014.4,858555267.0,12.8,10.5,8.8,7.2,1898.0,98.3856,100.0,6.1143984243,78.61876678466797,100.85202026367188,49.41804122924805,0.6331877708435059,217.4661914035098,8.43694664316439,5.498946679404014,-0.5330536238644186,6.032000303268433,11.889655014564251,normal
2021-05-06,68.08999633789062,6.4730000495910645,1.2007973194122314,9.0600004196167,2.927999973297119,24.32999992370605,19.86000061035156,2.99,28.01,228.31,1872.3,859816364.0,11.0,11.0,6.2,8.8,1958.0,98.3856,100.0,6.1143984243,78.61876678466797,100.85202026367188,49.41804122924805,0.6331877708435059,179.65824161896418,8.562192257552745,5.634192284255626,-0.4978081620639543,6.13200044631958,11.739654541015625,normal
2021-05-07,68.27999877929688,6.463200092315674,1.2068549394607544,9.045000076293944,2.9579999446868896,23.940000534057617,20.26000022888184,2.9,27.96,227.93,1969.0,858781997.0,34.8,11.6,0.0,7.2,1958.0,98.3856,100.0,6.1143984243,78.61876678466797,100.85202026367188,49.41804122924805,0.6331877708435059,179.65824161896418,8.467445033093757,5.509445088406867,-0.5775550432001868,6.087000131607054,11.772413582637393,normal
2021-05-10,68.31999969482422,6.43149995803833,1.2171076536178589,9.119999885559082,2.931999921798706,25.190000534057617,20.665000915527344,2.9,28.73,234.22,1854.4,857306790.0,65.1,11.3,8.8,7.1,1958.0,98.3856,100.0,6.1143984243,78.61876678466797,100.85202026367188,49.41804122924805,0.6331877708435059,179.65824161896418,8.985253373143975,6.0532534513452685,-0.1347465124151075,6.187999963760376,11.779310292211072,normal
2021-05-11,68.55000305175781,6.41510009765625,1.2140932083129885,9.114999771118164,2.9549999237060547,25.80500030517578,21.184999465942383,2.93,29.13,237.45,2010.5,856859627.0,28.8,11.8,9.7,3.1,1958.0,98.3856,100.0,6.1143984243,88.16622161865234,109.5869598388672,67.87379455566406,1.1965175867080688,179.65824161896418,9.181825954101683,6.226826030395628,0.06682618298351883,6.159999847412109,11.818966043406519,normal
2021-05-12,69.31999969482422,6.428299903869629,1.2144500017166138,9.125,2.969000101089477,26.420000076293945,21.76000022888184,2.91,29.44,239.96,2080.5,858081851.0,32.5,11.4,9.3,6.6,1958.0,98.3856,100.0,6.1143984243,88.16622161865234,109.5869598388672,67.87379455566406,1.1965175867080688,179.65824161896418,9.403415199261495,6.434415098172018,0.27841519926149516,6.1559998989105225,11.95172408531452,normal
2021-05-13,67.05000305175781,6.4552001953125,1.2078505754470823,9.125,2.9730000495910645,26.25,21.63500022888184,2.91,29.72,242.25,1935.2,857849320.0,36.2,9.3,11.5,5.0,2029.0,98.3856,100.0,6.1143984243,88.16622161865234,109.5869598388672,67.87379455566406,1.1965175867080688,179.65824161896418,9.292138542230363,6.319138492639299,0.16713854223036329,6.1519999504089355,11.560345353751348,normal
2021-05-14,68.70999908447266,6.450900077819824,1.207729458808899,9.131999969482422,2.9609999656677246,26.82999992370605,22.38999938964844,2.95,30.04,245.02,1959.7,858159302.0,38.5,1.1,11.4,4.9,2029.0,98.3856,100.0,6.1143984243,88.16622161865234,109.5869598388672,67.87379455566406,1.1965175867080688,179.65824161896418,9.496498176423097,6.535498210755373,0.3644982069406755,6.171000003814697,11.84655156628839,normal
2021-05-17,69.45999908447266,6.436100006103516,1.2150373458862305,10.329999923706056,3.108999967575073,26.309999465942383,22.114999771118164,2.95,31.03,252.97,2037.2,859591483.0,19.9,6.2,9.6,0.0,2029.0,98.5587,100.8,8.7934560249,88.16622161865234,109.5869598388672,67.87379455566406,1.1965175867080688,179.65824161896418,9.368792582182083,6.25979261460701,-0.9612073415239735,7.220999956130983,11.975861911115976,normal
2021-05-18,68.70999908447266,6.438199996948242,1.215687274932861,9.989999771118164,3.01200008392334,24.809999465942383,20.875,2.99,31.23,254.55,2327.6,861116795.0,15.6,5.7,7.3,0.0,2029.0,98.5587,100.8,8.7934560249,88.16622161865234,109.5869598388672,67.87379455566406,1.1965175867080688,179.65824161896418,8.839379580508782,5.827379496585442,-1.1506201906093825,6.977999687194824,11.84655156628839,normal
2021-05-19,66.66000366210938,6.424200057983398,1.2223997116088867,9.470000267028809,2.96399998664856,22.665000915527344,19.399999618530277,2.96,31.33,255.43,1850.7,861361601.0,20.9,7.8,4.3,0.0,2029.0,98.5587,100.8,8.7934560249,88.16622161865234,109.5869598388672,67.87379455566406,1.1965175867080688,179.65824161896418,8.11974027523952,5.155740288590961,-1.3502599917892883,6.506000280380249,11.49310407967403,normal
2021-05-20,65.11000061035156,6.434000015258789,1.217285394668579,10.050000190734863,2.924999952316284,24.684999465942383,20.63999938964844,2.88,31.48,256.58,2535.3,862457262.0,19.0,7.6,4.3,0.0,2100.0,98.5587,100.8,8.7934560249,88.16622161865234,109.5869598388672,67.87379455566406,1.1965175867080688,179.65824161896418,8.80640575043619,5.881405798119905,-1.2435944402986738,7.125000238418579,11.225862174198546,normal
2021-05-21,66.44000244140625,6.433899879455566,1.222538709640503,9.979999542236328,2.9059998989105225,24.795000076293945,20.2450008392334,2.86,31.74,258.75,2421.4,863597087.0,13.2,7.2,2.7,2.0,2100.0,98.5587,100.8,8.7934560249,88.16622161865234,109.5869598388672,67.87379455566406,1.1965175867080688,179.65824161896418,8.883822879134083,5.977822980223561,-1.096176663102245,7.073999643325806,11.455172834725216,normal
2021-05-24,68.45999908447266,6.433199882507324,1.2183235883712769,10.074999809265137,2.885999917984009,24.76000022888184,20.86000061035156,2.84,32.84,267.7,2091.8,864165052.0,15.1,7.5,0.0,0.0,2100.0,98.5587,100.8,8.7934560249,88.16622161865234,109.5869598388672,67.87379455566406,1.1965175867080688,179.65824161896418,8.840695964094369,5.95469604611036,-1.2343038451707677,7.188999891281128,11.803448118012527,normal
2021-05-25,68.6500015258789,6.418300151824951,1.2214635610580444,10.600000381469728,2.9130001068115234,26.190000534057617,20.84499931335449,2.78,33.17,270.37,1994.5,864551310.0,20.2,6.6,0.0,1.5,2100.0,98.5587,100.8,8.7934560249,88.16622161865234,109.5869598388672,67.87379455566406,1.1965175867080688,179.65824161896418,9.375386507131038,6.462386400319515,-1.22461387433869,7.687000274658205,11.836207159634295,normal
2021-05-26,68.87000274658203,6.409999847412109,1.2249093055725098,10.625,2.983999967575073,26.424999237060547,21.01000022888184,2.87,33.39,272.15,2048.6,863973691.0,53.8,5.9,0.0,3.2,2100.0,98.5587,100.8,8.7934560249,88.16622161865234,109.5869598388672,67.87379455566406,1.1965175867080688,179.65824161896418,9.486195603117672,6.5021956355425985,-1.1388043968823283,7.641000032424927,11.874138404583109,normal
2021-05-27,69.45999908447266,6.390699863433838,1.21925950050354,10.375,2.9579999446868896,25.200000762939453,20.40999984741211,2.91,33.56,273.56,2057.2000000000003,859915462.0,58.7,7.7,0.0,1.9,2215.0,98.5587,100.8,8.7934560249,88.16622161865234,109.5869598388672,67.87379455566406,1.1965175867080688,179.65824161896418,9.004712685561081,6.046712740874192,-1.3702873144389187,7.41700005531311,11.975861911115976,normal
2021-05-28,69.62999725341797,6.381999969482422,1.2193188667297363,10.399999618530272,2.986000061035156,24.93000030517578,20.459999084472656,2.85,33.7,274.72,1988.8,862536702.0,35.3,7.3,0.0,0.6,2215.0,98.5587,100.8,8.7934560249,88.16622161865234,109.5869598388672,67.87379455566406,1.1965175867080688,179.65824161896418,8.908667205823592,5.922667144788436,-1.4913324127066794,7.413999557495115,12.005171940244479,normal
2021-05-31,69.62999725341797,6.367400169372559,1.2190067768096924,10.399999618530272,2.986000061035156,24.93000030517578,20.459999084472656,2.91,34.84,284.03,1603.8000000000002,866225389.0,44.4,7.4,0.0,0.9,2215.0,98.5587,100.8,8.7934560249,88.16622161865234,109.5869598388672,67.87379455566406,1.1965175867080688,179.65824161896418,8.906386994049768,5.920386933014612,-1.4936126244805035,7.413999557495115,12.005171940244479,normal
2021-06-01,70.25,6.36899995803833,1.223286509513855,10.649999618530272,3.1040000915527344,25.975000381469727,20.57999992370605,2.91,35.22,287.12,1814.2,865299930.0,37.0,7.2,4.3,3.9,2215.0,98.5587,100.8,8.7934560249,88.16622161865234,109.5869598388672,67.87379455566406,1.1965175867080688,179.65824161896418,9.312298894907347,6.208298803354612,-1.337700723622925,7.545999526977537,12.112068965517242,normal
2021-06-02,71.3499984741211,6.38070011138916,1.2217769622802734,10.625,3.075000047683716,25.725000381469727,20.31999969482422,3.02,35.61,290.41,2147.1,864692759.0,22.5,6.3,8.1,3.2,2215.0,98.5587,100.8,8.7934560249,88.16622161865234,109.5869598388672,67.87379455566406,1.1965175867080688,179.65824161896418,9.21129051584371,6.136290468159995,-1.4137094841562892,7.549999952316284,12.301723874848465,normal
2021-06-03,71.30999755859375,6.380099773406982,1.220986247062683,10.625,3.0409998893737797,25.70499992370605,19.729999542236328,3.09,36.07,294.09,2091.7,862148772.0,16.0,6.1,8.1,4.0,2313.0,98.5587,100.8,8.7934560249,88.16622161865234,109.5869598388672,67.87379455566406,1.1965175867080688,179.65824161896418,9.198172228452645,6.1571723390788655,-1.4268277715473552,7.584000110626221,12.294827165274786,normal
2021-06-04,71.88999938964844,6.402699947357178,1.213300704956055,10.604999542236328,3.0969998836517334,25.795000076293945,19.84000015258789,3.01,36.49,297.58,2222.6,862711847.0,13.1,4.3,6.1,0.0,2313.0,98.5587,100.8,8.7934560249,88.16622161865234,109.5869598388672,67.87379455566406,1.1965175867080688,179.65824161896418,9.172276570395393,6.07527668674366,-1.432722971840935,7.507999658584595,12.394827480973868,normal
2021-06-07,71.48999786376953,6.394299983978272,1.2168411016464231,10.675000190734863,3.069999933242798,26.489999771118164,20.63999938964844,3.01,37.83,308.47,1802.3,862719246.0,38.1,0.0,0.5,0.0,2313.0,98.5587,100.8,8.7934560249,88.16622161865234,109.5869598388672,67.87379455566406,1.1965175867080688,141.38605551092516,9.446892713693144,6.376892780450346,-1.2281074770417195,7.605000257492065,12.32586170064992,normal
2021-06-08,72.22000122070312,6.396299839019775,1.2193634510040283,10.850000381469728,3.128000020980835,27.799999237060547,20.86000061035156,2.98,38.15,311.11,2007.2,859967548.0,21.2,0.0,0.0,0.9,2313.0,98.5587,100.8,8.7934560249,88.16622161865234,109.5869598388672,67.87379455566406,1.1965175867080688,141.38605551092516,9.934616694394574,6.806616673413739,-0.9153836870751544,7.722000360488893,12.451724348397091,normal
2021-06-09,72.22000122070312,6.399499893188477,1.217285394668579,10.899999618530272,3.128999948501587,28.299999237060547,21.020000457763672,3.11,38.47,313.66,1838.2,861444217.0,10.6,0.0,0.0,0.6,2313.0,98.5587,100.8,8.7934560249,88.16622161865234,109.5869598388672,67.87379455566406,1.1965175867080688,141.38605551092516,10.096061632994466,6.967061684492879,-0.8039379855358053,7.770999670028685,12.451724348397091,normal
2021-06-10,72.5199966430664,6.386499881744385,1.218200445175171,10.925000190734863,3.1489999294281006,28.684999465942383,20.770000457763672,3.13,38.67,315.29,1873.9,864520022.0,15.3,3.1,0.0,0.0,2411.0,98.5587,100.8,8.7934560249,93.00713348388672,120.7828369140625,52.62611389160156,0.8268968462944031,141.38605551092516,10.241103565287634,7.092103635859534,-0.683896625447229,7.776000261306763,12.503447697080416,normal
2021-06-11,72.69000244140625,6.392300128936768,1.2172558307647705,10.920000076293944,3.2960000038146973,27.84499931335449,20.799999237060547,3.13,38.94,317.56,1868.1,865539608.0,32.1,2.7,0.0,0.0,2411.0,98.5587,100.8,8.7934560249,93.00713348388672,120.7828369140625,52.62611389160156,0.8268968462944031,141.38605551092516,9.933498558623556,6.637498554808859,-0.9865015176703871,7.624000072479246,12.532759041621768,normal
2021-06-14,72.86000061035156,6.39769983291626,1.2110203504562378,10.920000076293944,3.351999998092652,28.809999465942383,20.709999084472656,3.23,40.15,327.37,1526.7999999999995,863823913.0,7.0,0.5,0.0,0.0,2411.0,98.5587,100.8,8.7934560249,93.00713348388672,120.7828369140625,52.62611389160156,0.8268968462944031,141.38605551092516,10.225106721848919,6.873106723756267,-0.6948933544450249,7.568000078201292,12.562069070750269,normal
2021-06-15,73.98999786376953,6.397200107574463,1.212224006652832,10.923999786376951,3.240000009536743,28.13500022888184,20.18000030517578,3.36,40.49,330.19,1433.4,857704837.0,14.5,0.6,0.0,0.0,2411.0,99.4333,99.7,16.5929203566,93.00713348388672,120.7828369140625,52.62611389160156,0.8268968462944031,141.38605551092516,9.995464050312558,6.755464040775815,-0.9285357360643935,7.683999776840208,12.756896183408541,normal
2021-06-16,74.38999938964844,6.40500020980835,1.2127091884613037,11.630000114440918,3.250999927520752,28.030000686645508,20.26000022888184,3.31,40.76,332.37,1427.9,859001163.0,30.7,0.2,0.0,0.0,2411.0,99.4333,99.7,16.5929203566,93.00713348388672,120.7828369140625,52.62611389160156,0.8268968462944031,141.38605551092516,9.96214674230004,6.711146814779289,-1.6678533721408773,8.379000186920166,12.825861963732489,normal
2021-06-17,73.08000183105469,6.396699905395508,1.1995586156845093,11.595000267028809,3.253000020980835,28.309999465942383,20.229999542236328,3.25,41.02,334.51,1318.9,861095881.0,35.9,2.6,0.0,0.0,2427.0,99.4333,99.7,16.5929203566,93.00713348388672,120.7828369140625,52.62611389160156,0.8268968462944031,141.38605551092516,9.952552875730492,6.699552854749657,-1.642447391298317,8.342000246047974,12.600000315699084,normal
2021-06-18,73.51000213623047,6.447400093078613,1.1913414001464844,11.869999885559082,3.2149999141693115,29.405000686645508,20.450000762939453,3.24,41.28,336.6,1355.4,859701977.0,27.3,2.5,0.0,0.0,2427.0,99.4333,99.7,16.5929203566,93.00713348388672,120.7828369140625,52.62611389160156,0.8268968462944031,141.38605551092516,10.266693245100317,7.0516933309310055,-1.603306640458765,8.65499997138977,12.674138299350082,normal
2021-06-21,74.9000015258789,6.452099800109863,1.1873664855957031,11.949999809265137,3.190999984741211,29.614999771118164,20.84000015258789,3.23,42.4,345.76,930.5,861910858.0,25.6,0.0,0.0,0.0,2427.0,99.4333,99.7,16.5929203566,93.00713348388672,120.7828369140625,52.62611389160156,0.8268968462944031,141.38605551092516,10.30551448626086,7.114514501519649,-1.644485323004277,8.758999824523926,12.913793366530847,normal
2021-06-22,74.80999755859375,6.46589994430542,1.1912561655044556,12.399999618530272,3.257999897003174,30.73500061035156,21.270000457763672,3.15,42.68,348.03,1237.4,862861360.0,30.5,0.0,0.0,0.0,2427.0,99.4333,99.7,16.5929203566,93.00713348388672,120.7828369140625,52.62611389160156,0.8268968462944031,141.38605551092516,10.730292125723006,7.472292228719832,-1.669707492807266,9.141999721527098,12.898275441136853,normal
2021-06-23,75.19000244140625,6.480299949645996,1.1936734914779663,12.604999542236328,3.3329999446868896,31.545000076293945,21.450000762939453,3.21,42.87,349.57,1271.3,864611851.0,28.4,0.0,0.0,0.0,2427.0,99.4333,99.7,16.5929203566,93.00713348388672,120.7828369140625,52.62611389160156,0.8268968462944031,141.38605551092516,11.035429489922016,7.702429545235127,-1.5695700523143117,9.271999597549438,12.963793524380389,normal
2021-06-24,75.55999755859375,6.4730000495910645,1.193317413330078,12.625,3.4179999828338623,32.01499938964844,21.899999618530277,3.36,43.05,351.07,1311.8,869831099.0,28.5,0.4,0.0,0.0,2482.0,99.4333,99.7,16.5929203566,93.00713348388672,120.7828369140625,52.62611389160156,0.8268968462944031,141.38605551092516,11.196509011769534,7.778509028935671,-1.4284909882304664,9.207000017166138,13.02758578596444,normal
2021-06-25,76.18000030517578,6.4710001945495605,1.1930327415466309,12.755000114440918,3.496000051498413,32.3849983215332,21.8700008392334,3.3,43.25,352.68,1169.5,870219064.0,32.7,0.8,0.0,0.0,2482.0,99.4333,99.7,16.5929203566,93.00713348388672,120.7828369140625,52.62611389160156,0.8268968462944031,141.38605551092516,11.32320576896663,7.8272057174682175,-1.4317943454742874,9.259000062942505,13.134482811237204,normal
2021-06-28,74.68000030517578,6.446300029754639,1.1942152976989746,12.699999809265137,3.617000102996826,32.28900146484375,22.0,3.4,44.27,361.01,930.7,865746732.0,18.7,4.0,0.0,0.0,2482.0,99.4333,99.7,16.5929203566,93.00713348388672,120.7828369140625,52.62611389160156,0.8268968462944031,141.38605551092516,11.300831588604515,7.683831485607689,-1.3991682206606217,9.08299970626831,12.875862121582031,normal
2021-06-29,74.76000213623047,6.455100059509277,1.1928904056549072,12.975000381469728,3.630000114440918,33.48600006103516,21.82999992370605,3.62,44.56,363.32,1465.3000000000002,867550193.0,10.4,3.1,0.0,0.0,2482.0,99.4333,99.7,16.5929203566,93.00713348388672,120.7828369140625,52.62611389160156,0.8268968462944031,141.38605551092516,11.706767071857685,8.076766957416767,-1.268233309612043,9.34500026702881,12.889655540729391,normal
2021-06-30,75.12999725341797,6.463099956512451,1.1901928186416626,13.109999656677246,3.650000095367432,34.62200164794922,22.549999237060547,3.75,44.82,365.48,1439.7,868217142.0,15.3,2.7,0.0,0.0,2482.0,99.4333,99.7,16.5929203566,93.00713348388672,120.7828369140625,52.62611389160156,0.8268968462944031,141.38605551092516,12.076543672999634,8.426543577632202,-1.0334559836776123,9.459999561309814,12.953447802313443,normal
2021-07-01,75.83999633789062,6.456200122833252,1.1856770515441897,13.229999542236328,3.66100001335144,36.14300155639648,23.06999969482422,3.79,45.05,367.36,1297.1,867277120.0,9.0,0.0,0.0,0.0,2558.0,99.4333,99.7,16.5929203566,93.00713348388672,120.7828369140625,52.62611389160156,0.8268968462944031,141.38605551092516,12.559252410318813,8.898252396967372,-0.6707471319175156,9.568999528884888,13.07586143756735,normal
2021-07-02,76.16999816894531,6.467599868774414,1.1846235990524292,13.114999771118164,3.700000047683716,35.82699966430664,22.61000061035156,3.76,45.27,369.22,1346.7,864278759.0,19.5,0.0,0.0,0.0,2558.0,99.4333,99.7,16.5929203566,93.00713348388672,120.7828369140625,52.62611389160156,0.8268968462944031,141.38605551092516,12.438384499340915,8.738384451657199,-0.6766152717772496,9.414999723434448,13.132758304990572,normal
2021-07-05,76.16999816894531,6.472099781036377,1.1856207847595217,13.114999771118164,3.700000047683716,35.82699966430664,22.61000061035156,3.67,46.38,378.29,1330.6,864313329.0,28.1,3.7,0.0,0.0,2558.0,99.4333,99.7,16.5929203566,93.00713348388672,120.7828369140625,52.62611389160156,0.8268968462944031,141.38605551092516,12.448854811811461,8.748854764127746,-0.6661449593067026,9.414999723434448,13.132758304990572,normal
2021-07-06,74.52999877929688,6.462800025939941,1.186380386352539,12.885000228881836,3.63700008392334,34.10499954223633,20.899999618530277,3.67,46.75,381.31,1603.9,855002803.0,23.6,2.6,0.0,0.0,2558.0,99.4333,99.7,16.5929203566,93.00713348388672,120.7828369140625,52.62611389160156,0.8268968462944031,152.6149430795404,11.858101523815407,8.221101439892067,-1.0268987050664293,9.248000144958496,12.849999789533944,normal
2021-07-07,73.43000030517578,6.478099822998047,1.1824523210525513,12.6850004196167,3.595999956130981,32.3380012512207,20.940000534057617,3.68,47.03,383.54,1463.8,855578114.0,16.4,2.0,1.5,0.0,2558.0,99.4333,99.7,16.5929203566,93.00713348388672,120.7828369140625,52.62611389160156,0.8268968462944031,152.6149430795404,11.206499334056113,7.610499377925132,-1.4785010855605858,9.089000463485718,12.660344880202722,normal
2021-07-08,74.12000274658203,6.471499919891357,1.17933988571167,12.9350004196167,3.687999963760376,33.3120002746582,20.940000534057617,3.66,47.25,385.33,1487.8,859541652.0,10.6,0.0,0.0,0.0,2574.0,99.4333,99.7,16.5929203566,93.00713348388672,120.7828369140625,52.62611389160156,0.8268968462944031,152.6149430795404,11.513645570446267,7.825645606685891,-1.4213548491704326,9.247000455856323,12.779310818376212,normal
2021-07-09,75.55000305175781,6.489099979400635,1.184800386428833,13.0,3.674000024795532,36.63199996948242,21.43000030517578,3.56,47.46,387.04,1601.1,857589772.0,16.6,0.6,0.0,0.0,2574.0,99.4333,99.7,16.5929203566,93.00713348388672,120.7828369140625,52.62611389160156,0.8268968462944031,152.6149430795404,12.719761709514783,9.04576168471925,-0.280238290485217,9.325999975204468,13.025862595130658,normal
2021-07-12,75.16000366210938,6.478000164031982,1.187295913696289,13.010000228881836,3.749000072479248,34.64899826049805,20.399999618530277,3.71,48.57,396.12,1095.8,857641705.0,30.6,1.2,0.0,0.0,2574.0,99.4333,99.7,16.5929203566,74.12712097167969,92.54654693603516,46.34864044189453,0.8308577537536621,152.6149430795404,12.056543415088232,8.307543342608984,-0.9534568137936041,9.261000156402588,12.958621321053341,normal
2021-07-13,76.48999786376953,6.474599838256836,1.186521053314209,12.970000267028809,3.696000099182129,35.4630012512207,20.920000076293945,3.7,48.84,398.3,1308.2,857206638.0,12.0,1.4,0.0,0.0,2574.0,99.4333,99.7,16.5929203566,74.12712097167969,92.54654693603516,46.34864044189453,0.8308577537536621,152.6149430795404,12.331732460649768,8.635732361467639,-0.6382678063790408,9.27400016784668,13.18793066616716,normal
2021-07-14,74.76000213623047,6.46750020980835,1.1775373220443726,12.975000381469728,3.660000085830689,34.775001525878906,20.739999771118164,3.78,48.99,399.53,1326.2,859224944.0,12.9,1.8,0.0,0.0,2574.0,99.4333,99.7,16.5929203566,74.12712097167969,92.54654693603516,46.34864044189453,0.8308577537536621,152.6149430795404,12.000932602669415,8.340932516838727,-0.9740677788003129,9.31500029563904,12.889655540729391,normal
2021-07-15,73.47000122070312,6.468299865722656,1.1833338737487793,12.972999572753906,3.614000082015991,33.797000885009766,20.799999237060547,3.8,49.15,400.84,1185.0,864734870.0,12.7,1.6,0.0,0.0,2629.0,99.4333,99.7,16.5929203566,74.12712097167969,92.54654693603516,46.34864044189453,0.8308577537536621,152.6149430795404,11.720836770574927,8.106836688558936,-1.2521628021789795,9.358999490737915,12.6672415897764,normal
2021-07-16,73.58999633789062,6.460100173950195,1.1811814308166504,13.960000038146973,3.674000024795532,34.84199905395508,20.989999771118164,3.68,49.35,402.01,1262.3,863080248.0,24.8,0.2,0.0,0.0,2629.0,99.7987,99.9,10.2484472059,74.12712097167969,92.54654693603516,46.34864044189453,0.8308577537536621,152.6149430795404,12.061264278447847,8.387264253652315,-1.8987357596991252,10.28600001335144,12.687930403084591,normal
2021-07-19,68.62000274658203,6.4781999588012695,1.1814005374908447,14.1899995803833,3.7790000438690186,35.64899826049805,20.700000762939453,3.7,50.23,409.2,997.3,861202982.0,36.9,0.0,0.0,0.0,2629.0,99.7987,99.9,10.2484472059,74.12712097167969,92.54654693603516,46.34864044189453,0.8308577537536621,152.6149430795404,12.342912572743963,8.563912528874944,-1.8470870076393382,10.410999536514282,11.831034956307247,normal
2021-07-20,69.3499984741211,6.4893999099731445,1.1793843507766724,14.03499984741211,3.875999927520752,35.165000915527344,20.290000915527344,3.75,50.44,410.92,1374.1999999999998,863070601.0,49.4,0.0,0.0,0.0,2629.0,99.7987,99.9,10.2484472059,74.12712097167969,92.54654693603516,46.34864044189453,0.8308577537536621,152.6149430795404,12.15455748439991,8.278557556879157,-1.8804423630122002,10.158999919891357,11.956896288641568,normal
2021-07-21,72.2300033569336,6.48390007019043,1.1784114837646484,14.3100004196167,3.9590001106262207,35.94900131225586,20.59000015258789,3.82,50.62,412.32,1365.8,862748604.0,35.2,0.4,0.0,0.0,2629.0,99.7987,99.9,10.2484472059,74.12712097167969,92.54654693603516,46.34864044189453,0.8308577537536621,152.6149430795404,12.415292448795396,8.456292338169176,-1.8947079708213028,10.351000308990479,12.453448854643723,normal
2021-07-22,73.79000091552734,6.4670000076293945,1.179273009300232,14.274999618530272,4.002999782562256,36.12900161743164,19.75,3.94,50.77,413.59,1334.3000000000002,863062007.0,31.1,0.0,0.0,0.0,2678.0,99.7987,99.9,10.2484472059,74.12712097167969,92.54654693603516,46.34864044189453,0.8308577537536621,152.6149430795404,12.486579231919428,8.483579449357173,-1.7884203866108432,10.271999835968016,12.72241395095299,normal
2021-07-23,74.0999984741211,6.469699859619141,1.177273869514465,14.18000030517578,4.059999942779541,35.52299880981445,20.040000915527344,4.02,50.93,414.85,1354.5,862328432.0,25.8,0.0,0.0,0.0,2678.0,99.7987,99.9,10.2484472059,74.12712097167969,92.54654693603516,46.34864044189453,0.8308577537536621,152.6149430795404,12.256325433771183,8.196325490991642,-1.9236748714045966,10.120000362396238,12.775861805882947,normal
2021-07-26,74.5,6.480400085449219,1.177343249320984,14.59000015258789,4.102000236511231,36.91400146484375,20.959999084472656,4.11,52.12,424.55,1103.8000000000002,861015241.0,17.3,0.0,0.0,0.0,2678.0,99.7987,99.9,10.2484472059,74.12712097167969,92.54654693603516,46.34864044189453,0.8308577537536621,152.6149430795404,12.737006813922848,8.635006577411616,-1.8529933386650423,10.48799991607666,12.844827586206897,normal
2021-07-27,74.4800033569336,6.4816999435424805,1.1807769536972046,14.80500030517578,3.970999956130981,37.59000015258789,20.959999084472656,4.09,52.44,427.17,1300.6,860199362.0,18.6,0.5,0.0,0.0,2678.0,99.7987,99.9,10.2484472059,74.12712097167969,92.54654693603516,46.34864044189453,0.8308577537536621,152.6149430795404,13.008084624209495,9.037084668078514,-1.7969156809662845,10.834000349044798,12.841379889126483,normal
2021-07-28,74.73999786376953,6.509699821472168,1.1823126077651978,15.085000038146973,4.044000148773193,39.698001861572266,21.290000915527344,4.15,52.76,429.79,1342.0,861729856.0,11.0,0.5,0.0,0.0,2678.0,99.7987,99.9,10.2484472059,74.12712097167969,92.54654693603516,46.34864044189453,0.8308577537536621,152.6149430795404,13.75542858851723,9.711428439744036,-1.3295714496297428,11.04099988937378,12.886206528236126,normal
2021-07-29,76.05000305175781,6.4893999099731445,1.1845955848693848,15.25,4.059000015258789,41.15399932861328,21.229999542236328,4.1,53.12,432.68,1392.9,861244137.0,30.0,0.0,0.0,0.0,2714.0,99.7987,99.9,10.2484472059,74.12712097167969,92.54654693603516,46.34864044189453,0.8308577537536621,152.6149430795404,14.287469419306628,10.22846940404784,-0.9625305806933717,11.190999984741211,13.112069491682382,normal
2021-07-30,76.33000183105469,6.4552998542785645,1.189299702644348,14.755000114440918,3.9140000343322754,40.75600051879883,21.06999969482422,4.03,53.48,435.66,1480.5,862189016.0,23.3,0.0,0.0,0.0,2714.0,99.7987,99.9,10.2484472059,74.12712097167969,92.54654693603516,46.34864044189453,0.8308577537536621,152.6149430795404,14.205483742748052,10.291483708415777,-0.5495163716928655,10.841000080108643,13.16034514328529,normal
2021-08-02,72.88999938964844,6.4604997634887695,1.186704158782959,15.46500015258789,3.934999942779541,42.15299987792969,21.440000534057617,3.94,54.55,444.42,1151.8,860446507.0,41.6,1.2,0.0,0.0,2714.0,99.7987,99.9,10.2484472059,74.12712097167969,92.54654693603516,46.34864044189453,0.8308577537536621,152.6149430795404,14.66034226623665,10.72534232345711,-0.8046578863512401,11.53000020980835,12.567241274077317,normal
2021-08-03,72.41000366210938,6.460999965667725,1.1874650716781616,15.34000015258789,4.026999950408936,41.24300003051758,21.41900062561035,4.02,54.95,447.63,1253.4,859887615.0,58.8,1.6,0.0,0.0,2714.0,99.7987,99.9,10.2484472059,74.12712097167969,92.54654693603516,46.34864044189453,0.8308577537536621,152.6149430795404,14.353051746839514,10.326051796430576,-0.9869484057483771,11.313000202178955,12.484483390018859,normal
2021-08-04,70.37999725341797,6.469200134277344,1.1869436502456665,15.324999809265137,4.1579999923706055,42.25299835205078,21.959999084472656,4.06,55.23,449.96,1392.9,859971104.0,29.8,1.6,0.0,0.0,2714.0,99.7987,99.9,10.2484472059,74.12712097167969,92.54654693603516,46.34864044189453,0.8308577537536621,152.6149430795404,14.698086273660309,10.540086281289703,-0.6269135356048281,11.166999816894531,12.134482285072064,normal
2021-08-05,71.29000091552734,6.465199947357178,1.1837401390075684,15.399999618530272,4.139999866485596,42.89899826049805,22.239999771118164,4.2,55.55,452.51,1331.8,860390713.0,39.4,1.6,0.0,0.0,2727.0,99.7987,99.9,10.2484472059,74.12712097167969,92.54654693603516,46.34864044189453,0.8308577537536621,197.37941503594672,14.882527142546142,10.742527276060546,-0.51747247598413,11.259999752044676,12.29137946819437,normal
2021-08-06,70.69999694824219,6.460299968719482,1.1835720539093018,15.699999809265137,4.139999866485596,43.11800003051758,22.520000457763672,4.27,55.87,455.17,1244.6,860666863.0,29.8,2.6,0.0,0.0,2727.0,99.7987,99.9,10.2484472059,74.12712097167969,92.54654693603516,46.34864044189453,0.8308577537536621,197.37941503594672,14.956379239005734,10.816379372520139,-0.7436205702594023,11.559999942779541,12.189654646248654,normal
2021-08-09,69.04000091552734,6.482500076293945,1.1749500036239624,15.760000228881836,4.059999942779541,42.7859992980957,22.520000457763672,4.21,57.11,465.28,921.7,859800435.0,14.4,2.1,0.0,0.0,2727.0,99.7987,99.9,10.2484472059,74.12712097167969,92.54654693603516,46.34864044189453,0.8308577537536621,197.37941503594672,14.73310298825734,10.673103045477799,-1.0268972406244963,11.700000286102295,11.903448433711612,normal
2021-08-10,70.62999725341797,6.485199928283691,1.17384672164917,15.800000190734863,4.089000225067139,44.65499877929688,22.6299991607666,4.24,57.44,467.9,1030.8,860371204.0,23.1,0.7,0.0,0.0,2727.0,99.7987,99.9,10.2484472059,58.42076873779297,64.03631591796875,50.7158317565918,0.4884825646877289,197.37941503594672,15.362243027052035,11.273242801984896,-0.4377571636828286,11.710999965667725,12.177585733347925,normal
2021-08-11,71.44000244140625,6.484899997711182,1.172333002090454,15.649999618530272,4.059000015258789,45.98600006103516,23.0,4.12,57.79,470.74,1046.6,861927584.0,34.0,0.3,0.0,0.0,2727.0,99.7987,99.9,10.2484472059,58.42076873779297,64.03631591796875,50.7158317565918,0.4884825646877289,197.37941503594672,15.79973433261389,11.7407343173551,0.1497347140836176,11.590999603271483,12.317241800242456,normal
2021-08-12,71.30999755859375,6.4781999588012695,1.1741899251937866,15.664999961853027,3.933000087738037,45.87099838256836,22.149999618530277,4.07,58.09,473.23,1005.8,859410872.0,28.1,1.5,0.0,0.0,2776.0,99.7987,99.9,10.2484472059,58.42076873779297,64.03631591796875,50.7158317565918,0.4884825646877289,197.37941503594672,15.785185883167822,11.852185795429785,0.12018592131479444,11.73199987411499,12.294827165274786,normal
2021-08-13,70.58999633789062,6.478300094604492,1.173626184463501,15.654999732971191,3.861000061035156,44.62799835205078,21.809999465942383,4.1,58.43,475.98,1114.6,855824677.0,44.7,1.7,0.0,0.0,2776.0,99.7987,99.9,10.2484472059,58.42076873779297,64.03631591796875,50.7158317565918,0.4884825646877289,197.37941503594672,15.350069875843538,11.489069814808381,-0.30492985712765375,11.793999671936035,12.170689023774246,normal
2021-08-16,69.51000213623047,6.476399898529053,1.179467797279358,17.989999771118164,3.946000099182129,47.98799896240234,22.76000022888184,3.95,59.66,485.98,906.4,841256888.0,17.2,0.7,0.0,0.0,2776.0,100.2519,101.2,10.1112234629,58.42076873779297,64.03631591796875,50.7158317565918,0.4884825646877289,197.37941503594672,16.587918265964703,12.641918166782574,-1.4020815051534612,14.043999671936035,11.984483126936288,normal
2021-08-17,69.02999877929688,6.473599910736084,1.177994966506958,17.479999542236328,3.836999893188477,46.94900131225586,22.56999969482422,3.93,60.01,488.87,845.5,846837408.0,18.9,0.1,0.0,0.0,2776.0,100.2519,101.2,10.1112234629,58.42076873779297,64.03631591796875,50.7158317565918,0.4884825646877289,197.37941503594672,16.20850470038333,12.371504807194853,-1.2714948418529985,13.642999649047852,11.901723927464978,normal
2021-08-18,68.2300033569336,6.485099792480469,1.1709738969802856,16.770000457763672,3.8519999980926514,45.3849983215332,22.350000381469727,3.92,60.31,491.27,826.0,849394564.0,34.9,0.7,0.0,0.0,2776.0,100.2519,101.2,10.1112234629,58.42076873779297,64.03631591796875,50.7158317565918,0.4884825646877289,197.37941503594672,15.57516642019655,11.7231664221039,-1.1948340375671211,12.91800045967102,11.763793682229931,normal
2021-08-19,66.44999694824219,6.483200073242188,1.1703298091888428,15.18000030517578,3.829999923706055,40.39500045776367,21.21999931335449,3.86,60.63,493.88,930.5,849758511.0,40.5,0.0,0.0,0.0,2822.0,100.2519,101.2,10.1112234629,58.42076873779297,64.03631591796875,50.7158317565918,0.4884825646877289,197.37941503594672,13.855080148504392,10.025080224798337,-1.3249201566713875,11.350000381469725,11.456896025558999,normal
2021-08-20,65.18000030517578,6.49370002746582,1.1676595211029053,15.574999809265137,3.8510000705718994,41.94400024414063,21.309999465942383,3.83,60.95,496.5,1087.3,853484681.0,29.2,0.0,0.0,0.0,2822.0,100.2519,101.2,10.1112234629,58.42076873779297,64.03631591796875,50.7158317565918,0.4884825646877289,197.37941503594672,14.353546817602265,10.502546747030365,-1.221452991662872,11.723999738693237,11.237931087099273,normal
2021-08-23,68.75,6.491600036621094,1.1697548627853394,16.34000015258789,3.944999933242798,41.68000030517578,21.86000061035156,3.94,62.09,505.81,786.0,847898299.0,44.6,1.1,0.0,0.0,2822.0,100.2519,101.2,10.1112234629,58.42076873779297,64.03631591796875,50.7158317565918,0.4884825646877289,197.37941503594672,14.28879912250781,10.343799189265011,-2.0512010300800814,12.395000219345093,11.85344827586207,normal
2021-08-24,71.05000305175781,6.480000019073486,1.1744533777236938,16.850000381469727,3.8959999084472656,44.869998931884766,22.459999084472656,3.93,62.45,508.7,890.0999999999999,859910881.0,29.4,1.2,0.0,0.0,2822.0,100.2519,101.2,10.1112234629,58.42076873779297,64.03631591796875,50.7158317565918,0.4884825646877289,197.37941503594672,15.444185116674754,11.548185208227489,-1.4058152647949722,12.954000473022461,12.25000052616514,normal
2021-08-25,72.25,6.469900131225586,1.175309181213379,17.030000686645508,3.8970000743865967,45.28499984741211,22.34000015258789,3.95,62.81,511.66,1274.5,854664896.0,8.8,0.6,0.0,0.0,2822.0,100.2519,101.2,10.1112234629,58.42076873779297,64.03631591796875,50.7158317565918,0.4884825646877289,197.37941503594672,15.598385790709031,11.701385716322434,-1.4316148959364767,13.133000612258911,12.456896551724139,normal
2021-08-26,71.06999969482422,6.474899768829346,1.177440166473389,17.2450008392334,4.184000015258789,45.78799819946289,22.40999984741211,4.03,63.14,514.37,1331.2,856294337.0,12.5,0.0,0.0,0.0,2851.0,100.2519,101.2,10.1112234629,58.42076873779297,64.03631591796875,50.7158317565918,0.4884825646877289,197.37941503594672,15.800239211303996,11.616239196045207,-1.4447616279294024,13.06100082397461,12.253448223245556,normal
2021-08-27,72.69999694824219,6.480500221252441,1.1756407022476196,17.700000762939453,4.369999885559082,47.805999755859375,23.71999931335449,4.07,63.48,517.16,1430.1,855266965.0,34.5,0.2,0.0,0.0,2851.0,100.2519,101.2,10.1112234629,58.42076873779297,64.03631591796875,50.7158317565918,0.4884825646877289,197.37941503594672,16.47138720117816,12.101387315619078,-1.2286135617612928,13.330000877380371,12.53448223245555,normal
2021-08-30,73.41000366210938,6.470799922943115,1.1799006462097168,17.719999313354492,4.304999828338623,49.67900085449219,24.049999237060547,4.35,64.69,526.99,1131.0,852822380.0,36.9,1.4,0.0,0.0,2851.0,100.2519,101.2,10.1112234629,58.42076873779297,64.03631591796875,50.7158317565918,0.4884825646877289,197.37941503594672,17.178745658521752,12.873745830183129,-0.5412536548327402,13.41499948501587,12.656897183122306,normal
2021-08-31,72.98999786376953,6.465099811553955,1.1796904802322388,18.21999931335449,4.376999855041504,50.3380012512207,23.90999984741211,4.25,65.03,529.75,1326.5,857179859.0,40.5,1.8,0.0,0.0,2851.0,100.2519,101.2,10.1112234629,58.42076873779297,64.03631591796875,50.7158317565918,0.4884825646877289,197.37941503594672,17.403524143201505,13.026524288160001,-0.8164751701529838,13.842999458312985,12.584482390305093,normal
2021-09-01,71.58999633789062,6.45959997177124,1.1810280084609983,18.020000457763672,4.614999771118164,50.23199844360352,23.799999237060547,4.33,65.31,532.03,1444.1999999999998,858290439.0,45.7,2.3,0.0,0.0,2851.0,100.2519,101.2,10.1112234629,58.42076873779297,64.03631591796875,50.7158317565918,0.4884825646877289,197.37941503594672,17.386565933069875,12.77156616195171,-0.6334345246937971,13.405000686645508,12.343102816877694,normal
2021-09-02,73.02999877929688,6.459000110626221,1.1840906143188477,18.459999084472656,4.640999794006348,51.91600036621094,24.25,4.45,65.53,534.0,1467.2999999999995,707367424.0,43.9,1.7,0.0,0.0,2871.0,100.2519,101.2,10.1112234629,58.42076873779297,64.03631591796875,50.7158317565918,0.4884825646877289,197.37941503594672,18.016039425874737,13.37503963186839,-0.44395965859791886,13.818999290466309,12.591379099878772,normal
2021-09-03,72.61000061035156,6.455399990081787,1.1876484155654907,18.459999084472656,4.711999893188477,51.505001068115234,24.5,4.65,65.75,535.81,1447.6999999999998,703502601.0,38.4,1.7,0.0,0.0,2871.0,100.2519,101.2,10.1112234629,58.42076873779297,64.03631591796875,50.7158317565918,0.4884825646877289,197.37941503594672,17.927116974170453,13.215117080981976,-0.5328821103022037,13.74799919128418,12.518965622474408,normal
2021-09-06,72.61000061035156,6.451900005340576,1.1885942220687866,18.459999084472656,4.711999893188477,51.505001068115234,24.5,4.77,66.63,542.99,1021.3,699829094.0,15.6,1.8,0.0,0.0,2871.0,100.2519,101.2,10.1112234629,58.42076873779297,64.03631591796875,50.7158317565918,0.4884825646877289,187.20578192390565,17.941393576233228,13.229393683044751,-0.5186055082394283,13.74799919128418,12.518965622474408,normal
2021-09-07,71.69000244140625,6.456699848175049,1.187507390975952,18.684999465942383,4.567999839782715,53.90800094604492,24.61000061035156,4.77,66.85,544.74,1347.5,702922615.0,10.8,2.4,0.0,0.0,2871.0,100.2519,101.2,10.1112234629,58.42076873779297,64.03631591796875,50.7158317565918,0.4884825646877289,187.20578192390565,18.76129043830762,14.193290598524904,0.07629097236523563,14.116999626159668,12.36034524851832,normal
2021-09-08,72.5999984741211,6.465499877929688,1.184356927871704,18.649999618530277,4.914000034332275,55.28799819946289,24.90999984741211,4.71,67.02,546.13,1366.9999999999998,704321848.0,22.3,2.1,0.0,0.0,2871.0,100.2519,101.2,10.1112234629,58.42076873779297,64.03631591796875,50.7158317565918,0.4884825646877289,187.20578192390565,19.19051495416137,14.276514919829093,0.5405153356310919,13.735999584198002,12.517241116227774,normal
2021-09-09,71.44999694824219,6.460700035095215,1.1819101572036743,18.625,5.031000137329102,56.58100128173828,24.729999542236328,4.66,67.23,547.86,1428.4,704516529.0,19.1,2.5,0.0,0.0,2923.0,100.2519,101.2,10.1112234629,58.42076873779297,64.03631591796875,50.7158317565918,0.4884825646877289,187.20578192390565,19.598744517997677,14.567744380668575,0.9737445179976767,13.593999862670898,12.318964991076239,normal
2021-09-10,72.91999816894531,6.4542999267578125,1.182592272758484,18.649999618530277,4.938000202178955,57.91600036621094,24.1200008392334,4.97,67.45,549.66,1677.8,702218906.0,22.9,2.0,0.0,0.0,2923.0,100.2519,101.2,10.1112234629,89.4865493774414,103.20159149169922,76.48285675048828,0.6854935884475708,187.20578192390565,20.072744524597056,15.1347443224181,1.4227449060667787,13.711999416351322,12.572413477404364,normal
2021-09-13,73.51000213623047,6.443399906158447,1.1811953783035278,18.81999969482422,5.230999946594238,61.27899932861328,24.31999969482422,5.13,68.28,556.4,1030.0,707583311.0,24.5,0.0,0.0,0.0,2923.0,100.2519,101.2,10.1112234629,89.4865493774414,103.20159149169922,76.48285675048828,0.6854935884475708,187.20578192390565,21.213218330438668,15.98221838384443,2.393218635614449,13.58899974822998,12.674138299350082,normal
2021-09-14,73.5999984741211,6.450799942016602,1.1811953783035278,18.934999465942383,5.260000228881836,65.76399993896484,23.56999969482422,5.21,68.44,557.71,1334.0,707568631.0,23.9,0.0,0.0,0.0,2923.0,100.2519,101.2,10.1112234629,89.4865493774414,103.20159149169922,76.48285675048828,0.6854935884475708,187.20578192390565,22.765810543136787,17.50581031425495,3.8308110771944044,13.674999237060547,12.689654909331223,normal
2021-09-15,75.45999908447266,6.438300132751465,1.180498123168945,19.018999099731445,5.460000038146973,70.70700073242188,23.5,5.39,68.57,558.77,1329.1,703863956.0,21.4,0.0,0.0,0.0,2923.0,100.0437,99.0,9.7389558264,89.4865493774414,103.20159149169922,76.48285675048828,0.6854935884475708,187.20578192390565,24.4625020249841,19.002501986837128,5.4435029252526554,13.558999061584473,13.010344669736666,normal
2021-09-16,75.66999816894531,6.431399822235107,1.1819995641708374,23.420000076293945,5.335000038146973,63.2509994506836,23.399999618530277,5.66,68.67,559.58,1383.1,700265697.0,34.6,0.2,0.0,0.0,3006.0,100.0437,99.0,9.7389558264,89.4865493774414,103.20159149169922,76.48285675048828,0.6854935884475708,187.20578192390565,21.910781440409217,16.575781402262244,-1.5092186358847286,18.085000038146973,13.046551408438848,normal
2021-09-17,75.33999633789062,6.456600189208984,1.176747441291809,25.0,5.105000019073486,65.10299682617188,23.59000015258789,5.52,68.79,560.53,1314.7,702592109.0,31.8,1.4,0.0,0.0,3006.0,100.0437,99.0,9.7389558264,89.4865493774414,103.20159149169922,76.48285675048828,0.6854935884475708,187.20578192390565,22.452122402840015,17.34712238376653,-2.547877597159985,19.894999980926514,12.989654541015625,normal
2021-09-20,73.91999816894531,6.465199947357178,1.1729930639266968,27.184999465942383,4.985000133514404,75.31700134277344,23.950000762939453,5.32,69.64,567.53,898.8000000000001,702679839.0,27.5,0.4,0.0,0.0,3006.0,100.0437,99.0,9.7389558264,89.4865493774414,103.20159149169922,76.48285675048828,0.6854935884475708,187.20578192390565,25.89176299062493,20.906762857110525,-1.2932364753174532,22.19999933242798,12.744827270507812,normal
2021-09-21,74.36000061035156,6.465000152587891,1.1730204820632937,27.524999618530277,4.804999828338623,73.78199768066406,23.780000686645508,5.25,69.84,569.14,1371.2,701583984.0,43.0,1.8,0.0,0.0,3006.0,100.0437,99.0,9.7389558264,89.4865493774414,103.20159149169922,76.48285675048828,0.6854935884475708,187.20578192390565,25.364666891442138,20.559667063103515,-2.1603327270881394,22.719999790191654,12.820689760405442,normal
2021-09-22,76.19000244140625,6.466000080108643,1.17229163646698,26.975000381469727,4.804999828338623,71.69200134277344,23.959999084472656,4.96,70.03,570.68,1272.0,706813572.0,16.7,2.1,0.0,0.0,3006.0,100.0437,99.0,9.7389558264,89.4865493774414,103.20159149169922,76.48285675048828,0.6854935884475708,187.20578192390565,24.63085734340115,19.825857515062527,-2.3441430380685766,22.170000553131104,13.136207317483837,normal
2021-09-23,77.25,6.4608001708984375,1.168770432472229,26.799999237060547,4.97599983215332,69.68399810791016,23.899999618530277,4.92,70.22,572.25,1341.1,706900756.0,14.8,2.4,0.0,0.0,3082.0,100.0437,99.0,9.7389558264,89.4865493774414,103.20159149169922,76.48285675048828,0.6854935884475708,187.20578192390565,23.869066511038863,18.893066678885543,-2.930932726021684,21.823999404907227,13.318965517241379,normal
2021-09-24,78.08999633789062,6.457900047302246,1.1740258932113647,27.4950008392334,5.139999866485596,70.23999786376953,25.270000457763672,4.94,70.47,574.47,1243.3,706453182.0,33.5,2.5,0.0,0.0,3082.0,100.0437,99.0,9.7389558264,89.4865493774414,103.20159149169922,76.48285675048828,0.6854935884475708,187.20578192390565,24.16770010350583,19.027700237020234,-3.327300735727569,22.355000972747803,13.463792472050109,normal
2021-09-27,79.52999877929688,6.465700149536133,1.172305464744568,29.19499969482422,5.705999851226807,76.50700378417969,25.6200008392334,5.1,71.61,583.76,1052.5,704886844.0,34.5,2.8,2.0,0.0,3082.0,100.0437,99.0,9.7389558264,89.4865493774414,103.20159149169922,76.48285675048828,0.6854935884475708,187.20578192390565,26.285433372437005,20.5794335212102,-2.9095663223872137,23.488999843597412,13.712068755051186,normal
2021-09-28,79.08999633789062,6.455999851226807,1.1696795225143433,29.350000381469727,5.841000080108643,78.56500244140625,24.540000915527344,5.53,71.92,586.29,1081.8,702630674.0,54.9,1.7,3.5,0.0,3082.0,100.0437,99.0,9.7389558264,89.4865493774414,103.20159149169922,76.48285675048828,0.6854935884475708,187.20578192390565,26.932035186716334,21.09103510660769,-2.4179651947533927,23.509000301361084,13.636206265153556,normal
2021-09-29,78.63999938964844,6.459000110626221,1.1686338186264038,30.0049991607666,5.477000236511231,86.60900115966797,24.700000762939453,5.94,72.16,588.53,1288.0,703078465.0,47.1,0.9,1.4,0.0,3082.0,100.0437,99.0,9.7389558264,89.4865493774414,103.20159149169922,76.48285675048828,0.6854935884475708,187.20578192390565,29.662970380066884,24.185970143555654,-0.3420287806997173,24.52799892425537,13.558620584422146,normal
2021-09-30,78.5199966430664,6.469600200653076,1.1601601839065552,31.09499931335449,5.867000102996826,97.77400207519533,24.25,5.73,72.45,590.9,1151.4,704336554.0,17.8,0.0,1.7,0.0,3170.0,100.0437,99.0,9.7389558264,89.4865493774414,103.20159149169922,76.48285675048828,0.6854935884475708,187.20578192390565,33.24409438910435,27.37709428610752,2.149095075749859,25.227999210357662,13.537930455701105,normal
2021-10-01,79.27999877929688,6.445499897003174,1.1574475765228271,31.06999969482422,5.61899995803833,93.625,24.950000762939453,5.58,72.65,593.25,1409.1,705345887.0,23.3,0.8,0.0,0.0,3170.0,100.0437,99.0,9.7389558264,89.4865493774414,103.20159149169922,76.48285675048828,0.6854935884475708,187.20578192390565,31.758963393046503,26.139963435008173,0.6889636982222846,25.45099973678589,13.668965306775323,normal
2021-10-04,81.26000213623047,6.445700168609619,1.160725712776184,31.559999465942383,5.765999794006348,96.6520004272461,25.1299991607666,5.61,73.52,600.33,1280.9,779404720.0,44.9,5.8,0.0,0.0,3170.0,100.0437,99.0,9.7389558264,89.4865493774414,103.20159149169922,76.48285675048828,0.6854935884475708,187.20578192390565,32.87862223916934,27.11262244516299,1.3186227732269558,25.793999671936035,14.010345195901806,normal
2021-10-05,82.55999755859375,6.445199966430664,1.1618449687957764,35.064998626708984,6.311999797821045,116.0199966430664,25.459999084472656,5.8,73.71,601.89,1352.3,780157413.0,59.8,5.3,0.0,0.0,3170.0,100.0437,99.0,9.7389558264,89.4865493774414,103.20159149169922,76.48285675048828,0.6854935884475708,187.20578192390565,39.50519303998358,33.193193242162536,4.440194413274597,28.75299882888794,14.234482337688577,normal
2021-10-06,81.08000183105469,6.445199966430664,1.1596084833145142,34.04999923706055,5.675000190734863,108.19100189208984,23.690000534057617,6.37,73.97,603.98,1687.6999999999998,787710706.0,56.8,4.4,0.0,0.0,3170.0,100.0437,99.0,9.7389558264,89.4865493774414,103.20159149169922,76.48285675048828,0.6854935884475708,206.72854264972196,36.76848066385437,31.093480473119506,2.718481426793822,28.374999046325684,13.979310660526671,normal
2021-10-07,81.94999694824219,6.445199966430664,1.1555349826812744,33.08000183105469,5.677000045776367,96.58399963378906,23.850000381469727,6.0,74.09,604.93,1695.4,829805278.0,36.9,4.9,0.0,0.0,3288.0,100.0437,99.0,9.7389558264,89.4865493774414,103.20159149169922,76.48285675048828,0.6854935884475708,206.72854264972196,32.70856129705072,27.031561251274354,-0.37144053400396615,27.40300178527832,14.129309818662447,normal
2021-10-08,82.38999938964844,6.445199966430664,1.1559758186340332,32.060001373291016,5.565000057220459,87.60600280761719,22.799999237060547,5.71,74.14,605.37,1763.2,796941307.0,40.6,4.7,0.0,0.0,3288.0,100.0437,99.0,9.7389558264,89.4865493774414,103.20159149169922,76.48285675048828,0.6854935884475708,206.72854264972196,29.67944480964752,24.11444475242706,-2.380556563643495,26.495001316070557,14.205172308560076,normal
2021-10-11,83.6500015258789,6.442299842834473,1.1566041707992554,33.08000183105469,5.34499979019165,85.21600341796875,23.25,5.46,75.34,615.15,1273.1999999999998,793324597.0,25.5,5.2,0.0,0.0,3288.0,100.0437,99.0,9.7389558264,80.69696807861328,92.0473175048828,67.94027709960938,0.6039325594902039,206.72854264972196,28.885445782431628,23.540445992239977,-4.19455604862306,27.735002040863037,14.42241405618602,normal
2021-10-12,83.41999816894531,6.4496002197265625,1.1553747653961182,32.900001525878906,5.505000114440918,85.697998046875,23.399999618530277,5.46,75.35,615.21,1453.9,801014218.0,13.3,5.1,0.0,0.0,3288.0,100.0437,99.0,9.7389558264,80.69696807861328,92.0473175048828,67.94027709960938,0.6039325594902039,206.72854264972196,29.01794896701929,23.512948852578372,-3.882052558859616,27.39500141143799,14.382758304990572,normal
2021-10-13,83.18000030517578,6.447999954223633,1.15340256690979,33.11000061035156,5.590000152587891,93.61599731445312,23.399999618530277,5.34,75.43,615.9,1457.0,794412338.0,16.7,7.4,0.0,0.0,3288.0,100.0437,99.0,9.7389558264,80.69696807861328,92.0473175048828,67.94027709960938,0.6039325594902039,206.72854264972196,31.64493004575142,26.05492989316353,-1.4650705646001434,27.520000457763672,14.341379362961343,normal
2021-10-14,84.0,6.426599979400635,1.1599582433700562,33.30500030517578,5.686999797821045,102.1719970703125,24.3799991607666,5.56,75.37,615.44,1634.8000000000002,799239788.0,25.0,6.7,0.0,0.0,3369.0,100.0437,99.0,9.7389558264,80.69696807861328,92.0473175048828,67.94027709960938,0.6039325594902039,206.72854264972196,34.733407844722144,29.0464080469011,1.4284075395463631,27.618000507354736,14.482758620689655,normal
2021-10-15,84.86000061035156,6.439000129699707,1.159151554107666,33.25400161743164,5.409999847412109,93.64800262451172,23.170000076293945,5.92,75.4,615.67,1528.4,794062071.0,20.2,7.3,0.0,1.0,3369.0,100.0437,99.0,9.7389558264,80.69696807861328,92.0473175048828,67.94027709960938,0.6039325594902039,206.72854264972196,31.81353279211332,26.40353294470121,-1.4404688253183195,27.84400177001953,14.63103458799165,normal
2021-10-18,84.33000183105469,6.434800148010254,1.1597026586532593,34.34000015258789,4.988999843597412,93.93299865722656,22.56999969482422,5.44,75.64,617.63,1639.4,794250787.0,34.9,6.8,1.2,0.0,3369.0,98.8579,99.1,4.2145593823,80.69696807861328,92.0473175048828,67.94027709960938,0.6039325594902039,206.72854264972196,31.925521308638768,26.936521465041356,-2.414478843949123,29.35100030899048,14.539655488112878,normal
2021-10-19,85.08000183105469,6.428899765014648,1.161386251449585,34.88999938964844,5.0879998207092285,89.93199920654297,21.770000457763672,5.01,75.65,617.67,1954.4,794563238.0,46.6,3.9,0.0,0.2,3369.0,98.8579,99.1,4.2145593823,80.69696807861328,92.0473175048828,67.94027709960938,0.6039325594902039,206.72854264972196,30.610053351812642,25.522053531103413,-4.279946037835796,29.80199956893921,14.668965832940463,normal
2021-10-20,85.81999969482422,6.381800174713135,1.1631964445114136,35.55500030517578,5.170000076293945,93.45099639892578,22.75,4.81,75.72,618.29,1670.6,797720563.0,44.9,5.7,2.9,1.4,3369.0,98.8579,99.1,4.2145593823,80.69696807861328,92.0473175048828,67.94027709960938,0.6039325594902039,206.72854264972196,31.857387665007703,26.687387588713758,-3.697612640168078,30.385000228881836,14.796551671521417,normal
2021-10-21,84.61000061035156,6.392899990081787,1.1655012369155884,33.45500183105469,5.114999771118164,88.46299743652344,23.0,4.87,75.89,619.64,1649.8000000000002,801253646.0,31.9,7.9,6.5,11.9,3461.0,98.8579,99.1,4.2145593823,80.69696807861328,92.0473175048828,67.94027709960938,0.6039325594902039,206.72854264972196,30.216735811991477,25.101736040873313,-3.238266019063211,28.340002059936523,14.587931139715787,normal
2021-10-22,85.52999877929688,6.3917999267578125,1.1625338792800903,33.255001068115234,5.28000020980835,87.33799743652344,23.38999938964844,4.94,75.9,619.71,1777.9,796184948.0,36.2,7.3,6.5,13.5,3461.0,98.8579,99.1,4.2145593823,80.69696807861328,92.0473175048828,67.94027709960938,0.6039325594902039,206.72854264972196,29.75651086076075,24.4765106509524,-3.498490207354486,27.975000858306885,14.746551513671875,normal
2021-10-25,85.98999786376953,6.383900165557861,1.164008855819702,33.57500076293945,5.8979997634887695,88.64299774169922,23.450000762939453,5.1,75.82,619.12,1452.6,797996135.0,61.5,2.3,2.6,10.4,3461.0,98.8579,99.1,4.2145593823,80.69696807861328,92.0473175048828,67.94027709960938,0.6039325594902039,206.72854264972196,30.239449254058666,24.341449490569897,-3.335551508880787,27.677000999450684,14.82586170064992,normal
2021-10-26,86.4000015258789,6.384699821472168,1.161170482635498,34.20500183105469,5.881999969482422,88.49299621582031,23.6200008392334,5.72,75.7,618.12,1819.7,794801276.0,50.7,7.6,3.9,10.2,3461.0,98.8579,99.1,4.2145593823,80.69696807861328,92.0473175048828,67.94027709960938,0.6039325594902039,206.72854264972196,30.114665613305835,24.232665643823413,-4.0903362177488525,28.323001861572266,14.896551987220501,normal
2021-10-27,84.58000183105469,6.381499767303467,1.159823656082153,33.904998779296875,6.202000141143799,86.81900024414062,23.479999542236328,5.59,75.62,617.46,1816.2,815219766.0,63.0,8.2,8.2,8.6,3461.0,98.8579,99.1,4.2145593823,80.69696807861328,92.0473175048828,67.94027709960938,0.6039325594902039,206.72854264972196,29.510726488525243,23.308726347381445,-4.394272290771632,27.702998638153076,14.582758936388739,normal
2021-10-28,84.31999969482422,6.391600131988525,1.1600120067596436,32.0099983215332,5.7820000648498535,77.03199768066406,23.270000457763672,5.91,75.68,617.95,1822.3,804962667.0,33.9,8.7,8.7,9.3,3548.0,98.8579,99.1,4.2145593823,80.69696807861328,92.0473175048828,67.94027709960938,0.6039325594902039,206.72854264972196,26.188269594521717,20.406269529671864,-5.821728727011486,26.22799825668335,14.537930981866245,normal
2021-10-29,84.37999725341797,6.390399932861328,1.1683608293533323,30.0,5.426000118255615,64.86399841308594,23.07999992370605,5.68,75.65,617.71,1769.2,816404988.0,37.0,9.7,9.3,9.0,3548.0,98.8579,99.1,4.2145593823,80.69696807861328,92.0473175048828,67.94027709960938,0.6039325594902039,206.72854264972196,22.21027126116933,16.784271142913713,-7.7897287388306715,24.573999881744385,14.54827538852034,normal
2021-11-01,84.70999908447266,6.404699802398682,1.1556684970855713,29.20499992370605,5.185999870300293,65.61900329589844,22.280000686645508,5.49,75.83,619.14,1506.6,662603675.0,56.7,4.4,8.9,7.8,3548.0,98.8579,99.1,4.2145593823,80.69696807861328,92.0473175048828,67.94027709960938,0.6039325594902039,206.72854264972196,22.2247079308657,17.03870806056541,-6.98029199284035,24.019000053405758,14.605172255943561,normal
2021-11-02,84.72000122070312,6.396200180053711,1.1599582433700562,30.80500030517578,5.541999816894531,67.60600280761719,23.46999931335449,5.22,75.87,619.49,1714.4,452168993.0,44.9,6.2,7.1,6.9,3548.0,98.8579,99.1,4.2145593823,80.69696807861328,92.0473175048828,67.94027709960938,0.6039325594902039,206.72854264972196,22.98268542849787,17.44068561160334,-7.822314876677911,25.26300048828125,14.606896762190194,normal
2021-11-03,81.98999786376953,6.398900032043457,1.1579434871673584,32.755001068115234,5.670000076293945,76.54199981689453,23.530000686645508,5.33,75.59,617.25,1939.9,523820701.0,51.6,4.9,5.4,6.2,3548.0,98.8579,99.1,4.2145593823,80.69696807861328,92.0473175048828,67.94027709960938,0.6039325594902039,206.72854264972196,25.97528535837866,20.305285282084714,-6.779715709736575,27.08500099182129,14.136206528236126,normal
2021-11-04,80.54000091552734,6.406199932098389,1.1615750789642334,32.005001068115234,5.716000080108643,73.3759994506836,23.57999992370605,5.59,75.25,614.41,2048.4,715819619.0,40.3,6.0,5.9,6.7,3611.0,98.8579,99.1,4.2145593823,80.69696807861328,92.0473175048828,67.94027709960938,0.6039325594902039,206.72854264972196,24.97896696970445,19.26296688959581,-7.026034098410783,26.289000988006592,13.886207054401266,normal
2021-11-05,82.73999786376953,6.396399974822998,1.1555349826812744,31.6200008392334,5.515999794006348,74.0270004272461,23.530000686645508,5.73,74.96,612.1,2046.8,797095526.0,42.6,6.9,8.5,6.0,3611.0,98.8579,99.1,4.2145593823,80.69696807861328,92.0473175048828,67.94027709960938,0.6039325594902039,198.51041934374277,25.06954247382713,19.553542679820783,-6.550458365406268,26.10400104522705,14.265516873063712,normal
2021-11-08,83.43000030517578,6.397900104522705,1.1568851470947266,32.14500045776367,5.427000045776367,79.0739974975586,23.93000030517578,5.51,74.54,608.66,1825.0,792636739.0,21.9,11.6,15.0,7.5,3611.0,98.8579,99.1,4.2145593823,80.69696807861328,92.0473175048828,67.94027709960938,0.6039325594902039,198.51041934374277,26.810017533375277,21.38301748759891,-5.334982924388395,26.718000411987305,14.384482811237204,normal
2021-11-09,84.77999877929688,6.391600131988525,1.159151554107666,31.76000022888184,4.979000091552734,72.58699798583984,23.90999984741211,5.53,74.24,606.16,2169.1,797160563.0,18.9,11.9,14.6,7.8,3611.0,98.8579,99.1,4.2145593823,80.69696807861328,92.0473175048828,67.94027709960938,0.6039325594902039,198.51041934374277,24.658815735373192,19.679815643820458,-7.101184493508647,26.781000137329105,14.61724116884429,normal
2021-11-10,82.63999938964844,6.39169979095459,1.1595547199249268,31.13999938964844,4.880000114440918,70.12300109863281,24.88999938964844,5.08,73.94,603.7,2158.8,903765890.0,39.5,9.6,13.6,7.7,3611.0,98.8579,99.1,4.2145593823,79.02923583984375,93.80802917480467,61.149112701416016,0.5466684699058533,198.51041934374277,23.83004709631507,18.950046981874152,-7.309952293333371,26.259999275207523,14.248275756835938,normal
2021-11-11,82.87000274658203,6.3881001472473145,1.148593544960022,31.415000915527344,5.14900016784668,74.79000091552734,25.100000381469727,4.56,73.65,601.38,2251.2,1001142382.0,54.4,7.0,11.3,6.5,3618.0,98.8579,99.1,4.2145593823,79.02923583984375,93.80802917480467,61.149112701416016,0.5466684699058533,198.51041934374277,25.17578771068269,20.02678754283601,-6.239213204844653,26.266000747680664,14.287931508031384,normal
2021-11-12,82.16999816894531,6.389500141143799,1.145081877708435,31.565000534057617,4.790999889373779,75.67500305175781,25.0,4.81,73.34,598.86,2170.2000000000003,1001157706.0,59.9,7.4,7.7,3.5,3618.0,98.8579,99.1,4.2145593823,79.02923583984375,93.80802917480467,61.149112701416016,0.5466684699058533,198.51041934374277,25.395814529913306,20.604814640539526,-6.169186004144311,26.774000644683838,14.167241063611261,normal
2021-11-15,82.05000305175781,6.378600120544434,1.144164800643921,31.61199951171875,5.017000198364258,79.9469985961914,26.36000061035156,4.97,72.81,594.49,1435.1,998287286.0,35.9,8.5,8.3,14.7,3618.0,100.1861,99.3,5.394990366,79.02923583984375,93.80802917480467,61.149112701416016,0.5466684699058533,198.51041934374277,26.80796852148246,21.790968323118204,-4.8040309902362885,26.594999313354492,14.146552250303072,normal
2021-11-16,82.43000030517578,6.3821001052856445,1.1366478204727173,37.845001220703125,5.177000045776367,94.18900299072266,26.809999465942383,4.77,72.48,591.82,1843.6,1001589404.0,25.0,7.8,6.5,14.5,3618.0,100.1861,99.3,5.394990366,79.02923583984375,93.80802917480467,61.149112701416016,0.5466684699058533,198.51041934374277,31.376123184248936,26.19912313847257,-6.468878036454189,32.66800117492676,14.212069018133755,normal
2021-11-17,80.27999877929688,6.39109992980957,1.1321182250976562,37.28499984741211,4.815999984741211,95.00399780273438,26.459999084472656,5.11,72.11,588.75,1961.1,1011142119.0,39.0,10.0,12.8,15.0,3618.0,100.1861,99.3,5.394990366,79.02923583984375,93.80802917480467,61.149112701416016,0.5466684699058533,198.51041934374277,31.521496002395352,26.70549601765414,-5.763503845016757,32.4689998626709,13.841379099878772,normal
2021-11-18,81.23999786376953,6.37690019607544,1.1321182250976562,37.56499862670898,4.901999950408936,95.16699981689452,27.21999931335449,4.82,71.79,586.2,1731.8,1002736570.0,24.6,7.0,15.1,11.0,3644.0,100.1861,99.3,5.394990366,79.02923583984375,93.80802917480467,61.149112701416016,0.5466684699058533,198.51041934374277,31.57557864582684,26.673578695417905,-5.989419980882136,32.66299867630004,14.006896183408541,normal
2021-11-19,78.88999938964844,6.385000228881836,1.1368415355682373,34.255001068115234,5.065000057220459,87.125,27.57999992370605,4.95,71.52,583.94,2013.6,1000640046.0,26.8,8.5,15.6,9.0,3644.0,100.1861,99.3,5.394990366,79.02923583984375,93.80802917480467,61.149112701416016,0.5466684699058533,198.51041934374277,29.027917607830474,23.962917550610015,-5.22708346028476,29.190001010894775,13.601724032698007,normal
2021-11-22,79.69999694824219,6.386199951171875,1.1275737285614014,33.970001220703125,4.789000034332275,84.01699829101562,27.59000015258789,4.9,71.05,580.11,1799.5000000000002,999402001.0,42.8,8.8,5.8,12.4,3644.0,100.1861,99.3,5.394990366,79.02923583984375,93.80802917480467,61.149112701416016,0.5466684699058533,198.51041934374277,27.76420663441048,22.975206600078206,-6.205794586292644,29.18100118637085,13.741378784179688,normal
2021-11-23,82.30999755859375,6.384300231933594,1.12421452999115,36.07500076293945,4.9670000076293945,90.927001953125,27.26000022888184,4.83,70.64,576.75,2336.5,999555439.0,51.4,7.2,14.8,7.3,3644.0,100.1861,99.3,5.394990366,79.02923583984375,93.80802917480467,61.149112701416016,0.5466684699058533,198.51041934374277,29.958166067112366,24.99116605948297,-6.116834695827087,31.10800075531006,14.191378889412716,normal
2021-11-24,82.25,6.3907999992370605,1.124492645263672,36.20500183105469,5.067999839782715,93.98400115966795,28.59000015258789,4.95,70.15,572.78,2326.9,998434201.0,48.1,6.2,18.1,9.3,3644.0,100.1861,99.3,5.394990366,79.02923583984375,93.80802917480467,61.149112701416016,0.5466684699058533,198.51041934374277,30.973031023492307,25.905031183709593,-5.23197080756238,31.137001991271973,14.181034482758621,normal
2021-11-25,82.25,6.3917999267578125,1.1202975511550903,36.20500183105469,5.067999839782715,93.98400115966795,28.59000015258789,4.93,69.57,568.04,2156.0,1000979700.0,46.3,7.6,14.6,10.4,3623.0,100.1861,99.3,5.394990366,79.02923583984375,93.80802917480467,61.149112701416016,0.5466684699058533,198.51041934374277,30.8574813304651,25.789481490682384,-5.347520500589589,31.137001991271973,14.181034482758621,normal
2021-11-26,72.72000122070312,6.386000156402588,1.1209630966186523,34.88999938964844,5.447000026702881,87.77200317382812,28.530000686645508,4.93,68.99,563.34,2136.7,999442139.0,42.1,9.7,12.7,10.2,3623.0,100.1861,99.3,5.394990366,79.02923583984375,93.80802917480467,61.149112701416016,0.5466684699058533,198.51041934374277,28.8350350437428,23.38803501703992,-6.054964345905638,29.442999362945557,12.537931244948815,normal
2021-11-29,73.44000244140625,6.392000198364258,1.1293182373046875,36.25,4.854000091552734,93.14600372314452,29.100000381469727,4.93,67.51,551.24,1580.3999999999996,997829689.0,34.2,11.5,13.5,13.5,3623.0,100.1861,99.3,5.394990366,79.02923583984375,93.80802917480467,61.149112701416016,0.5466684699058533,198.51041934374277,30.828594587735974,25.97459449618324,-5.421405412264026,31.395999908447266,12.662069386449353,normal
2021-11-30,70.56999969482422,6.38700008392334,1.1293437480926514,35.94499969482422,4.566999912261963,92.51300048828124,29.808000564575195,4.9,66.85,545.87,2362.4,1000478039.0,38.8,11.8,11.5,15.9,3623.0,100.1861,99.3,5.394990366,79.02923583984375,93.80802917480467,61.149112701416016,0.5466684699058533,198.51041934374277,30.619780758917518,26.052780846655555,-5.325218935906701,31.377999782562256,12.167241326693832,normal
2021-12-01,68.87000274658203,6.3632001876831055,1.1330289840698242,35.8849983215332,4.257999897003174,95.6750030517578,30.040000915527344,4.52,66.28,541.17,2297.1000000000004,1001152652.0,45.8,13.7,21.8,17.6,3623.0,100.1861,99.3,5.394990366,79.02923583984375,93.80802917480467,61.149112701416016,0.5466684699058533,198.51041934374277,31.769666985707055,27.51166708870388,-4.1153313358261485,31.62699842453003,11.874138404583109,normal
2021-12-02,69.66999816894531,6.367300033569336,1.1319515705108645,35.31999969482422,4.056000232696533,94.83000183105467,31.57999992370605,4.31,65.68,536.29,1933.2,957245330.0,27.0,16.3,17.9,17.9,3564.0,100.1861,99.3,5.394990366,79.02923583984375,93.80802917480467,61.149112701416016,0.5466684699058533,198.51041934374277,31.459134005114237,27.403133772417704,-3.860865689709982,31.263999462127686,12.012068649818158,normal
2021-12-03,69.87999725341797,6.37559986114502,1.1306205987930298,34.189998626708984,4.131999969482422,89.47799682617188,30.799999237060547,4.08,65.02,530.91,1994.6,957684400.0,34.0,15.5,17.8,15.0,3564.0,100.1861,99.3,5.394990366,79.02923583984375,93.80802917480467,61.149112701416016,0.5466684699058533,198.51041934374277,29.648744292557534,25.516744323075113,-4.54125433415145,30.057998657226562,12.04827538852034,normal
2021-12-06,73.08000183105469,6.37529993057251,1.13047993183136,34.39500045776367,3.6570000648498535,89.9280014038086,32.459999084472656,3.79,63.46,518.16,1370.6,954834579.0,74.5,9.7,13.7,21.2,3564.0,100.1861,99.3,5.394990366,79.02923583984375,93.80802917480467,61.149112701416016,0.5466684699058533,246.60826711360087,29.794147044584335,26.13714697973448,-4.600853413179337,30.73800039291382,12.600000315699084,normal
2021-12-07,75.44000244140625,6.374800205230713,1.128668189048767,35.064998626708984,3.7079999446868896,95.88300323486328,33.560001373291016,3.66,62.78,512.64,1916.7,954321068.0,34.5,15.3,8.7,15.8,3564.0,100.1861,99.3,5.394990366,79.02923583984375,93.80802917480467,61.149112701416016,0.5466684699058533,246.60826711360087,31.716194418063214,28.008194473376324,-3.3488042086457703,31.356998682022095,13.00689697265625,normal
2021-12-08,75.81999969482422,6.366300106048584,1.127650022506714,35.150001525878906,3.815000057220459,101.5019989013672,35.5,3.6,62.14,507.41,1854.8,954794059.0,48.2,14.7,12.5,19.3,3564.0,100.1861,99.3,5.394990366,79.02923583984375,93.80802917480467,61.149112701416016,0.5466684699058533,246.60826711360087,33.544558941193266,29.729558883972807,-1.6054425846856404,31.335001468658447,13.072413740486935,normal
2021-12-09,74.41999816894531,6.343699932098389,1.1345586776733398,35.185001373291016,3.813999891281128,100.44499969482422,31.700000762939453,3.79,61.5,502.19,1798.5,954203651.0,28.3,13.4,15.4,18.5,3505.0,100.1861,99.3,5.394990366,79.02923583984375,93.80802917480467,61.149112701416016,0.5466684699058533,246.60826711360087,33.398613782745954,29.584613891464826,-1.7863875905450612,31.371001482009888,12.831034167059537,normal
2021-12-10,75.1500015258789,6.376500129699707,1.1293309926986694,35.21500015258789,3.924999952316284,105.7760009765625,32.9900016784668,3.67,60.82,496.57,1962.7000000000005,952582976.0,38.8,14.3,14.7,17.2,3505.0,100.1861,99.3,5.394990366,79.02923583984375,93.80802917480467,61.149112701416016,0.5466684699058533,246.60826711360087,35.00914856557959,31.08414861326331,-0.2058515870082971,31.290000200271606,12.956896814806708,normal
2021-12-13,74.38999938964844,6.360000133514404,1.131183385848999,35.72999954223633,3.7939999103546143,116.08399963378906,32.060001373291016,3.65,59.28,484.0,1598.9,950886352.0,50.9,13.5,21.2,14.7,3505.0,100.1861,99.3,5.394990366,86.56914520263672,121.5009536743164,39.74269104003906,1.2129826545715332,246.60826711360087,38.48385228878167,34.689852378427055,2.7538527465453413,31.935999631881714,12.825861963732489,normal
2021-12-14,73.69999694824219,6.365499973297119,1.1285407543182373,35.76499938964844,3.746999979019165,128.30099487304688,31.68000030517578,4.05,58.73,479.5,2034.7000000000005,951383056.0,35.7,14.8,17.4,13.3,3505.0,100.1861,99.3,5.394990366,86.56914520263672,121.5009536743164,39.74269104003906,1.2129826545715332,246.60826711360087,42.4346309160259,38.68763093700674,6.669631526377465,32.01799941062927,12.706896025558999,normal
2021-12-15,73.87999725341797,6.366499900817871,1.1261261701583862,35.869998931884766,3.802000045776367,132.28399658203125,31.940000534057617,3.71,58.22,475.41,2187.3,951119169.0,27.5,15.4,13.7,14.0,3505.0,100.1861,99.3,5.394990366,86.56914520263672,121.5009536743164,39.74269104003906,1.2129826545715332,246.60826711360087,43.65836995087186,39.85636990509549,7.7883710189870925,32.0679988861084,12.737930560934133,normal
2021-12-16,75.0199966430664,6.366499900817871,1.1290758848190308,43.44499969482422,3.766000032424927,142.76499938964844,33.5099983215332,3.79,57.76,471.61,2170.6,950224647.0,33.2,13.6,10.3,15.4,3417.0,100.8654,100.0,6.118546845,86.56914520263672,121.5009536743164,39.74269104003906,1.2129826545715332,246.60826711360087,47.24088636663669,43.47488633421176,3.795886671812468,39.67899966239929,12.934482179839035,normal
2021-12-17,73.5199966430664,6.367199897766113,1.1334141492843628,42.45000076293945,3.690000057220459,136.91299438476562,29.07999992370605,3.67,57.27,467.58,2139.1,944650199.0,39.5,8.7,15.2,20.6,3417.0,100.8654,100.0,6.118546845,86.56914520263672,121.5009536743164,39.74269104003906,1.2129826545715332,246.60826711360087,45.47853401577423,41.78853395855377,3.0285332528347766,38.760000705718994,12.675861490183863,normal
2021-12-20,71.5199966430664,6.374000072479248,1.124353528022766,45.025001525878906,3.8340001106262207,146.92599487304688,31.799999237060547,3.71,55.91,456.48,1804.0,949944335.0,42.8,8.5,5.4,13.3,3417.0,100.8654,100.0,6.118546845,86.56914520263672,121.5009536743164,39.74269104003906,1.2129826545715332,246.60826711360087,48.41441461773699,44.58041450711077,3.3894130918580814,41.191001415252686,12.331033903976968,normal
2021-12-21,73.9800033569336,6.374599933624268,1.127751708030701,49.345001220703125,3.86899995803833,180.2669982910156,31.020000457763672,3.91,55.19,450.6,2373.8,953103199.0,17.9,11.0,7.7,16.2,3417.0,100.8654,100.0,6.118546845,86.56914520263672,121.5009536743164,39.74269104003906,1.2129826545715332,246.60826711360087,59.58032648843842,55.71132653040009,10.235325267735298,45.476001262664795,12.755172992574758,normal
2021-12-22,75.29000091552734,6.37060022354126,1.128757357597351,46.01499938964844,3.9760000705718994,172.875,30.399999618530277,3.96,54.36,443.83,2718.9000000000005,895923471.0,23.2,11.1,18.2,26.4,3417.0,100.8654,100.0,6.118546845,86.56914520263672,121.5009536743164,39.74269104003906,1.2129826545715332,246.60826711360087,57.18813653444526,53.212136463873364,11.173137144796826,42.03899931907654,12.981034640608163,normal
2021-12-23,76.8499984741211,6.369100093841553,1.1328877210617063,38.84000015258789,3.7309999465942383,132.57899475097656,29.233999252319336,3.95,53.51,436.92,2503.6,898503048.0,34.9,10.8,15.2,22.2,3362.0,100.8654,100.0,6.118546845,86.56914520263672,121.5009536743164,39.74269104003906,1.2129826545715332,246.60826711360087,44.01845036372651,40.28745041713227,5.1784502111386175,35.10900020599365,13.249999736917431,normal
2021-12-24,76.8499984741211,6.368800163269043,1.132733702659607,38.84000015258789,3.7309999465942383,132.57899475097656,29.233999252319336,3.56,52.89,431.84,2388.8,785111491.0,43.2,10.4,18.4,20.2,3362.0,100.8654,100.0,6.118546845,86.56914520263672,121.5009536743164,39.74269104003906,1.2129826545715332,246.60826711360087,44.01246596539482,40.28146601880058,5.1724658128069265,35.10900020599365,13.249999736917431,normal
2021-12-27,78.5999984741211,6.366600036621094,1.1324259042739868,40.97999954223633,4.059999942779541,106.89299774169922,29.959999084472656,3.56,52.02,424.76,1821.8,745237907.0,29.3,19.5,21.4,18.8,3362.0,100.8654,100.0,6.118546845,86.56914520263672,121.5009536743164,39.74269104003906,1.2129826545715332,246.60826711360087,35.475801001190156,31.415801058410615,-5.504198541046172,36.91999959945679,13.551723874848465,normal
2021-12-28,78.94000244140625,6.369800090789795,1.1330032348632812,39.915000915527344,4.054999828338623,106.58999633789062,30.920000076293945,3.45,51.78,422.77,1779.0,735909686.0,38.6,15.3,17.3,16.9,3362.0,100.8654,100.0,6.118546845,86.56914520263672,121.5009536743164,39.74269104003906,1.2129826545715332,246.60826711360087,35.39327537993616,31.33827555159754,-4.52172553559118,35.86000108718872,13.61034524851832,normal
2021-12-29,79.2300033569336,6.367199897766113,1.1314777135849,34.029998779296875,4.02400016784668,96.47599792480467,31.55900001525879,3.32,51.6,421.29,1799.6,772805129.0,30.9,11.0,12.8,23.8,3362.0,100.8654,100.0,6.118546845,86.56914520263672,121.5009536743164,39.74269104003906,1.2129826545715332,246.60826711360087,31.99178273686881,27.96778256902213,-2.038216042428065,30.005998611450195,13.660345406367862,normal
2021-12-30,79.31999969482422,6.367300033569336,1.1360150575637815,34.209999084472656,3.561000108718872,87.0270004272461,31.26000022888184,3.4,51.59,421.23,1896.9,844909533.0,23.2,19.3,10.4,30.8,3226.0,100.8654,100.0,6.118546845,86.56914520263672,121.5009536743164,39.74269104003906,1.2129826545715332,246.60826711360087,28.97418713767935,25.41318702896048,-5.235811946793305,30.648998975753784,13.675862016349004,normal
2021-12-31,77.77999877929688,6.372099876403809,1.132502794265747,30.4950008392334,3.7300000190734863,70.34300231933594,31.649999618530277,3.82,51.64,421.63,1857.7,890444928.0,39.1,19.2,16.2,29.2,3226.0,100.8654,100.0,6.118546845,86.56914520263672,121.5009536743164,39.74269104003906,1.2129826545715332,246.60826711360087,23.34712136186964,19.617121342796153,-7.147879477363759,26.765000820159912,13.41034461712015,normal
2022-01-03,78.9800033569336,6.354899883270264,1.1373459100723269,30.5049991607666,3.815000057220459,80.43399810791016,33.06999969482422,3.82,52.03,424.84,2261.3,376325746.0,24.1,9.0,16.4,19.5,3226.0,100.8654,100.0,6.118546845,86.56914520263672,121.5009536743164,39.74269104003906,1.2129826545715332,246.60826711360087,26.810529104549314,22.995529047328855,-3.6944700562172876,26.689999103546143,13.617241958091999,normal
2022-01-04,80.0,6.355100154876709,1.1302244663238523,32.744998931884766,3.7170000076293945,88.74099731445312,33.88999938964844,3.74,51.9,423.83,2387.7,276355640.0,52.9,6.2,16.5,23.3,3226.0,100.8654,100.0,6.118546845,86.56914520263672,121.5009536743164,39.74269104003906,1.2129826545715332,246.60826711360087,29.39423538623099,25.677235378601594,-3.350763545653777,29.02799892425537,13.793103448275863,normal
2022-01-05,80.80000305175781,6.354300022125244,1.1283625364303589,34.189998626708984,3.881999969482422,91.52200317382812,34.52000045776367,3.73,51.65,421.77,2454.9,285463905.0,63.9,6.2,15.6,25.7,3226.0,100.8654,100.0,6.118546845,86.56914520263672,121.5009536743164,39.74269104003906,1.2129826545715332,298.15950991405765,30.265463797032965,26.383463827550543,-3.92453482967602,30.307998657226562,13.931035008923761,normal
2022-01-06,81.98999786376953,6.354000091552734,1.1313496828079224,34.06999969482422,3.812000036239624,96.5019989013672,34.09000015258789,3.78,51.22,418.24,2664.4,284908196.0,47.6,6.2,15.3,21.4,3195.0,100.8654,100.0,6.118546845,86.56914520263672,121.5009536743164,39.74269104003906,1.2129826545715332,298.15950991405765,31.996783791811666,28.18478375557204,-2.073215903012553,30.257999658584595,14.136206528236126,normal
2022-01-07,81.75,6.381899833679199,1.1296881437301636,33.95000076293945,3.9159998893737793,88.17400360107422,33.310001373291016,3.94,50.84,415.16,2707.2,296528338.0,52.5,6.9,21.2,22.3,3195.0,100.8654,100.0,6.118546845,86.56914520263672,121.5009536743164,39.74269104003906,1.2129826545715332,298.15950991405765,29.192567260825843,25.276567371452064,-4.75743350211361,30.034000873565674,14.094827586206897,normal
2022-01-10,80.87000274658203,6.376200199127197,1.1353960037231443,33.26499938964844,4.078999996185303,84.60700225830078,32.09000015258789,3.83,49.47,403.98,2482.6000000000004,286554979.0,57.8,12.7,23.2,20.9,3195.0,100.8654,100.0,6.118546845,105.34542083740234,155.3102569580078,47.65493392944336,1.7230314016342163,298.15950991405765,28.15313915931637,24.07413916313107,-5.111860230332066,29.185999393463135,13.94310392182449,normal
2022-01-11,83.72000122070312,6.373899936676025,1.1330417394638062,32.915000915527344,4.249000072479248,78.73600006103516,32.31399917602539,4.16,48.74,398.03,2878.8,330033960.0,37.0,14.7,30.4,22.0,3195.0,100.8654,100.0,6.118546845,105.34542083740234,155.3102569580078,47.65493392944336,1.7230314016342163,298.15950991405765,26.14522688622906,21.896226813749813,-6.769774029298283,28.666000843048096,14.434482969086746,normal
2022-01-12,84.66999816894531,6.372900009155273,1.1366478204727173,33.0,4.85699987411499,75.15299987792969,31.559999465942383,4.16,47.98,391.91,3011.8,296579000.0,48.0,14.5,33.3,21.4,3195.0,100.8654,100.0,6.118546845,105.34542083740234,155.3102569580078,47.65493392944336,1.7230314016342163,298.15950991405765,25.034873572958663,20.177873698843673,-7.965126427041337,28.14300012588501,14.598275546369882,normal
2022-01-13,84.47000122070312,6.357600212097168,1.144164800643921,32.60499954223633,4.269999980926514,85.45999908447266,31.739999771118164,4.62,47.22,385.72,3030.2000000000003,388544894.0,47.2,14.4,26.8,18.1,3016.0,100.8654,100.0,6.118546845,105.34542083740234,155.3102569580078,47.65493392944336,1.7230314016342163,298.15950991405765,28.656597565022338,24.386597584095824,-3.94840197721399,28.334999561309814,14.563793313914333,normal
2022-01-14,86.05999755859375,6.358099937438965,1.1457115411758425,32.845001220703125,4.26200008392334,86.97000122070312,32.540000915527344,4.78,46.49,379.72,3221.2,360842843.0,38.1,13.2,20.7,19.7,3016.0,100.8654,100.0,6.118546845,105.34542083740234,155.3102569580078,47.65493392944336,1.7230314016342163,298.15950991405765,29.202358090417356,24.940358006494016,-3.6426431302857694,28.583001136779785,14.837930613550647,normal
2022-01-17,86.05999755859375,6.351500034332275,1.1410704851150513,32.845001220703125,4.26200008392334,86.97000122070312,32.540000915527344,4.37,44.71,365.19,2978.6000000000004,287760427.0,30.1,14.3,16.9,25.1,3016.0,100.5726,102.0,9.5825426932,105.34542083740234,155.3102569580078,47.65493392944336,1.7230314016342163,298.15950991405765,29.084064980734762,24.822064896811423,-3.7609362399683626,28.583001136779785,14.837930613550647,normal
2022-01-18,87.51000213623047,6.346700191497803,1.1410574913024902,22.934999465942383,4.2829999923706055,78.33399963378906,32.54999923706055,4.37,44.07,359.9,3321.9,287805075.0,41.5,12.4,17.4,25.4,3016.0,100.5726,102.0,9.5825426932,105.34542083740234,155.3102569580078,47.65493392944336,1.7230314016342163,298.15950991405765,26.19575899752693,21.912759005156325,3.2607595315845472,18.651999473571777,15.087931402798358,normal
2022-01-19,88.44000244140625,6.352200031280518,1.1329647302627563,21.13999938964844,4.031000137329102,75.60199737548828,31.76000022888184,4.55,43.37,354.16,3597.4,287890697.0,31.9,12.1,18.6,23.5,3016.0,100.5726,102.0,9.5825426932,105.34542083740234,155.3102569580078,47.65493392944336,1.7230314016342163,298.15950991405765,25.102837680706447,21.071837543377345,3.962838291058006,17.10899925231934,15.248276283001077,normal
2022-01-20,88.37999725341797,6.343500137329102,1.1343399286270142,20.524999618530277,3.802000045776367,75.2030029296875,33.45500183105469,4.89,42.75,349.16,3532.9,288105954.0,20.5,14.5,22.4,18.9,2810.0,100.5726,102.0,9.5825426932,105.34542083740234,155.3102569580078,47.65493392944336,1.7230314016342163,298.15950991405765,25.000664971483836,21.19866492570747,4.475665352953559,16.72299957275391,15.237930560934133,normal
2022-01-21,87.88999938964844,6.339499950408936,1.1313753128051758,22.09000015258789,3.999000072479248,78.9800033569336,33.16999816894531,4.45,42.09,343.74,3254.3,288138438.0,42.4,11.8,24.6,23.7,2810.0,100.5726,102.0,9.5825426932,105.34542083740234,155.3102569580078,47.65493392944336,1.7230314016342163,298.15950991405765,26.187678701139046,22.188678628659797,4.097678548551155,18.091000080108643,15.15344817062904,normal
2022-01-24,86.2699966430664,6.337699890136719,1.1341469287872314,25.190000534057617,4.026999950408936,93.0,32.88999938964844,4.11,40.27,328.89,2876.9,288837303.0,52.7,13.2,19.4,24.4,2810.0,100.5726,102.0,9.5825426932,105.34542083740234,155.3102569580078,47.65493392944336,1.7230314016342163,298.15950991405765,30.911880631279057,26.884880680870122,5.72188009722144,21.16300058364868,14.874137352252829,normal
2022-01-25,88.19999694824219,6.329800128936768,1.132413029670715,26.0049991607666,4.052999973297119,93.58200073242188,34.36000061035156,4.2,39.56,323.1,3502.0,445872357.0,63.9,13.7,28.5,23.7,2810.0,100.5726,102.0,9.5825426932,105.34542083740234,155.3102569580078,47.65493392944336,1.7230314016342163,298.15950991405765,31.057775171021394,27.004775197724275,5.052776010254792,21.951999187469482,15.206896025558999,normal
2022-01-26,89.95999908447266,6.326499938964844,1.130454421043396,25.825000762939453,4.276999950408936,91.83699798583984,34.72999954223633,4.24,38.83,317.1,3684.8,454093403.0,49.6,12.8,25.8,20.8,2810.0,100.5726,102.0,9.5825426932,105.34542083740234,155.3102569580078,47.65493392944336,1.7230314016342163,298.15950991405765,30.425932226827182,26.148932276418247,4.600931463887729,21.548000812530518,15.510344669736666,normal
2022-01-27,89.33999633789062,6.3196001052856445,1.124353528022766,25.274999618530277,6.264999866485596,92.3010025024414,34.97999954223633,4.43,38.13,311.4,3645.6,604001234.0,34.5,11.7,23.3,18.2,2591.0,100.5726,102.0,9.5825426932,105.34542083740234,155.3102569580078,47.65493392944336,1.7230314016342163,298.15950991405765,30.41462478200137,24.149624915515773,5.139625163471091,19.00999975204468,15.4034476444639,normal
2022-01-28,90.02999877929688,6.366899967193604,1.1147029399871826,26.809999465942383,4.638999938964844,92.06199645996094,35.0,4.43,37.54,306.6,3624.9,521354931.0,28.4,12.0,24.5,17.0,2591.0,100.5726,102.0,9.5825426932,105.34542083740234,155.3102569580078,47.65493392944336,1.7230314016342163,298.15950991405765,30.075488729948965,25.43648879098412,3.2654892640065825,22.17099952697754,15.522413582637393,normal
2022-01-31,91.20999908447266,6.35099983215332,1.1152374744415283,24.709999084472656,4.874000072479248,84.6719970703125,35.16999816894531,5.69,36.35,296.87,3019.4000000000005,457767843.0,45.9,13.5,37.6,19.2,2591.0,100.5726,102.0,9.5825426932,105.34542083740234,155.3102569580078,47.65493392944336,1.7230314016342163,298.15950991405765,27.674533919656227,22.80053384717698,2.9645348351835707,19.835999011993408,15.725861911115976,normal
2022-02-01,89.16000366210938,6.359499931335449,1.12296462059021,23.70499992370605,4.750999927520752,76.16699981689453,35.224998474121094,5.56,35.82,292.53,3047.9999999999995,513784782.0,66.5,10.8,25.6,20.9,2591.0,100.5726,102.0,9.5825426932,105.34542083740234,155.3102569580078,47.65493392944336,1.7230314016342163,298.15950991405765,25.06721472473977,20.31621479721902,1.3622148010337192,18.9539999961853,15.372414424501617,normal
2022-02-02,89.47000122070312,6.359499931335449,1.1273956298828125,24.200000762939453,5.500999927520752,77.35099792480469,37.119998931884766,5.45,35.39,289.0,2854.9,849207874.0,48.7,11.5,22.8,21.8,2591.0,100.5726,102.0,9.5825426932,105.34542083740234,155.3102569580078,47.65493392944336,1.7230314016342163,298.15950991405765,25.55732678832032,20.05632686079957,1.3573260253808677,18.6990008354187,15.425862279431573,normal
2022-02-03,91.11000061035156,6.359499931335449,1.1299946308135986,24.34000015258789,4.888000011444092,80.2229995727539,37.27000045776367,6.7,34.97,285.59,3111.9,673597860.0,72.7,8.9,31.6,22.7,2323.0,100.5726,102.0,9.5825426932,105.34542083740234,155.3102569580078,47.65493392944336,1.7230314016342163,298.15950991405765,26.56736206163098,21.67936205018689,2.22736190904309,19.4520001411438,15.708620794888201,normal
2022-02-04,93.2699966430664,6.359499931335449,1.14357590675354,25.350000381469727,4.572000026702881,82.6520004272461,37.880001068115234,5.84,34.59,282.47,3218.8,571921484.0,60.7,11.9,26.0,22.0,2323.0,100.5726,102.0,9.5825426932,105.34542083740234,155.3102569580078,47.65493392944336,1.7230314016342163,298.15950991405765,27.700749773919572,23.12874974721669,2.3507493924498455,20.778000354766846,16.081033903976966,normal
2022-02-07,92.69000244140624,6.359499931335449,1.145514726638794,25.100000381469727,4.23199987411499,79.59500122070312,37.77999877929688,5.34,33.87,276.6,2642.1000000000004,675994954.0,49.7,10.1,20.9,22.6,2323.0,100.5726,102.0,9.5825426932,105.34542083740234,155.3102569580078,47.65493392944336,1.7230314016342163,264.63418837091297,26.72142586914611,22.48942599503112,1.6214254876763832,20.868000507354736,15.98103490369073,normal
2022-02-08,90.77999877929688,6.35230016708374,1.1442956924438477,25.30500030517578,4.248000144958496,77.30000305175781,37.72999954223633,4.44,33.49,273.45,2930.3,738785839.0,41.9,10.7,22.7,22.5,2323.0,100.5726,102.0,9.5825426932,105.34542083740234,155.3102569580078,47.65493392944336,1.7230314016342163,264.63418837091297,25.92333858458995,21.675338439631453,0.6183382794141679,21.057000160217285,15.651723927464978,normal
2022-02-09,91.5500030517578,6.365699768066406,1.142126202583313,24.71500015258789,4.008999824523926,74.41699981689453,35.900001525878906,4.3,33.12,270.46,2890.1,605119605.0,52.0,11.8,25.0,24.7,2323.0,100.5726,102.0,9.5825426932,105.34542083740234,155.3102569580078,47.65493392944336,1.7230314016342163,264.63418837091297,24.909178816963212,20.900178992439287,0.19417866437532183,20.706000328063965,15.784483284785829,normal
2022-02-10,91.41000366210938,6.361400127410889,1.142152190208435,24.795000076293945,3.9590001106262207,74.35299682617188,35.630001068115234,4.13,32.77,267.6,2914.7000000000003,541933417.0,63.9,11.7,30.6,24.7,2101.0,100.5726,102.0,9.5825426932,138.67498779296875,199.48751831054688,63.25152969360352,2.777777671813965,264.63418837091297,24.888321749275537,20.929321638649316,0.09332167298159177,20.835999965667725,15.760345458984375,normal
2022-02-11,94.44000244140624,6.35260009765625,1.1415525674819946,24.56999969482422,3.940999984741211,77.4260025024414,36.68999862670898,4.03,32.33,264.04,3076.5000000000005,326396128.0,62.1,10.8,25.4,22.5,2101.0,100.5726,102.0,9.5825426932,138.67498779296875,199.48751831054688,63.25152969360352,2.777777671813965,264.63418837091297,25.903348615979805,21.962348631238594,1.3333489211555865,20.628999710083008,16.282759041621766,normal
2022-02-14,96.4800033569336,6.353099822998047,1.1365057229995728,24.88500022888184,4.195000171661377,80.77100372314453,35.90999984741211,4.04,31.28,255.44,2422.2,289843571.0,48.5,9.4,16.8,19.0,2101.0,100.5726,102.0,9.5825426932,138.67498779296875,199.48751831054688,63.25152969360352,2.777777671813965,264.63418837091297,26.90297232346081,22.70797215179943,2.017972094578969,20.690000057220463,16.634483337402344,normal
2022-02-15,93.27999877929688,6.355899810791016,1.1306334733963013,24.815000534057617,4.306000232696533,70.91899871826172,35.2400016784668,4.05,30.92,252.51,2788.6,394549185.0,37.7,11.4,19.0,18.5,2101.0,100.1856,101.3,9.5372993378,138.67498779296875,199.48751831054688,63.25152969360352,2.777777671813965,264.63418837091297,23.499444293204878,19.193444060508345,-1.3155562408527395,20.509000301361084,16.0827584102236,normal
2022-02-16,94.80999755859376,6.3379998207092285,1.1356796026229858,23.075000762939453,4.7170000076293945,69.79499816894531,34.83000183105469,4.31,30.56,249.52,2879.4,485084803.0,40.8,13.7,16.5,17.1,2101.0,100.1856,101.3,9.5372993378,138.67498779296875,199.48751831054688,63.25152969360352,2.777777671813965,264.63418837091297,23.230217923525952,18.513217915896558,0.15521716058649915,18.35800075531006,16.34655130320582,normal
2022-02-17,92.97000122070312,6.335599899291992,1.1375269889831543,24.51000022888184,4.486000061035156,74.91400146484375,33.63999938964844,4.39,30.26,247.12,2802.4,290646559.0,47.5,15.2,24.5,16.5,1911.0,100.1856,101.3,9.5372993378,138.67498779296875,199.48751831054688,63.25152969360352,2.777777671813965,264.63418837091297,24.97456098489022,20.488560923855065,0.46456075600838176,20.024000167846683,16.02931055529364,normal
2022-02-18,93.54000091552734,6.3358001708984375,1.1366478204727173,23.80500030517578,4.431000232696533,73.76200103759766,34.90999984741211,4.57,30.04,245.33,3121.4,263720565.0,55.5,12.4,28.0,16.0,1911.0,100.1856,101.3,9.5372993378,138.67498779296875,199.48751831054688,63.25152969360352,2.777777671813965,264.63418837091297,24.57150577440893,20.140505541712397,0.7665054692331488,19.374000072479248,16.127586364746094,normal
2022-02-21,93.54000091552734,6.32420015335083,1.131721019744873,23.80500030517578,4.431000232696533,73.76200103759766,34.90999984741211,4.61,29.45,240.52,2410.3,241340207.0,65.8,7.7,11.1,25.9,1911.0,100.1856,101.3,9.5372993378,138.67498779296875,199.48751831054688,63.25152969360352,2.777777671813965,264.63418837091297,24.465000566416503,20.03400033371997,0.6600002612407216,19.374000072479248,16.127586364746094,normal
2022-02-22,96.83999633789062,6.334199905395508,1.1309658288955688,25.959999084472656,4.498000144958496,79.78900146484375,35.18000030517578,4.61,29.12,237.8,2572.3,263230632.0,79.1,9.7,16.5,24.3,1911.0,100.1856,101.3,9.5372993378,138.67498779296875,199.48751831054688,63.25152969360352,2.777777671813965,264.63418837091297,26.44634574737167,21.948345602413173,0.4863466628990132,21.46199893951416,16.696551092739764,normal
2022-02-23,96.83999633789062,6.325300216674805,1.13291335105896,28.96500015258789,4.623000144958496,88.89099884033203,37.02999877929688,4.48,28.78,235.05,2577.8,267732318.0,66.7,10.1,26.2,19.6,1911.0,100.1856,101.3,9.5372993378,138.67498779296875,199.48751831054688,63.25152969360352,2.777777671813965,264.63418837091297,29.513970521484666,24.89097037652617,0.5489703688967751,24.342000007629395,16.696551092739764,normal
2022-02-24,99.08000183105467,6.312300205230713,1.1305694580078125,37.0099983215332,4.567999839782715,134.3159942626953,33.93000030517578,4.59,28.52,232.92,2702.1,371809009.0,59.5,12.7,26.2,21.7,1782.0,100.1856,101.3,9.5372993378,138.67498779296875,199.48751831054688,63.25152969360352,2.777777671813965,264.63418837091297,44.50390688405396,39.93590704427125,7.493908562520758,32.44199848175049,17.082758936388736,ukraine
2022-02-25,97.93000030517578,6.3267998695373535,1.11906898021698,27.51000022888184,4.46999979019165,94.4219970703125,34.560001373291016,4.78,28.28,230.95,2663.2000000000003,631228214.0,61.8,10.3,20.1,23.3,1782.0,100.1856,101.3,9.5372993378,138.67498779296875,199.48751831054688,63.25152969360352,2.777777671813965,264.63418837091297,30.96728972771495,26.4972899375233,3.4572894988331093,23.04000043869019,16.884482811237206,ukraine
2022-02-28,100.98999786376952,6.315999984741211,1.118105411529541,27.950000762939453,4.401999950408936,98.59500122070312,32.2599983215332,4.63,27.64,225.72,2325.6,851591441.0,56.6,10.2,23.3,23.8,1782.0,100.1856,101.3,9.5372993378,138.67498779296875,199.48751831054688,63.25152969360352,2.777777671813965,264.63418837091297,32.30805430452146,27.906054354112527,4.358053541582009,23.548000812530518,17.412068597201642,ukraine
2022-03-01,104.97000122070312,6.3084001541137695,1.1215918064117432,31.5,4.572999954223633,121.67400360107422,27.350000381469727,4.46,27.25,222.51,2651.9,851757398.0,53.6,12.1,21.8,20.3,1782.0,100.1856,101.3,9.5372993378,138.67498779296875,199.48751831054688,63.25152969360352,2.777777671813965,264.63418837091297,39.995007676202555,35.42200772197892,8.495007676202555,26.927000045776367,18.098276072535022,ukraine
2022-03-02,112.93000030517578,6.311500072479248,1.1132758855819702,38.505001068115234,4.76200008392334,165.54299926757812,26.530000686645508,4.36,26.84,219.19,2785.5000000000005,883533024.0,55.9,13.1,21.3,15.6,1782.0,100.1856,101.3,9.5372993378,138.67498779296875,199.48751831054688,63.25152969360352,2.777777671813965,264.63418837091297,54.01156726028489,49.24956717636155,15.506566192169657,33.743000984191895,19.470689707788928,ukraine
2022-03-03,110.45999908447266,6.3196001052856445,1.1112345457077026,43.59999847412109,4.7220001220703125,160.822998046875,26.030000686645508,4.65,26.47,216.14,2683.4,881415125.0,19.9,14.7,23.7,15.7,1643.0,100.1856,101.3,9.5372993378,138.67498779296875,199.48751831054688,63.25152969360352,2.777777671813965,264.63418837091297,52.3753630196797,47.65336289760939,8.775364545558617,38.877998352050774,19.044827428357355,ukraine
2022-03-04,118.11000061035156,6.319200038909912,1.1066844463348389,38.650001525878906,5.015999794006348,192.5500030517578,25.8799991607666,4.63,26.13,213.38,2687.4,881251883.0,36.4,13.9,18.7,16.0,1643.0,100.1856,101.3,9.5372993378,138.67498779296875,199.48751831054688,63.25152969360352,2.777777671813965,264.63418837091297,62.45115778341631,57.435157989409966,23.801156257537407,33.63400173187256,20.363793208681304,ukraine
2022-03-07,123.20999908447266,6.316699981689453,1.087453007698059,51.76499938964844,4.833000183105469,227.2010040283203,22.5,4.74,25.34,206.97,2481.2000000000003,885826511.0,27.3,12.7,15.3,16.5,1643.0,100.1856,101.3,9.5372993378,138.67498779296875,199.48751831054688,63.25152969360352,2.777777671813965,264.63418837091297,72.40922564215295,67.57622545904748,20.64422625250451,46.93199920654297,21.24310329042632,ukraine
2022-03-08,127.9800033569336,6.319300174713135,1.0865312814712524,42.619998931884766,4.526999950408936,214.5540008544922,26.88999938964844,4.93,24.89,203.24,2990.5,884094434.0,29.7,13.8,18.4,15.8,1643.0,100.1856,101.3,9.5372993378,138.67498779296875,199.48751831054688,63.25152969360352,2.777777671813965,220.46790953760552,68.3206531658184,63.79365321540946,25.700654233933633,38.09299898147583,22.065517820160967,ukraine
2022-03-09,111.13999938964844,6.317599773406982,1.0898232460021973,38.96500015258789,4.526000022888184,155.8800048828125,28.46999931335449,4.61,24.53,200.28,3184.9,880890376.0,30.8,14.4,18.9,13.2,1643.0,100.1856,101.3,9.5372993378,138.67498779296875,199.48751831054688,63.25152969360352,2.777777671813965,220.46790953760552,49.78742164982242,45.261421626934236,10.82242149723453,34.43900012969971,19.162068860284215,ukraine
2022-03-10,109.33000183105467,6.316599845886231,1.107382893562317,38.32500076293945,4.63100004196167,126.39900207519533,29.34000015258789,4.55,24.26,198.13,3112.2,885529523.0,26.4,16.4,9.7,18.3,1519.0,100.1856,101.3,9.5372993378,138.67498779296875,199.48751831054688,63.25152969360352,2.777777671813965,220.46790953760552,41.02179062448174,36.39079058252007,2.6967898615422854,33.69400072097778,18.85000031569908,ukraine
2022-03-11,112.66999816894533,6.320799827575684,1.1013944149017334,37.14500045776367,4.724999904632568,131.22900390625,30.190000534057617,4.65,24.19,197.56,2839.3,884103177.0,17.9,15.4,8.7,18.3,1519.0,100.1856,101.3,9.5372993378,138.67498779296875,199.48751831054688,63.25152969360352,2.777777671813965,220.46790953760552,42.35901574245533,37.63401583782276,5.214015284691655,32.4200005531311,19.425861753266435,ukraine
2022-03-14,106.9000015258789,6.338699817657471,1.093206763267517,37.25,4.6579999923706055,114.52200317382812,30.270000457763672,4.79,24.12,197.0,2609.2,882856013.0,32.5,12.5,17.6,14.1,1519.0,100.1856,101.3,9.5372993378,216.1590118408203,320.6058654785156,105.2183074951172,5.396154403686523,220.46790953760552,36.69141020373518,32.033410211364576,-0.558589796264819,32.592000007629395,18.431034745841192,ukraine
2022-03-15,99.91000366210938,6.364500045776367,1.0943193435668943,37.44499969482422,4.567999839782715,115.43900299072266,30.690000534057617,4.59,23.91,195.28,2690.4,883115045.0,39.4,10.6,21.2,12.8,1519.0,100.1856,101.3,9.5372993378,216.1590118408203,320.6058654785156,105.2183074951172,5.396154403686523,220.46790953760552,37.022846065760596,32.45484622597788,-0.4221536290636223,32.876999855041504,17.225862700363685,ukraine
2022-03-16,98.0199966430664,6.369100093841553,1.0969363451004028,33.6349983215332,4.748000144958496,102.6230010986328,31.030000686645508,4.46,23.73,193.76,3045.9,825798597.0,53.1,8.8,21.2,10.8,1519.0,100.1856,101.3,9.5372993378,216.1590118408203,320.6058654785156,105.2183074951172,5.396154403686523,220.46790953760552,32.991289849879806,28.24328970492131,-0.6437084716533974,28.886998176574707,16.899999421218347,ukraine
2022-03-17,106.63999938964844,6.351200103759766,1.1021955013275146,35.55500030517578,4.989999771118164,105.08799743652344,31.420000076293945,4.68,23.62,192.87,3177.8,727454874.0,41.7,7.5,26.4,6.4,1440.0,100.1856,101.3,9.5372993378,216.1590118408203,320.6058654785156,105.2183074951172,5.396154403686523,220.46790953760552,33.94571090812614,28.955711137007974,-1.6092893970496434,30.565000534057617,18.386206791318696,ukraine
2022-03-18,107.93000030517578,6.3454999923706055,1.1099518537521362,35.494998931884766,4.86299991607666,105.04399871826172,30.950000762939453,4.8,23.52,192.08,3068.3,723615458.0,38.3,6.6,18.9,8.8,1440.0,100.8064,101.9,4.8623853197,216.1590118408203,320.6058654785156,105.2183074951172,5.396154403686523,220.46790953760552,34.17028055791135,29.307280641834687,-1.3247183739734183,30.631999015808105,18.608620742271686,ukraine
2022-03-21,115.62000274658205,6.360199928283691,1.1043134927749634,34.810001373291016,4.900000095367432,96.302001953125,31.18000030517578,4.87,23.58,192.57,2872.6000000000004,847139040.0,39.5,8.8,10.5,9.0,1440.0,100.8064,101.9,4.8623853197,216.1590118408203,320.6058654785156,105.2183074951172,5.396154403686523,220.46790953760552,31.167419900143845,26.267419804776413,-3.642581473147171,29.910001277923584,19.93448323216932,ukraine
2022-03-22,115.4800033569336,6.354499816894531,1.101722002029419,34.17499923706055,5.186999797821045,98.74700164794922,31.420000076293945,4.77,23.52,192.03,3173.8,876031140.0,44.7,10.0,6.4,9.1,1440.0,100.8064,101.9,4.8623853197,216.1590118408203,320.6058654785156,105.2183074951172,5.396154403686523,220.46790953760552,31.88372820282314,26.696728405002094,-2.2912710342374076,28.987999439239502,19.910345406367863,ukraine
2022-03-23,121.5999984741211,6.365300178527832,1.1029735803604126,34.119998931884766,5.23199987411499,117.0009994506836,29.950000762939453,5.0,23.51,191.95,3074.3,880222612.0,27.3,10.1,13.6,13.1,1440.0,100.8064,101.9,4.8623853197,216.1590118408203,320.6058654785156,105.2183074951172,5.396154403686523,220.46790953760552,37.820549939295326,32.588550065180335,3.70055100741056,28.887999057769775,20.96551697829674,ukraine
2022-03-24,119.02999877929688,6.371300220489502,1.1006306409835815,34.68000030517578,5.401000022888184,111.60800170898438,30.81800079345703,5.26,23.53,192.15,3136.2,851340552.0,38.2,10.3,14.7,15.8,1389.0,100.8064,101.9,4.8623853197,216.1590118408203,320.6058654785156,105.2183074951172,5.396154403686523,220.46790953760552,36.00062906558821,30.599629042700023,1.3206287604124256,29.279000282287598,20.522413582637395,ukraine
2022-03-25,120.6500015258789,6.366300106048584,1.1009578704833984,34.43000030517578,5.571000099182129,101.2689971923828,30.729999542236328,5.19,23.66,193.18,3081.3,833576441.0,49.4,12.9,12.2,15.7,1389.0,100.8064,101.9,4.8623853197,216.1590118408203,320.6058654785156,105.2183074951172,5.396154403686523,220.46790953760552,32.67535901074253,27.104358911560404,-1.7546412944332488,28.859000205993652,20.801724401013605,ukraine
2022-03-28,112.4800033569336,6.365200042724609,1.098189115524292,33.970001220703125,5.507999897003174,102.54499816894533,31.57999992370605,5.51,24.27,198.18,2621.4,881759522.0,7.9,8.0,7.6,14.6,1389.0,100.8064,101.9,4.8623853197,216.1590118408203,320.6058654785156,105.2183074951172,5.396154403686523,220.46790953760552,33.0038629249076,27.495863027904427,-0.966138295795524,28.46200132369995,19.393104027057518,ukraine
2022-03-29,110.2300033569336,6.370699882507324,1.099384307861328,33.875,5.335999965667725,108.38099670410156,31.93000030517578,5.52,24.36,198.94,3053.7,882361947.0,11.4,8.2,11.2,10.8,1389.0,100.8064,101.9,4.8623853197,216.1590118408203,320.6058654785156,105.2183074951172,5.396154403686523,220.46790953760552,34.9201284375376,29.584128471869874,1.045128437537599,28.539000034332275,19.005172992574757,ukraine
2022-03-30,113.4499969482422,6.363100051879883,1.1091516017913818,34.150001525878906,5.605000019073486,118.97000122070312,30.959999084472656,5.32,24.45,199.65,3288.2,884071918.0,19.0,9.8,12.7,4.8,1389.0,100.8064,101.9,4.8623853197,216.1590118408203,320.6058654785156,105.2183074951172,5.396154403686523,220.46790953760552,38.672436482402695,33.06743646332921,4.522434956523789,28.54500150680542,19.56034430142107,ukraine
2022-03-31,107.91000366210938,6.346199989318848,1.116183519363403,35.435001373291016,5.642000198364258,125.90599822998048,30.06999969482422,5.32,24.44,199.6,2963.6000000000004,882481019.0,31.0,8.8,17.3,9.4,1415.0,100.8064,101.9,4.8623853197,216.1590118408203,320.6058654785156,105.2183074951172,5.396154403686523,220.46790953760552,41.186528165111056,35.5445279667468,5.751526791820041,29.793001174926758,18.605173045191272,ukraine
2022-04-01,104.38999938964844,6.338900089263916,1.1072357892990112,34.689998626708984,5.71999979019165,112.1500015258789,30.709999084472656,5.46,24.34,198.73,2977.9,883552791.0,19.2,8.7,20.6,13.1,1415.0,100.8064,101.9,4.8623853197,216.1590118408203,320.6058654785156,105.2183074951172,5.396154403686523,220.46790953760552,36.39255583281807,30.672556042626418,1.7025572061090841,28.969998836517334,17.998275756835938,ukraine
2022-04-04,107.52999877929688,6.362100124359131,1.1047282218933103,32.95000076293945,5.711999893188477,109.52300262451172,31.020000457763672,5.43,24.31,196.81,2839.1,967393980.0,19.0,12.4,8.8,8.3,1415.0,100.8064,101.9,4.8623853197,216.1590118408203,320.6058654785156,105.2183074951172,5.396154403686523,220.46790953760552,35.45960949603275,29.74760960284427,2.5096087330932946,27.238000869750977,18.539654961947736,ukraine
2022-04-05,106.63999938964844,6.362400054931641,1.0975863933563232,33.45500183105469,6.0320000648498535,108.56400299072266,30.700000762939453,5.72,24.19,195.87,3238.4000000000005,968375354.0,59.6,15.3,11.4,10.9,1415.0,100.8064,101.9,4.8623853197,216.1590118408203,320.6058654785156,105.2183074951172,5.396154403686523,392.01202062601743,34.921888460295406,28.889888395445553,1.4668866292407188,27.423001766204834,18.386206791318696,ukraine
2022-04-06,101.06999969482422,6.363100051879883,1.090643286705017,33.439998626708984,6.02899980545044,106.79100036621094,30.31999969482422,5.95,24.12,195.26,3344.1,967531009.0,44.3,15.0,16.6,11.8,1415.0,100.8064,101.9,4.8623853197,216.1590118408203,320.6058654785156,105.2183074951172,5.396154403686523,392.01202062601743,34.13426401903819,28.105264213587752,0.694265392329207,27.410998821258545,17.425862016349004,ukraine
2022-04-07,100.58000183105467,6.358500003814697,1.0898232460021973,33.099998474121094,6.359000205993652,104.56400299072266,31.309999465942383,6.29,24.26,196.42,3284.6,969257644.0,31.0,15.1,16.4,11.8,1382.0,100.8064,101.9,4.8623853197,216.1590118408203,320.6058654785156,105.2183074951172,5.396154403686523,392.01202062601743,33.39730525545049,27.038305049456838,0.2973067813293966,26.74099826812744,17.34137962604391,ukraine
2022-04-08,102.77999877929688,6.359700202941895,1.0864840745925903,33.60499954223633,6.277999877929688,103.88200378417967,31.450000762939453,6.05,24.41,197.62,3111.4,938311404.0,33.9,15.0,15.4,10.3,1382.0,100.8064,101.9,4.8623853197,216.1590118408203,320.6058654785156,105.2183074951172,5.396154403686523,392.01202062601743,33.07781707323803,26.799817195308343,-0.5271824689982978,27.32699966430664,17.72068944470636,ukraine
2022-04-11,98.4800033569336,6.363999843597412,1.0884946584701538,33.02000045776367,6.64300012588501,100.13700103759766,30.38999938964844,6.38,25.0,202.12,2936.8,672052922.0,60.1,8.3,7.9,8.9,1382.0,100.8064,101.9,4.8623853197,318.9549255371094,403.713623046875,250.9558563232422,8.801155090332031,392.01202062601743,31.944348926083133,25.301348800198124,-1.0756515316805384,26.377000331878662,16.97931092360924,ukraine
2022-04-12,104.63999938964844,6.36870002746582,1.087795972824097,32.96500015258789,6.679999828338623,102.21900177001952,30.979999542236328,6.35,25.15,203.36,3092.5000000000005,823740140.0,62.3,9.7,11.7,10.6,1382.0,100.8064,101.9,4.8623853197,318.9549255371094,403.713623046875,250.9558563232422,8.801155090332031,392.01202062601743,32.587589744713426,25.907589916374803,-0.3774104078744642,26.285000324249268,18.0413792051118,ukraine
2022-04-13,108.77999877929688,6.364999771118164,1.0826143026351929,32.92499923706055,6.997000217437744,105.3239974975586,30.43000030517578,6.59,25.4,205.4,3268.5000000000005,605462938.0,45.8,11.7,14.6,6.4,1382.0,100.8064,101.9,4.8623853197,318.9549255371094,403.713623046875,250.9558563232422,8.801155090332031,392.01202062601743,33.41752275743967,26.420522540001926,0.49252352037912317,25.927999019622803,18.75517220332705,ukraine
2022-04-14,111.6999969482422,6.367199897766113,1.089656949043274,32.93000030517578,7.300000190734863,95.62000274658205,31.09000015258789,6.68,25.71,207.87,3289.7,517633753.0,49.6,12.1,15.7,4.0,1397.0,100.8064,101.9,4.8623853197,318.9549255371094,403.713623046875,250.9558563232422,8.801155090332031,392.01202062601743,30.535968764572985,23.23596857383812,-2.3940315406027963,25.630000114440918,19.258620163490036,ukraine
2022-04-15,111.6999969482422,6.377399921417236,1.0820988416671753,32.93000030517578,7.300000190734863,95.62000274658205,31.09000015258789,6.94,26.06,210.71,2886.4,675250060.0,43.2,12.0,12.3,3.5,1397.0,101.3907,99.9,6.8773234176,318.9549255371094,403.713623046875,250.9558563232422,8.801155090332031,392.01202062601743,30.324164369659087,23.024164178924224,-2.6058359355166942,25.630000114440918,19.258620163490036,ukraine
2022-04-18,113.16000366210938,6.370200157165527,1.081525444984436,25.3700008392334,7.820000171661377,95.62000274658205,31.149999618530277,6.94,27.45,221.98,3009.9,417963425.0,31.4,5.6,0.0,8.3,1397.0,101.3907,99.9,6.8773234176,318.9549255371094,403.713623046875,250.9558563232422,8.801155090332031,392.01202062601743,30.30809580495236,22.488095633290982,4.93809496571896,17.55000066757202,19.510345458984375,ukraine
2022-04-19,107.25,6.366199970245361,1.0781787633895874,25.1200008392334,7.176000118255615,93.76799774169922,31.450000762939453,7.48,27.93,225.81,3067.3,419419842.0,31.6,6.8,11.0,8.2,1397.0,101.3907,99.9,6.8773234176,318.9549255371094,403.713623046875,250.9558563232422,8.801155090332031,392.01202062601743,29.629107788854764,22.45310767059915,4.509106949621366,17.944000720977783,18.49137931034483,ukraine
2022-04-20,106.8000030517578,6.392399787902832,1.0794472694396973,25.200000762939453,6.936999797821045,94.2310028076172,33.939998626708984,7.44,28.25,228.38,3003.0,399150768.0,24.3,9.5,11.0,7.5,1397.0,101.3907,99.9,6.8773234176,318.9549255371094,403.713623046875,250.9558563232422,8.801155090332031,392.01202062601743,29.810441153424783,22.873441355603738,4.61044039048533,18.263000965118408,18.413793629613416,ukraine
2022-04-21,108.33000183105467,6.417699813842773,1.0849870443344116,25.290000915527344,6.956999778747559,100.06099700927734,34.06999969482422,7.12,28.52,230.63,3111.9,413010922.0,31.8,7.8,13.3,8.1,1450.0,101.3907,99.9,6.8773234176,318.9549255371094,403.713623046875,250.9558563232422,8.801155090332031,392.01202062601743,31.81724237523965,24.860242596492093,6.527241459712307,18.333001136779785,18.677586522595632,ukraine
2022-04-22,106.6500015258789,6.449299812316895,1.0835175514221191,25.4950008392334,6.533999919891357,94.875,34.75,6.88,28.79,233.14,3230.5,423124305.0,29.8,7.5,16.0,6.3,1450.0,101.3907,99.9,6.8773234176,318.9549255371094,403.713623046875,250.9558563232422,8.801155090332031,392.01202062601743,30.12734755642311,23.593347636531753,4.632346717189712,18.96100091934204,18.38793129756533,ukraine
2022-04-25,102.31999969482422,6.50029993057251,1.0811045169830322,25.395000457763672,6.669000148773193,92.83699798583984,32.72999954223633,6.59,30.08,243.54,3088.2,379381866.0,27.1,6.8,11.9,5.6,1450.0,101.3907,99.9,6.8773234176,318.9549255371094,403.713623046875,250.9558563232422,8.801155090332031,392.01202062601743,29.414531017377985,22.745530868604792,4.019530559614314,18.72600030899048,17.641379257728314,ukraine
2022-04-26,104.98999786376952,6.557899951934815,1.0714209079742432,24.9950008392334,6.849999904632568,103.20800018310548,32.189998626708984,6.42,30.35,245.76,3462.8,544798686.0,31.0,6.4,5.0,3.0,1450.0,101.3907,99.9,6.8773234176,318.9549255371094,403.713623046875,250.9558563232422,8.801155090332031,392.01202062601743,32.407582709498655,25.557582804866087,7.412581870265257,18.14500093460083,18.101723769615436,ukraine
2022-04-27,105.31999969482422,6.556300163269043,1.0643619298934937,25.145000457763672,7.267000198364258,107.427001953125,31.82999992370605,6.89,30.57,247.49,3663.4,410193140.0,47.5,5.3,7.5,5.2,1450.0,101.3907,99.9,6.8773234176,318.9549255371094,403.713623046875,250.9558563232422,8.801155090332031,392.01202062601743,33.51011714686391,26.243116948499654,8.36511668910024,17.878000259399414,18.15862063703866,ukraine
2022-04-28,107.58999633789062,6.559500217437744,1.0555092096328735,24.81999969482422,6.888000011444092,100.14199829101562,33.09000015258789,6.91,30.93,249.07,3597.9000000000005,603510386.0,48.7,4.9,0.0,1.7,1490.0,101.3907,99.9,6.8773234176,318.9549255371094,403.713623046875,250.9558563232422,8.801155090332031,392.01202062601743,30.977861830759135,24.089861819315043,6.157862135934916,17.931999683380127,18.54999936860183,ukraine
2022-04-29,109.33999633789062,6.62529993057251,1.050420165061951,24.530000686645508,7.24399995803833,99.4499969482422,32.81999969482422,6.97,31.25,251.61,3583.1000000000004,598711682.0,42.6,7.0,0.0,2.0,1490.0,101.3907,99.9,6.8773234176,318.9549255371094,403.713623046875,250.9558563232422,8.801155090332031,392.01202062601743,30.61547363525034,23.37147367721201,6.085472948604831,17.286000728607178,18.851723506532867,ukraine
2022-05-02,107.58000183105467,6.607500076293945,1.0535964965820312,23.5,7.474999904632568,97.0510025024414,32.52000045776367,6.84,32.53,261.47,3029.9999999999995,929954465.0,11.6,9.9,15.5,3.0,1490.0,101.3907,99.9,6.8773234176,318.9549255371094,403.713623046875,250.9558563232422,8.801155090332031,392.01202062601743,29.96729214696531,22.49229224233274,6.46729214696531,16.02500009536743,18.54827617776805,ukraine
2022-05-03,104.97000122070312,6.607500076293945,1.0509058237075806,23.5,7.953999996185303,99.4260025024414,34.65999984741211,7.3,32.94,264.72,3091.8,993741312.0,23.8,9.6,13.1,1.8,1490.0,101.3907,99.9,6.8773234176,318.9549255371094,403.713623046875,250.9558563232422,8.801155090332031,392.01202062601743,30.622238553453304,22.668238557268,7.122238553453304,15.546000003814697,18.098276072535022,ukraine
2022-05-04,110.13999938964844,6.607399940490723,1.052853226661682,24.040000915527344,8.414999961853027,103.8209991455078,34.439998626708984,7.84,33.35,268.06,3282.0,995633728.0,22.7,9.4,8.3,6.3,1490.0,101.3907,99.9,6.8773234176,318.9549255371094,403.713623046875,250.9558563232422,8.801155090332031,392.01202062601743,32.035108156637065,23.620108194784038,7.9951072411097215,15.625000953674316,18.989655067180767,ukraine
2022-05-05,110.9000015258789,6.607500076293945,1.0622477531433103,24.145000457763672,8.782999992370605,106.50800323486328,34.869998931884766,8.3,33.79,271.57,3236.1,993293763.0,16.2,9.9,5.1,7.6,1567.0,101.3907,99.9,6.8773234176,318.9549255371094,403.713623046875,250.9558563232422,8.801155090332031,392.01202062601743,33.15745752753813,24.374457535167522,9.012457069774456,15.362000465393066,19.120689918254985,ukraine
2022-05-06,112.38999938964844,6.654600143432617,1.0539740324020386,24.030000686645508,8.043000221252441,101.70800018310548,36.16999816894531,8.42,34.22,275.04,3165.0,996068349.0,8.8,9.2,5.2,6.7,1567.0,101.3907,99.9,6.8773234176,318.9549255371094,403.713623046875,250.9558563232422,8.801155090332031,334.66899897430784,31.416527774515398,23.373527553262957,7.38652708786989,15.987000465393066,19.377586101663525,ukraine
2022-05-09,105.94000244140624,6.665599822998047,1.053219199180603,23.155000686645508,7.026000022888184,93.78700256347656,33.77000045776367,8.35,35.74,287.26,2904.2000000000003,990325877.0,9.4,8.2,11.4,2.4,1567.0,101.3907,99.9,6.8773234176,318.9549255371094,403.713623046875,250.9558563232422,8.801155090332031,334.66899897430784,28.94906766236261,21.923067639474425,5.794066975717101,16.129000663757324,18.26551766231142,ukraine
2022-05-10,102.45999908447266,6.729800224304199,1.056579828262329,22.979999542236328,7.385000228881836,98.8010025024414,34.209999084472656,8.06,36.19,290.85,3087.7,999748086.0,12.8,6.2,11.1,1.5,1567.0,101.3907,99.9,6.8773234176,318.9549255371094,403.713623046875,250.9558563232422,8.801155090332031,334.66899897430784,30.594039592799678,23.209039363917842,7.61404005056335,15.594999313354492,17.665517083529767,ukraine
2022-05-11,107.51000213623048,6.73360013961792,1.0532968044281006,23.375,7.639999866485596,94.01200103759766,34.70000076293945,6.78,36.61,294.24,2745.2,883931525.0,22.4,4.6,10.0,0.1,1567.0,101.3907,99.9,6.8773234176,191.14309692382807,221.9105529785156,184.41781616210935,4.829114437103272,334.66899897430784,29.020655738273604,21.380655871788008,5.645655738273604,15.735000133514404,18.536207264867326,ukraine
2022-05-12,107.4499969482422,6.720699787139893,1.05124831199646,23.530000686645508,7.738999843597412,106.70099639892578,34.70000076293945,7.53,37.05,297.81,2761.1,733200837.0,22.1,4.5,8.8,1.2,1643.0,101.3907,99.9,6.8773234176,191.14309692382807,221.9105529785156,184.41781616210935,4.829114437103272,334.66899897430784,32.873575630751105,25.134575787153693,9.343574944105598,15.791000843048096,18.52586154280038,ukraine
2022-05-13,111.5500030517578,6.785900115966797,1.0379581451416016,23.433000564575195,7.663000106811523,96.88099670410156,34.7140007019043,7.25,37.48,301.24,2821.2000000000003,625295908.0,20.0,7.3,7.3,4.4,1643.0,101.3907,99.9,6.8773234176,191.14309692382807,221.9105529785156,184.41781616210935,4.829114437103272,334.66899897430784,29.470777763649462,21.80777765683794,6.037777199074267,15.770000457763672,19.232759146854793,ukraine
2022-05-16,114.23999786376952,6.788000106811523,1.0400632619857788,20.024999618530277,7.955999851226807,92.86000061035156,35.5,7.75,39.24,314.92,2655.3,647170349.0,38.6,3.8,0.0,0.7,1643.0,101.44,100.2,6.1090225597,191.14309692382807,221.9105529785156,184.41781616210935,4.829114437103272,334.66899897430784,28.30489814099177,20.348898289764964,8.279898522461494,12.06899976730347,19.696551355822333,ukraine
2022-05-17,111.93000030517578,6.785099983215332,1.0438958406448364,20.075000762939453,8.303999900817871,94.1750030517578,35.709999084472656,8.07,39.65,318.26,2929.3,557329240.0,37.1,4.7,0.0,0.0,1643.0,101.44,100.2,6.1090225597,191.14309692382807,221.9105529785156,184.41781616210935,4.829114437103272,334.66899897430784,28.811506555547176,20.507506654729305,8.736505792607723,11.771000862121582,19.29827591468548,ukraine
2022-05-18,109.11000061035156,6.736199855804443,1.0547856092453003,21.165000915527344,8.368000030517578,94.53800201416016,33.04999923706055,8.26,40.05,321.48,3010.3,483729959.0,44.6,4.6,0.0,1.0,1643.0,101.44,100.2,6.1090225597,191.14309692382807,221.9105529785156,184.41781616210935,4.829114437103272,334.66899897430784,29.22427686183432,20.85627683131674,8.059275946306975,12.797000885009766,18.81206907075027,ukraine
2022-05-19,112.04000091552734,6.753399848937988,1.0472739934921265,21.790000915527344,8.307999610900879,91.02400207519533,32.400001525878906,8.53,40.45,324.63,2875.2000000000003,532214862.0,25.6,3.4,0.0,3.6,1732.0,101.44,100.2,6.1090225597,191.14309692382807,221.9105529785156,184.41781616210935,4.829114437103272,334.66899897430784,27.937619838847592,19.629620227946713,6.147618923320248,13.482001304626465,19.317241537159887,ukraine
2022-05-20,112.5500030517578,6.712100028991699,1.057898759841919,21.825000762939453,8.083000183105469,87.9020004272461,31.280000686645508,8.21,40.89,328.21,3052.5000000000005,628603442.0,20.4,1.4,0.0,3.7,1732.0,101.44,100.2,6.1090225597,191.14309692382807,221.9105529785156,184.41781616210935,4.829114437103272,334.66899897430784,27.253107211195164,19.170107028089696,5.428106448255711,13.742000579833984,19.40517293995824,ukraine
2022-05-23,113.41999816894533,6.691999912261963,1.056981921195984,22.600000381469727,8.744000434875488,83.28800201416016,30.299999237060547,7.97,42.5,341.14,2835.6000000000004,419617848.0,24.5,0.0,5.2,0.0,1732.0,101.44,100.2,6.1090225597,191.14309692382807,221.9105529785156,184.41781616210935,4.829114437103272,334.66899897430784,25.80020526165456,17.056204826779073,3.2002048801848346,13.855999946594238,19.555172098094022,ukraine
2022-05-24,113.55999755859376,6.649799823760986,1.0682048797607422,22.06999969482422,8.795999526977539,84.50700378417969,31.36000061035156,8.16,42.94,344.67,2997.7,418245739.0,22.9,1.5,0.1,0.0,1732.0,101.44,100.2,6.1090225597,191.14309692382807,221.9105529785156,184.41781616210935,4.829114437103272,334.66899897430784,26.455770811344273,17.659771284366734,4.385771116520054,13.27400016784668,19.579309923895476,ukraine
2022-05-25,114.02999877929688,6.652999877929688,1.0736525058746338,22.21999931335449,8.970999717712402,88.0780029296875,31.6299991607666,8.87,43.37,348.09,3014.9999999999995,439456865.0,20.1,5.0,0.0,0.0,1732.0,101.44,100.2,6.1090225597,191.14309692382807,221.9105529785156,184.41781616210935,4.829114437103272,334.66899897430784,27.714328414980724,18.74332869726832,5.494329101626235,13.248999595642086,19.660344617120153,ukraine
2022-05-26,117.4000015258789,6.691699981689453,1.0686614513397217,22.48500061035156,8.907999992370605,85.97100067138672,33.279998779296875,9.44,43.84,351.86,3021.4999999999995,424981275.0,40.2,4.7,2.4,0.5,1819.0,101.44,100.2,6.1090225597,191.14309692382807,221.9105529785156,184.41781616210935,4.829114437103272,334.66899897430784,26.92559342541992,18.017593433049313,4.44059281506836,13.577000617980953,20.2413795734274,ukraine
2022-05-27,119.43000030517578,6.737800121307373,1.0732953548431396,22.625,8.72700023651123,86.875,32.999000549316406,9.19,44.35,355.96,2871.1,421478253.0,20.7,3.3,4.6,0.0,1819.0,101.44,100.2,6.1090225597,191.14309692382807,221.9105529785156,184.41781616210935,4.829114437103272,334.66899897430784,27.32670229005778,18.59970205354655,4.701702290057781,13.89799976348877,20.59137936296134,ukraine
2022-05-30,119.43000030517578,6.6975998878479,1.073145627975464,22.625,8.72700023651123,86.875,32.999000549316406,8.3,45.85,367.98,2600.3,419246672.0,41.0,4.7,1.8,0.0,1819.0,101.44,100.2,6.1090225597,191.14309692382807,221.9105529785156,184.41781616210935,4.829114437103272,334.66899897430784,27.32289015994902,18.595889923437788,4.697890159949019,13.89799976348877,20.59137936296134,ukraine
2022-05-31,122.83999633789062,6.660299777984619,1.0773539543151855,24.075000762939453,8.145000457763672,94.00399780273438,32.95000076293945,8.3,46.15,370.46,2945.4000000000005,435600820.0,45.8,3.2,0.0,0.3,1819.0,101.44,100.2,6.1090225597,191.14309692382807,221.9105529785156,184.41781616210935,4.829114437103272,334.66899897430784,29.680956453783224,21.535955996019553,5.605955690843771,15.930000305175781,21.17930971342942,ukraine
2022-06-01,116.29000091552734,6.67170000076294,1.0734105110168457,24.01499938964844,8.696000099182129,85.5510025024414,33.80500030517578,8.46,46.43,372.65,2971.4,401855293.0,53.6,4.8,4.2,0.7,1819.0,101.44,100.2,6.1090225597,191.14309692382807,221.9105529785156,184.41781616210935,4.829114437103272,334.66899897430784,26.913123527800465,18.217123428618336,2.898124138152024,15.318999290466312,20.050000157849542,ukraine
2022-06-02,117.61000061035156,6.685200214385986,1.0654165744781494,24.01499938964844,8.484999656677246,83.94499969482422,34.0,8.47,46.78,375.5,2800.4,392815339.0,54.6,6.2,3.3,0.0,1901.0,101.44,100.2,6.1090225597,191.14309692382807,221.9105529785156,184.41781616210935,4.829114437103272,334.66899897430784,26.211232252905486,17.72623259622824,2.1962328632570447,15.529999732971195,20.277586312129582,ukraine
2022-06-03,119.72000122070312,6.659200191497803,1.0751069784164429,24.01499938964844,8.52299976348877,83.10099792480469,34.310001373291016,8.9,47.2,378.83,2966.9,394788163.0,40.2,7.1,0.0,0.0,1901.0,101.44,100.2,6.1090225597,191.14309692382807,221.9105529785156,184.41781616210935,4.829114437103272,334.66899897430784,26.183703711549896,17.660703948061126,2.168704321901455,15.491999626159672,20.641379520810883,ukraine
2022-06-06,119.51000213623048,6.659299850463867,1.0726046562194824,23.354999542236328,9.321999549865724,82.55799865722656,32.0,8.34,48.67,390.63,2591.1,395811268.0,14.2,6.3,0.0,0.0,1901.0,101.44,100.2,6.1090225597,191.14309692382807,221.9105529785156,184.41781616210935,4.829114437103272,328.47521370860727,25.952069307795984,16.630069757930258,2.597069765559656,14.032999992370604,20.605172782108706,ukraine
2022-06-07,120.56999969482422,6.652900218963623,1.0691413879394531,22.8700008392334,9.29300022125244,79.60800170898438,31.799999237060547,9.08,49.12,394.32,2526.5,395073032.0,28.1,4.6,0.6,0.0,1901.0,101.44,100.2,6.1090225597,191.14309692382807,221.9105529785156,184.41781616210935,4.829114437103272,328.47521370860727,24.943938243515774,15.650938022263334,2.0739374042823755,13.577000617980959,20.787930981866246,ukraine
2022-06-08,123.58000183105467,6.669700145721436,1.0698620080947876,22.774999618530277,8.699000358581543,79.40699768066406,31.524999618530277,9.28,49.47,397.12,2602.7,395569866.0,19.2,2.5,0.0,0.0,1901.0,101.44,100.2,6.1090225597,191.14309692382807,221.9105529785156,184.41781616210935,4.829114437103272,328.47521370860727,24.897726938347606,16.198726579766063,2.1227273198173293,14.075999259948734,21.30689686742322,ukraine
2022-06-09,123.06999969482422,6.682700157165527,1.071765422821045,23.15999984741211,8.963000297546387,84.87999725341797,31.6299991607666,9.43,49.71,399.01,2761.8,395248310.0,23.8,3.4,1.1,0.0,2003.0,101.44,100.2,6.1090225597,191.14309692382807,221.9105529785156,184.41781616210935,4.829114437103272,328.47521370860727,26.661111837544368,17.69811153999798,3.5011119901322587,14.196999549865723,21.218965464624866,ukraine
2022-06-10,122.01000213623048,6.690800189971924,1.0619205236434937,23.165000915527344,8.850000381469727,82.46399688720703,32.279998779296875,8.16,49.9,400.52,2619.6000000000004,396403072.0,38.1,2.0,0.5,0.0,2003.0,101.44,100.2,6.1090225597,142.25848388671875,166.424560546875,140.13734436035156,3.1916699409484863,328.47521370860727,25.66430766504256,16.814307283572834,2.499306749515217,14.315000534057617,21.036207264867326,ukraine
2022-06-13,122.2699966430664,6.707900047302246,1.0489987134933472,23.03499984741211,8.609000205993652,83.4020004272461,31.71999931335449,8.78,51.21,411.03,2546.9,396846361.0,16.8,3.1,2.6,0.0,2003.0,101.44,100.2,6.1090225597,142.25848388671875,166.424560546875,140.13734436035156,3.1916699409484863,328.47521370860727,25.64038730853738,17.03138710254373,2.6053874611252716,14.425999641418457,21.081033903976966,ukraine
2022-06-14,121.16999816894533,6.753499984741211,1.0415147542953491,23.174999237060547,7.189000129699707,97.04000091552734,32.689998626708984,9.0,51.65,414.6,2922.0,393842898.0,25.3,2.7,1.6,0.0,2003.0,101.44,100.2,6.1090225597,142.25848388671875,166.424560546875,140.13734436035156,3.1916699409484863,328.47521370860727,29.620294803365606,22.4312946736659,6.4452955663050595,15.98599910736084,20.891378994645745,ukraine
2022-06-15,118.51000213623048,6.739500045776367,1.0440592765808103,23.395000457763672,7.420000076293945,120.33200073242188,33.90999984741211,7.68,51.99,417.31,3007.9000000000005,398479303.0,32.6,1.3,0.0,0.0,2003.0,101.3335,102.5,5.7874762796,142.25848388671875,166.424560546875,140.13734436035156,3.1916699409484863,328.47521370860727,36.81963273318619,29.399632656892244,13.424632275422518,15.975000381469727,20.432758989005258,ukraine
2022-06-16,119.80999755859376,6.712299823760986,1.0456204414367676,34.650001525878906,7.464000225067139,124.36399841308594,32.2400016784668,7.72,52.31,419.89,3315.7,396184182.0,34.9,1.6,0.0,0.0,2095.0,101.3335,102.5,5.7874762796,142.25848388671875,166.424560546875,140.13734436035156,3.1916699409484863,328.47521370860727,38.110258934138805,30.646258709071667,3.460257408259899,27.186001300811768,20.656896130792028,ukraine
2022-06-17,113.12000274658205,6.703400135040283,1.0546854734420776,33.95500183105469,6.943999767303467,117.73799896240234,31.989999771118164,7.88,52.66,422.66,3234.3,395826355.0,33.0,2.6,2.0,0.0,2095.0,101.3335,102.5,5.7874762796,142.25848388671875,166.424560546875,140.13734436035156,3.1916699409484863,328.47521370860727,36.39257392070201,29.448574153398546,2.4375720896473254,27.01100206375122,19.503448749410698,ukraine
2022-06-20,113.12000274658205,6.715700149536133,1.049141764640808,33.95500183105469,6.943999767303467,117.73799896240234,31.989999771118164,7.37,53.89,432.76,2454.1000000000004,399625602.0,8.8,1.4,0.0,0.2,2095.0,101.3335,102.5,5.7874762796,142.25848388671875,166.424560546875,140.13734436035156,3.1916699409484863,328.47521370860727,36.20128482321723,29.257285055913762,2.2462829921625413,27.01100206375122,19.503448749410698,ukraine
2022-06-21,114.6500015258789,6.691400051116943,1.0520778894424438,37.32500076293945,6.808000087738037,125.55999755859376,32.900001525878906,7.37,54.21,435.33,2912.0,391904959.0,13.2,0.3,0.0,0.0,2095.0,101.3335,102.5,5.7874762796,142.25848388671875,166.424560546875,140.13734436035156,3.1916699409484863,328.47521370860727,38.714383709297906,31.90638362155987,1.3893829463584524,30.517000675201416,19.767241642392914,ukraine
2022-06-22,111.73999786376952,6.688399791717529,1.053263545036316,37.11000061035156,6.857999801635742,127.1709976196289,32.0099983215332,6.6,54.55,438.01,3177.2,394369071.0,31.7,0.0,0.0,0.0,2095.0,101.3335,102.5,5.7874762796,142.25848388671875,166.424560546875,140.13734436035156,3.1916699409484863,328.47521370860727,39.255298955686236,32.39729915405049,2.1452983453346732,30.25200080871582,19.26551687306371,ukraine
2022-06-23,110.0500030517578,6.701099872589111,1.0564124584197998,37.130001068115234,6.238999843597412,133.3470001220703,33.0,6.76,54.86,440.44,2914.2,394571414.0,24.2,0.0,0.0,0.0,2169.0,101.3335,102.5,5.7874762796,142.25848388671875,166.424560546875,140.13734436035156,3.1916699409484863,328.47521370860727,41.284775015638765,35.04577517204135,4.15477394752353,30.891001224517822,18.974138457199622,ukraine
2022-06-24,113.12000274658205,6.697299957275391,1.052011489868164,37.095001220703125,6.21999979019165,128.5050048828125,32.599998474121094,6.54,55.16,442.85,2997.3,393982560.0,20.5,4.0,0.0,0.0,2169.0,101.3335,102.5,5.7874762796,142.25848388671875,166.424560546875,140.13734436035156,3.1916699409484863,328.47521370860727,39.61992815133121,33.39992836113956,2.5249269306280837,30.875001430511475,19.503448749410698,ukraine
2022-06-27,115.08999633789062,6.688799858093262,1.0566133260726929,37.09000015258789,6.500999927520752,129.45899963378906,33.11000061035156,5.8,56.45,453.24,2534.1,394442463.0,13.2,1.0,0.0,0.0,2169.0,101.3335,102.5,5.7874762796,142.25848388671875,166.424560546875,140.13734436035156,3.1916699409484863,328.47521370860727,40.08865527003622,33.58765534251547,2.9986551174483296,30.58900022506714,19.843102816877696,ukraine
2022-06-28,117.9800033569336,6.690700054168701,1.0580891370773315,37.0,6.551000118255615,129.17599487304688,34.15999984741211,6.09,56.75,455.64,2738.7000000000003,395730449.0,31.5,0.0,0.0,0.0,2169.0,101.3335,102.5,5.7874762796,142.25848388671875,166.424560546875,140.13734436035156,3.1916699409484863,328.47521370860727,40.056890088427785,33.50588997017217,3.056890088427785,30.448999881744385,20.341379889126483,ukraine
2022-06-29,116.26000213623048,6.707300186157227,1.0523545742034912,37.15999984741211,6.498000144958496,139.58799743652344,34.849998474121094,6.66,57.07,458.18,2939.6,393010723.0,30.5,0.0,0.0,0.0,2169.0,101.3335,102.5,5.7874762796,142.25848388671875,166.424560546875,140.13734436035156,3.1916699409484863,328.47521370860727,43.05100834263267,36.553008197674174,5.891008495220561,30.661999702453613,20.044827954522496,ukraine
2022-06-30,114.80999755859376,6.69980001449585,1.04465913772583,38.65999984741211,5.423999786376953,144.51400756835938,35.060001373291016,6.69,57.37,460.63,2690.9,397554355.0,22.2,0.0,0.0,0.0,2251.0,101.3335,102.5,5.7874762796,142.25848388671875,166.424560546875,140.13734436035156,3.1916699409484863,328.47521370860727,44.244338900416274,38.82033911403932,5.5843390530041646,33.236000061035156,19.79482716527479,ukraine
2022-07-01,111.62999725341795,6.698200225830078,1.0477677583694458,38.67499923706055,5.730000019073486,147.78399658203125,34.38999938964844,6.54,57.68,463.09,2800.3,400324504.0,19.6,0.8,0.0,0.0,2251.0,101.3335,102.5,5.7874762796,142.25848388671875,166.424560546875,140.13734436035156,3.1916699409484863,328.47521370860727,45.38011535916836,39.65011534009487,6.70511612210781,32.94499921798706,19.246551250589302,ukraine
2022-07-04,111.62999725341795,6.700500011444092,1.0433948040008545,38.67499923706055,5.730000019073486,147.78399658203125,34.38999938964844,5.75,59.02,473.98,2646.0,393775107.0,31.9,0.0,0.0,0.0,2251.0,101.3335,102.5,5.7874762796,142.25848388671875,166.424560546875,140.13734436035156,3.1916699409484863,328.47521370860727,45.190717305905224,39.46071728683174,6.515718068844677,32.94499921798706,19.246551250589302,ukraine
2022-07-05,102.7699966430664,6.698599815368652,1.0433186292648315,40.095001220703125,5.5229997634887695,165.072998046875,32.439998626708984,5.75,59.4,477.03,2872.1,394724041.0,34.0,0.5,0.0,0.0,2251.0,101.3335,102.5,5.7874762796,142.25848388671875,166.424560546875,140.13734436035156,3.1916699409484863,328.47521370860727,50.47381820526176,44.95081844177299,10.378816984558632,34.572001457214355,17.718964938459727,ukraine
2022-07-06,100.69000244140624,6.718800067901611,1.0257673263549805,38.61000061035156,5.510000228881836,170.99899291992188,32.79100036621094,5.72,59.79,480.13,2876.5999999999995,394512378.0,34.3,2.2,0.0,0.0,2251.0,101.3335,102.5,5.7874762796,142.25848388671875,166.424560546875,140.13734436035156,3.1916699409484863,332.6282528747705,51.40620835512684,45.89620812624501,12.79620774477528,33.10000038146973,17.360345248518318,ukraine
2022-07-07,104.6500015258789,6.706500053405762,1.0186411142349243,39.56999969482422,6.296999931335449,183.18299865722656,33.0,5.65,60.19,483.35,2877.7000000000003,395869045.0,29.8,1.0,0.0,0.0,2311.0,101.3335,102.5,5.7874762796,142.25848388671875,166.424560546875,140.13734436035156,3.1916699409484863,332.6282528747705,54.68642372853749,48.38942379720204,15.116424033713272,33.27299976348877,18.043103711358434,ukraine
2022-07-08,107.0199966430664,6.700500011444092,1.0169836282730105,39.3849983215332,6.033999919891357,175.21200561523438,32.349998474121094,5.83,60.57,486.42,2874.8,394763447.0,22.6,2.0,0.0,0.0,2311.0,101.3335,102.5,5.7874762796,142.25848388671875,166.424560546875,140.13734436035156,3.1916699409484863,332.6282528747705,52.221696995894696,46.18769707600334,12.836698674361493,33.350998401641846,18.451723559149382,ukraine
2022-07-11,107.0999984741211,6.694300174713135,1.0166114568710327,38.84000015258789,6.426000118255615,164.52000427246094,32.86000061035156,6.4,62.03,498.18,2919.7,395329181.0,37.5,2.1,0.0,0.0,2311.0,101.3335,102.5,5.7874762796,130.7073211669922,160.72695922851562,114.81468963623048,3.025665283203125,332.6282528747705,49.017016074327266,42.59101595607165,10.177015921739375,32.414000034332275,18.46551697829674,ukraine
2022-07-12,99.48999786376952,6.717199802398682,1.004752516746521,38.630001068115234,6.163000106811523,172.60899353027344,33.52000045776367,6.82,62.27,500.13,3145.5,397240938.0,50.5,1.6,0.0,0.0,2311.0,101.3335,102.5,5.7874762796,130.7073211669922,160.72695922851562,114.81468963623048,3.025665283203125,332.6282528747705,50.82714093285334,44.664140826041816,12.197139864738105,32.46700096130371,17.153447907546468,ukraine
2022-07-13,99.56999969482422,6.723299980163574,1.0033109188079834,39.20500183105469,6.689000129699707,180.5050048828125,32.4900016784668,6.81,62.52,502.14,3462.7,396419993.0,30.5,1.5,0.0,0.0,2311.0,101.3335,102.5,5.7874762796,130.7073211669922,160.72695922851562,114.81468963623048,3.025665283203125,332.6282528747705,53.07597059276998,46.38697046307027,13.87096876171529,32.51600170135498,17.16724132669383,ukraine
2022-07-14,99.0999984741211,6.717599868774414,1.0032706260681152,39.21500015258789,6.599999904632568,175.0330047607422,32.80500030517578,6.68,62.81,504.41,3522.3,390916205.0,39.4,1.1,0.0,0.0,2369.0,101.3335,102.5,5.7874762796,130.7073211669922,160.72695922851562,114.81468963623048,3.025665283203125,332.6282528747705,51.46490831820887,44.8649084135763,12.24990816562098,32.61500024795532,17.086206633469153,ukraine
2022-07-15,101.16000366210938,6.755199909210205,1.0025665760040283,39.08100128173828,7.015999794006348,159.56700134277344,33.5,6.9,63.12,507.0,3514.3,395613653.0,37.1,1.5,0.0,0.0,2369.0,101.3335,102.5,5.7874762796,130.7073211669922,160.72695922851562,114.81468963623048,3.025665283203125,332.6282528747705,46.88451885897254,39.86851906496619,7.80351757723426,32.065001487731934,17.441379941742998,ukraine
2022-07-18,106.2699966430664,6.756499767303467,1.009631872177124,36.595001220703125,7.479000091552734,157.25799560546875,32.93000030517578,6.6,64.32,516.63,3197.4,391416263.0,28.9,0.0,0.0,0.0,2369.0,101.018,102.1,5.9154929542,130.7073211669922,160.72695922851562,114.81468963623048,3.025665283203125,332.6282528747705,46.53170283692092,39.05270274536819,9.936701616217796,29.11600112915039,18.322413214321795,ukraine
2022-07-19,107.3499984741211,6.742300033569336,1.0145177841186523,37.48500061035156,7.263999938964844,154.45700073242188,32.599998474121094,7.65,64.61,518.97,3473.3,392655795.0,28.3,1.9,0.0,0.0,2369.0,101.018,102.1,5.9154929542,130.7073211669922,160.72695922851562,114.81468963623048,3.025665283203125,332.6282528747705,45.92407525033255,38.660075311367706,8.439074639980987,30.22100067138672,18.5086204265726,ukraine
2022-07-20,106.91999816894533,6.74370002746582,1.0231330394744873,38.16999816894531,8.006999969482422,155.03799438476562,30.770000457763672,7.35,64.83,520.73,3339.1000000000004,394223840.0,31.3,1.8,0.0,0.0,2369.0,101.018,102.1,5.9154929542,130.7073211669922,160.72695922851562,114.81468963623048,3.025665283203125,332.6282528747705,46.48827258814519,38.48127261866277,8.31827441919988,30.16299819946289,18.43448244292161,ukraine
2022-07-21,103.86000061035156,6.754899978637695,1.0182781219482422,38.095001220703125,7.932000160217285,155.60000610351562,30.559999465942383,7.58,65.06,522.56,3390.7,395279734.0,34.0,1.3,0.0,0.0,2401.0,101.018,102.1,5.9154929542,130.7073211669922,160.72695922851562,114.81468963623048,3.025665283203125,332.6282528747705,46.43539889635915,38.50339873614187,8.340397675656028,30.16300106048584,17.906896656957166,ukraine
2022-07-22,103.1999969482422,6.765600204467773,1.0221081972122192,38.9900016784668,8.298999786376953,159.86399841308594,29.81999969482422,7.99,65.33,524.7,3497.0,394226918.0,17.5,0.7,0.0,0.0,2401.0,101.018,102.1,5.9154929542,130.7073211669922,160.72695922851562,114.81468963623048,3.025665283203125,332.6282528747705,47.887338508131656,39.5883387217547,8.897336829664859,30.691001892089844,17.793102922110727,ukraine
2022-07-25,105.1500015258789,6.750500202178955,1.0200231075286863,39.38999938964844,8.72700023651123,176.61599731445312,29.93000030517578,8.25,66.62,535.09,3242.5000000000005,394892641.0,39.9,0.0,0.0,0.0,2401.0,101.018,102.1,5.9154929542,130.7073211669922,160.72695922851562,114.81468963623048,3.025665283203125,332.6282528747705,52.797481469097576,44.070481232586346,13.407482079449139,30.662999153137207,18.129310607910156,ukraine
2022-07-26,104.4000015258789,6.749499797821045,1.022494912147522,40.209999084472656,8.993000030517578,199.91799926757807,30.1299991607666,8.52,67.02,538.34,3415.0,392101203.0,26.2,0.0,0.0,0.0,2401.0,101.018,102.1,5.9154929542,130.7073211669922,160.72695922851562,114.81468963623048,3.025665283203125,332.6282528747705,59.90819166206855,50.915191631550975,19.698192577595897,31.216999053955078,18.00000026308257,ukraine
2022-07-27,106.62000274658205,6.76230001449585,1.0129557847976685,43.130001068115234,8.687000274658203,205.2250061035156,30.040000915527344,9.46,67.41,541.44,3383.4,388517340.0,25.5,1.5,0.0,0.0,2401.0,101.018,102.1,5.9154929542,130.7073211669922,160.72695922851562,114.81468963623048,3.025665283203125,332.6282528747705,60.924773636982344,52.23777336232414,17.79477256886711,34.44300079345703,18.382759094238285,ukraine
2022-07-28,107.13999938964844,6.757400035858154,1.0209290981292725,41.540000915527344,8.133999824523926,198.92999267578125,31.143999099731445,8.65,67.78,544.43,3445.0,393788067.0,19.3,0.0,0.0,0.0,2416.0,101.018,102.1,5.9154929542,130.7073211669922,160.72695922851562,114.81468963623048,3.025665283203125,332.6282528747705,59.52083385011991,51.38683402559598,17.980832934592563,33.40600109100342,18.47241368787042,ukraine
2022-07-29,110.01000213623048,6.745800018310547,1.0192328691482544,42.22499847412109,8.229000091552734,190.9149932861328,30.920000076293945,8.75,68.14,547.32,3503.2000000000003,391724677.0,34.4,0.0,0.0,0.0,2416.0,101.018,102.1,5.9154929542,130.7073211669922,160.72695922851562,114.81468963623048,3.025665283203125,332.6282528747705,57.02779967130448,48.798799579751744,14.802801197183392,33.99599838256835,18.967241747625945,ukraine
2022-08-01,100.02999877929688,6.743199825286865,1.0208247900009155,44.83000183105469,8.282999992370605,200.79400634765625,31.899999618530277,8.33,69.44,557.78,2839.0,392234782.0,29.7,2.5,0.0,0.0,2416.0,101.018,102.1,5.9154929542,130.7073211669922,160.72695922851562,114.81468963623048,3.025665283203125,332.6282528747705,60.072417709498644,51.78941771712804,15.242415878443957,36.54700183868408,17.246551513671875,ukraine
2022-08-02,100.54000091552734,6.7677001953125,1.0261356830596924,45.27999877929688,7.705999851226807,205.1739959716797,32.13999938964844,8.2,70.52,561.36,3124.0999999999995,386581240.0,16.9,1.6,0.0,0.0,2416.0,101.018,102.1,5.9154929542,130.7073211669922,160.72695922851562,114.81468963623048,3.025665283203125,332.6282528747705,61.70214542852465,53.996145577297845,16.42214664922777,37.573998928070075,17.334482916470233,ukraine
2022-08-03,96.77999877929688,6.751800060272217,1.015568733215332,45.95000076293945,8.265999794006348,199.19500732421875,33.150001525878906,8.01,70.94,564.71,3092.1,382710394.0,30.1,0.0,0.0,0.0,2416.0,101.018,102.1,5.9154929542,130.7073211669922,160.72695922851562,114.81468963623048,3.025665283203125,332.6282528747705,59.28719843003969,51.02119863603334,13.337197667100234,37.684000968933105,16.68620668608567,ukraine
2022-08-04,94.12000274658205,6.756999969482422,1.015764594078064,44.60499954223633,8.121999740600586,199.2480010986328,33.349998474121094,7.81,71.34,567.85,2969.5,385627345.0,15.3,0.0,0.0,0.0,2457.0,101.018,102.1,5.9154929542,130.7073211669922,160.72695922851562,114.81468963623048,3.025665283203125,332.6282528747705,59.314408247263714,51.19240850666313,14.709408705027386,36.48299980163574,16.22758668044518,ukraine
2022-08-05,94.91999816894533,6.747799873352051,1.024779200553894,44.65999984741211,8.064000129699707,196.32000732421875,33.58000183105469,8.4,71.64,570.21,3012.6000000000004,386010117.0,27.1,0.0,0.0,0.0,2457.0,101.018,102.1,5.9154929542,130.7073211669922,160.72695922851562,114.81468963623048,3.025665283203125,403.9057916022767,58.96143187514215,50.89743174544244,14.301432027730037,36.5959997177124,16.36551692568023,ukraine
2022-08-08,96.6500015258789,6.760900020599365,1.0170871019363403,44.470001220703125,7.589000225067139,193.05499267578125,33.349998474121094,8.3,72.43,581.78,2488.9,382199220.0,31.6,0.0,0.0,0.0,2457.0,101.018,102.1,5.9154929542,130.7073211669922,160.72695922851562,114.81468963623048,3.025665283203125,403.9057916022767,57.54562914034939,49.95662891528225,13.075627919646266,36.881000995635986,16.663793366530847,ukraine
2022-08-09,96.30999755859376,6.749899864196777,1.0197629928588867,44.619998931884766,7.833000183105469,192.1840057373047,33.689998626708984,7.76,72.85,585.15,2798.1,379875806.0,24.2,0.0,0.0,0.0,2457.0,101.018,102.1,5.9154929542,130.7073211669922,160.72695922851562,114.81468963623048,3.025665283203125,403.9057916022767,57.436722077723445,49.603721894617976,12.81672314583868,36.7869987487793,16.605171992860996,ukraine
2022-08-10,97.4000015258789,6.751699924468994,1.0208144187927246,44.709999084472656,8.20199966430664,205.36700439453125,34.0,7.87,73.28,588.6,2712.3,381819503.0,22.7,1.4,0.0,0.0,2457.0,101.018,102.1,5.9154929542,117.17676544189452,141.24293518066406,97.83872985839844,2.6954803466796875,403.9057916022767,61.43991724554278,53.23791758123614,16.729918161070124,36.507999420166016,16.793103711358434,ukraine
2022-08-11,99.5999984741211,6.722799777984619,1.0300782918930054,45.334999084472656,8.87399959564209,208.1100006103516,34.31100082397461,7.86,73.74,592.28,2675.1,378807688.0,20.4,2.2,0.0,0.0,2501.0,101.018,102.1,5.9154929542,117.17676544189452,141.24293518066406,97.83872985839844,2.6954803466796875,403.9057916022767,62.82555638237683,53.95155678673474,17.490557297904175,36.460999488830566,17.17241353002088,ukraine
2022-08-12,98.1500015258789,6.743599891662598,1.0316723585128784,45.38999938964844,8.767999649047852,206.1080017089844,35.28200149536133,8.53,74.17,595.66,2935.3,379762016.0,18.8,1.9,0.0,0.0,2501.0,101.018,102.1,5.9154929542,117.17676544189452,141.24293518066406,97.83872985839844,2.6954803466796875,403.9057916022767,62.31746887041104,53.54946922136319,16.927469480762603,36.621999740600586,16.922414056186017,ukraine
2022-08-15,95.0999984741211,6.741799831390381,1.0256409645080566,45.44300079345703,8.727999687194824,220.1100006103516,35.939998626708984,8.73,75.56,607.01,2371.2,377559803.0,16.5,0.0,0.0,0.0,2501.0,101.223,100.3,2.5711662118,117.17676544189452,141.24293518066406,97.83872985839844,2.6954803466796875,403.9057916022767,66.16194919430913,57.433949507114306,20.7189484008521,36.71500110626221,16.39655146105536,ukraine
2022-08-16,92.33999633789062,6.771999835968018,1.0161981582641602,56.71500015258789,9.32900047302246,225.91400146484372,36.86000061035156,8.62,75.97,610.49,2453.2,377878463.0,17.8,0.0,0.0,0.0,2501.0,101.223,100.3,2.5711662118,117.17676544189452,141.24293518066406,97.83872985839844,2.6954803466796875,403.9057916022767,67.28135194179048,57.952351468768015,10.566351789202585,47.38599967956543,15.920689023774246,ukraine
2022-08-17,93.6500015258789,6.787399768829346,1.0170663595199585,56.81999969482422,9.244000434875488,225.8350067138672,38.47999954223633,9.28,76.37,613.76,2648.5,380337441.0,26.2,0.0,0.0,0.0,2501.0,101.223,100.3,2.5711662118,117.17676544189452,141.24293518066406,97.83872985839844,2.6954803466796875,403.9057916022767,67.31528839105027,58.071287956174785,10.495288696226055,47.57599925994873,16.1465519872205,ukraine
2022-08-18,96.58999633789062,6.779900074005127,1.0180189609527588,57.59999847412109,9.187999725341797,241.0039978027344,38.41999816894531,9.51,76.72,616.55,2630.9,376470493.0,26.5,0.0,0.0,0.0,2519.0,101.223,100.3,2.5711662118,117.17676544189452,141.24293518066406,97.83872985839844,2.6954803466796875,403.9057916022767,71.90403659539194,62.71603687005015,14.304038121270857,48.41199874877929,16.653447644463903,ukraine
2022-08-19,96.72000122070312,6.784599781036377,1.0089900493621826,57.02000045776367,9.336000442504885,244.5500030517578,38.900001525878906,9.42,77.04,619.68,2588.7,374805960.0,30.8,0.0,0.0,0.0,2519.0,101.223,100.3,2.5711662118,117.17676544189452,141.24293518066406,97.83872985839844,2.6954803466796875,403.9057916022767,72.3148873289827,62.978886886477824,15.294886871219035,47.68400001525879,16.675862279431573,ukraine
2022-08-22,96.4800033569336,6.815700054168701,1.0035223960876465,57.81999969482422,9.68000030517578,276.7479858398437,36.41999816894531,9.14,78.42,630.77,2441.0,373421906.0,24.8,0.0,0.0,0.0,2519.0,101.223,100.3,2.5711662118,117.17676544189452,141.24293518066406,97.83872985839844,2.6954803466796875,403.9057916022767,81.39255770936421,71.71255740418843,23.572558014539993,48.13999938964844,16.634483337402344,ukraine
2022-08-23,100.22000122070312,6.847899913787842,0.9939467906951904,56.33000183105469,9.192999839782717,269.04901123046875,35.310001373291016,9.85,78.76,633.52,2553.5,376565635.0,22.4,0.0,0.0,0.0,2519.0,101.223,100.3,2.5711662118,117.17676544189452,141.24293518066406,97.83872985839844,2.6954803466796875,403.9057916022767,78.3732206920697,69.18022085228698,22.043218861015006,47.13700199127197,17.27931055529364,ukraine
2022-08-24,101.22000122070312,6.833600044250488,0.9966909885406494,66.25499725341797,9.329999923706056,292.1499938964844,35.130001068115234,9.75,79.11,636.31,2777.1000000000004,379482015.0,14.1,0.0,0.0,0.0,2519.0,101.223,100.3,2.5711662118,117.17676544189452,141.24293518066406,97.83872985839844,2.6954803466796875,403.9057916022767,85.33743229141587,76.00743236770981,19.082435037997897,56.924997329711914,17.45172434839709,ukraine
2022-08-25,99.33999633789062,6.858500003814697,0.9969095587730408,69.95500183105469,9.375,321.4140014648437,34.790000915527344,9.27,79.42,639.31,2840.6000000000004,379112810.0,23.2,0.0,0.0,0.0,2579.0,101.223,100.3,2.5711662118,117.17676544189452,141.24293518066406,97.83872985839844,2.6954803466796875,403.9057916022767,93.90607958166864,84.53107958166864,23.951077750613948,60.58000183105469,17.127585575498383,ukraine
2022-08-26,100.98999786376952,6.848299980163574,0.9971283078193665,68.80000305175781,9.29599952697754,339.1960144042969,35.599998474121094,9.47,79.8,642.34,2776.6,380104646.0,24.9,0.6,0.0,0.0,2579.0,101.223,100.3,2.5711662118,117.17676544189452,141.24293518066406,97.83872985839844,2.6954803466796875,403.9057916022767,99.12311565821743,89.82711613123989,30.323112606459617,59.50400352478027,17.412068597201642,ukraine
2022-08-29,105.08999633789062,6.870800018310547,0.993867814540863,68.66500091552734,9.352999687194824,272.6029968261719,33.88999938964844,9.48,81.01,652.09,2537.8,379386371.0,15.8,0.0,0.0,0.0,2579.0,101.223,100.3,2.5711662118,117.17676544189452,141.24293518066406,97.83872985839844,2.6954803466796875,403.9057916022767,79.40217713602527,70.04917744883045,10.737176220497929,59.31200122833252,18.118964885843212,ukraine
2022-08-30,99.30999755859376,6.9070000648498535,1.0014019012451172,58.744998931884766,9.041999816894531,252.9369964599609,31.81999969482422,9.24,81.31,654.48,2748.6,383171638.0,38.4,0.0,0.0,0.0,2579.0,101.223,100.3,2.5711662118,117.17676544189452,141.24293518066406,97.83872985839844,2.6954803466796875,403.9057916022767,74.23247262721762,65.19047281032309,15.487473695332852,49.702999114990234,17.12241337217134,ukraine
2022-08-31,96.48999786376952,6.910799980163574,1.0025062561035156,53.95000076293945,9.126999855041504,239.9069976806641,31.71999931335449,9.1,81.62,656.99,3059.0,387175292.0,32.2,0.0,0.0,0.0,2579.0,101.223,100.3,2.5711662118,117.17676544189452,141.24293518066406,97.83872985839844,2.6954803466796875,403.9057916022767,70.48604865506027,61.35904880001877,16.53604789212082,44.82300090789795,16.636206528236123,ukraine
2022-09-01,92.36000061035156,6.888899803161621,1.003905177116394,59.15499877929688,9.26200008392334,243.0039978027344,31.75,8.93,81.92,659.4,3116.3,384389720.0,32.9,1.1,0.0,0.0,2640.0,101.223,100.3,2.5711662118,117.17676544189452,141.24293518066406,97.83872985839844,2.6954803466796875,403.9057916022767,71.49559263516325,62.23359255123991,12.340593855866366,49.89299869537354,15.924138036267511,ukraine
2022-09-02,93.0199966430664,6.9054999351501465,0.995232880115509,55.244998931884766,8.78600025177002,214.6649932861328,30.5,9.38,82.12,661.93,3031.9,401877039.0,37.0,1.6,0.0,0.0,2640.0,101.223,100.3,2.5711662118,117.17676544189452,141.24293518066406,97.83872985839844,2.6954803466796875,403.9057916022767,62.61221975890039,53.82621950713037,7.367220827015622,46.458998680114746,16.037930455701105,ukraine
2022-09-05,93.0199966430664,6.89900016784668,0.9909427762031556,55.244998931884766,8.78600025177002,214.6649932861328,30.5,9.18,83.41,672.3,2553.6,391243095.0,31.4,0.2,0.0,0.0,2640.0,101.223,100.3,2.5711662118,117.17676544189452,141.24293518066406,97.83872985839844,2.6954803466796875,327.9154084879612,62.342320186332394,53.556319934562374,7.097321254447628,46.458998680114746,16.037930455701105,ukraine
2022-09-06,92.83000183105467,6.93310022354126,0.9952229857444764,54.68999862670898,8.145000457763672,239.8419952392578,27.100000381469727,9.18,83.74,675.0,2796.0,397626960.0,28.9,0.0,0.0,0.0,2640.0,101.223,100.3,2.5711662118,117.17676544189452,141.24293518066406,97.83872985839844,2.6954803466796875,327.9154084879612,69.95500378323476,61.81000332547109,15.265005156525781,46.544998168945305,16.005172729492184,ukraine
2022-09-07,88.0,6.953100204467773,0.98979514837265,55.20000076293945,7.842000007629394,213.88299560546875,27.299999237060547,8.52,84.08,677.74,2701.3,389706560.0,38.1,0.0,0.0,0.0,2640.0,101.223,100.3,2.5711662118,117.17676544189452,141.24293518066406,97.83872985839844,2.6954803466796875,327.9154084879612,62.04327822706624,54.201278219436844,6.8432774641267855,47.35800075531006,15.172413793103448,ukraine
2022-09-08,89.1500015258789,6.9653000831604,0.9995701909065248,52.834999084472656,7.914999961853027,220.5410003662109,26.36000061035156,8.12,84.31,679.62,2951.1000000000004,398891031.0,45.6,0.0,0.0,0.0,2694.0,101.223,100.3,2.5711662118,117.17676544189452,141.24293518066406,97.83872985839844,2.6954803466796875,327.9154084879612,64.60643755495654,56.691437593103515,11.771438470483886,44.91999912261963,15.370689918254984,ukraine
2022-09-09,92.83999633789062,6.956500053405762,1.0012015104293823,53.900001525878906,7.995999813079834,207.09100341796875,25.850000381469727,8.27,84.66,682.45,3072.2,397354979.0,39.3,0.0,0.0,0.0,2694.0,101.223,100.3,2.5711662118,117.17676544189452,141.24293518066406,97.83872985839844,2.6954803466796875,327.9154084879612,60.765333608353316,52.76933379527348,6.86533208247441,45.90400171279907,16.00689592032597,ukraine
2022-09-12,94.0,6.92549991607666,1.0071406364440918,53.125,8.24899959564209,190.58799743652344,28.5,8.31,85.79,691.54,2426.4,395638305.0,20.1,0.2,0.0,0.0,2694.0,101.223,100.3,2.5711662118,132.86322021484375,159.38302612304688,111.15857696533205,2.415916681289673,327.9154084879612,56.25470145915031,48.00570186350822,3.1297014591503114,44.87600040435791,16.20689655172414,ukraine
2022-09-13,93.16999816894533,6.925000190734863,1.0129557847976685,53.03499984741211,8.284000396728516,198.61199951171875,27.799999237060547,8.2,86.07,693.74,2428.7000000000003,395700592.0,17.8,0.8,0.0,0.0,2694.0,101.223,100.3,2.5711662118,132.86322021484375,159.38302612304688,111.15857696533205,2.415916681289673,327.9154084879612,58.96158241913498,50.67758202240646,5.926582571722868,44.750999450683594,16.063792787749193,ukraine
2022-09-14,94.0999984741211,6.924099922180176,0.9982032775878906,53.07500076293945,9.11400032043457,217.8820037841797,28.450000762939453,8.49,86.35,695.86,2448.4999999999995,397325835.0,23.6,2.5,0.0,0.0,2694.0,101.223,100.3,2.5711662118,132.86322021484375,159.38302612304688,111.15857696533205,2.415916681289673,327.9154084879612,63.74021297625108,54.62621265581651,10.665212213311626,43.96100044250488,16.224137667951915,ukraine
2022-09-15,90.83999633789062,6.960999965667725,0.9984025359153748,53.507999420166016,8.324000358581543,214.2830047607422,28.540000915527344,8.7,86.61,697.95,2640.4999999999995,391469054.0,15.4,2.1,0.0,0.0,2771.0,101.0963,102.4,-1.8298261707,132.86322021484375,159.38302612304688,111.15857696533205,2.415916681289673,327.9154084879612,62.69985855114131,54.37585819255977,9.191859130975295,45.18399906158447,15.662068334119073,ukraine
2022-09-16,91.3499984741211,6.993000030517578,0.9988313317298888,42.15999984741211,7.763999938964844,187.79299926757807,28.73500061035156,8.6,86.9,700.31,2724.7,394198772.0,8.8,1.4,0.0,0.0,2771.0,101.0963,102.4,-1.8298261707,132.86322021484375,159.38302612304688,111.15857696533205,2.415916681289673,327.9154084879612,54.97240193778246,47.208401998817614,12.812402090370348,34.395999908447266,15.749999736917431,ukraine
2022-09-19,92.0,6.979000091552734,1.002234935760498,41.970001220703125,7.751999855041504,182.26199340820312,27.858999252319336,8.11,88.05,709.55,2680.8,392222964.0,28.8,2.4,0.0,0.0,2771.0,101.0963,102.4,-1.8298261707,132.86322021484375,159.38302612304688,111.15857696533205,2.415916681289673,327.9154084879612,53.53512378010597,45.783123925064466,11.565122559402845,34.21800136566162,15.862068965517242,ukraine
2022-09-20,90.62000274658205,7.0055999755859375,1.0029587745666504,43.28499984741211,7.717000007629394,194.25900268554688,28.030000686645508,7.96,88.29,711.47,2956.7,393512392.0,41.2,3.1,0.0,0.0,2771.0,101.0963,102.4,-1.8298261707,132.86322021484375,159.38302612304688,111.15857696533205,2.415916681289673,327.9154084879612,57.100169184744985,49.38316917711559,13.815169337332875,35.567999839782715,15.624138404583112,ukraine
2022-09-21,89.83000183105469,7.017199993133545,0.997078537940979,38.915000915527344,7.778999805450439,189.781005859375,27.38999938964844,8.01,88.51,713.23,3263.0,395406484.0,58.7,4.9,0.0,0.0,2771.0,101.0963,102.4,-1.8298261707,132.86322021484375,159.38302612304688,111.15857696533205,2.415916681289673,327.9154084879612,55.45685928808138,47.67785948263094,16.54185837255404,31.136001110076904,15.487931350181842,ukraine
2022-09-22,90.45999908447266,7.047900199890137,0.983071506023407,39.90999984741211,7.089000225067139,187.46800231933597,27.65999984741211,7.99,88.72,714.97,3490.3,391407199.0,58.8,5.4,0.0,0.0,2874.0,101.0963,102.4,-1.8298261707,132.86322021484375,159.38302612304688,111.15857696533205,2.415916681289673,327.9154084879612,54.011397941253634,46.922397716186495,14.101398093841524,32.82099962234497,15.59655156628839,ukraine
2022-09-23,86.1500015258789,7.076600074768066,0.9841550588607788,37.56999969482422,6.828000068664551,185.4949951171875,26.1299991607666,7.76,88.93,716.77,3385.9,390727226.0,54.5,6.5,0.0,0.0,2874.0,101.0963,102.4,-1.8298261707,132.86322021484375,159.38302612304688,111.15857696533205,2.415916681289673,327.9154084879612,53.50186036854746,46.67386029988291,15.931860673723243,30.741999626159668,14.85344853894464,ukraine
2022-09-26,84.05999755859375,7.127399921417236,0.968992292881012,37.68999862670898,6.902999877929688,173.83399963378906,27.56999969482422,6.75,89.82,723.98,2725.6,397919979.0,5.6,5.9,0.0,0.6,2874.0,101.0963,102.4,-1.8298261707,132.86322021484375,159.38302612304688,111.15857696533205,2.415916681289673,327.9154084879612,49.366030082535374,42.46303020460569,11.676031455826397,30.78699874877929,14.49310302734375,ukraine
2022-09-27,86.2699966430664,7.1479997634887695,0.9623712301254272,42.470001220703125,6.651000022888184,186.0989990234375,26.80599975585937,6.75,90.05,725.8,3034.2000000000003,393255627.0,18.3,6.3,1.7,0.6,2874.0,101.0963,102.4,-1.8298261707,132.86322021484375,159.38302612304688,111.15857696533205,2.415916681289673,327.9154084879612,52.487976054703566,45.83697603181538,10.01797483400044,35.81900119781494,14.874137352252829,ukraine
2022-09-28,89.31999969482422,7.176799774169922,0.959619164466858,41.20500183105469,6.868000030517578,207.1869964599609,25.76000022888184,6.83,90.26,727.47,2989.9,396533785.0,24.8,4.6,3.8,3.3,2874.0,101.0963,102.4,-1.8298261707,132.86322021484375,159.38302612304688,111.15857696533205,2.415916681289673,327.9154084879612,58.268597546204305,51.40059751568673,17.063595715149617,34.33700180053711,15.399999947383487,ukraine
2022-09-29,88.48999786376953,7.198999881744385,0.9708172082901,39.10499954223633,6.874000072479248,187.6649932861328,25.96999931335449,6.59,90.32,728.6,2717.4,396199977.0,36.2,4.7,1.6,1.0,2977.0,101.0963,102.4,-1.8298261707,132.86322021484375,159.38302612304688,111.15857696533205,2.415916681289673,327.9154084879612,53.394176345584825,46.52017627310558,14.289176803348496,32.23099946975708,15.256896183408541,ukraine
2022-09-30,87.95999908447266,7.123899936676025,0.9829555749893188,38.72499847412109,6.765999794006348,188.8000030517578,26.01300048828125,6.57,90.5,730.09,2937.2,396654338.0,29.6,6.3,1.5,0.4,2977.0,101.0963,102.4,-1.8298261707,132.86322021484375,159.38302612304688,111.15857696533205,2.415916681289673,327.9154084879612,54.38874593590115,47.6227461418948,15.663747461780062,31.95899868011474,15.16551708352977,ukraine
2022-10-03,88.86000061035156,7.114999771118164,0.9792688488960266,38.869998931884766,6.46999979019165,169.91200256347656,26.229999542236328,6.4,91.41,737.4,2818.3,389225968.0,6.8,8.2,6.3,0.0,2977.0,101.0963,102.4,-1.8298261707,132.86322021484375,159.38302612304688,111.15857696533205,2.415916681289673,327.9154084879612,48.7639813032157,42.29398151302405,9.893982371330935,32.399999141693115,15.320689760405442,ukraine
2022-10-04,91.8000030517578,7.1149001121521,0.983206868171692,38.19499969482422,6.836999893188477,161.9499969482422,26.71500015258789,5.64,91.68,739.62,3201.0,390451867.0,16.5,8.6,6.3,1.0,2977.0,101.0963,102.4,-1.8298261707,132.86322021484375,159.38302612304688,111.15857696533205,2.415916681289673,327.9154084879612,46.665831208536666,39.82883131534819,8.470831513712447,31.357999801635742,15.82758673306169,ukraine
2022-10-05,93.37000274658205,7.114999771118164,0.998432457447052,35.04999923706055,6.929999828338623,173.6929931640625,26.71999931335449,5.4,91.89,741.34,3300.0000000000005,383191719.0,31.8,7.3,5.5,0.7,2977.0,101.0963,102.4,-1.8298261707,132.86322021484375,159.38302612304688,111.15857696533205,2.415916681289673,327.9154084879612,50.8246209141855,43.89462108584688,15.774621677124955,28.119999408721924,16.098276335617594,ukraine
2022-10-06,94.41999816894533,7.114999771118164,0.9910998940467834,35.85499954223633,6.9720001220703125,175.71200561523438,27.209999084472656,5.84,92.15,743.36,3078.7000000000003,395179964.0,50.2,4.1,2.6,0.0,3106.0,101.0963,102.4,-1.8298261707,132.86322021484375,159.38302612304688,111.15857696533205,2.415916681289673,396.8037925829767,51.03780916023569,44.065809038165376,15.18280961799936,28.882999420166016,16.279310029128506,ukraine
2022-10-07,97.91999816894533,7.114999771118164,0.9789045453071594,34.459999084472656,6.748000144958496,156.20700073242188,27.209999084472656,6.91,92.38,745.28,2990.6000000000004,395136744.0,43.4,4.1,3.0,0.0,3106.0,101.0963,102.4,-1.8298261707,132.86322021484375,159.38302612304688,111.15857696533205,2.415916681289673,396.8037925829767,44.81402961946654,38.06602947450804,10.354030534993882,27.71199893951416,16.882758304990574,ukraine
2022-10-10,96.19000244140624,7.114999771118164,0.9735012650489808,34.2599983215332,6.434999942779541,154.1179962158203,26.40999984741211,6.25,93.23,752.12,2869.5,394749654.0,58.4,2.1,2.4,3.5,3106.0,101.0963,102.4,-1.8298261707,132.86322021484375,159.38302612304688,111.15857696533205,2.415916681289673,396.8037925829767,43.97066482703381,37.53566488425427,9.710666505500605,27.824998378753662,16.584483179552798,ukraine
2022-10-11,94.29000091552734,7.153600215911865,0.9710057377815248,34.78499984741211,6.5960001945495605,156.781005859375,26.249000549316406,6.25,93.43,753.7,3382.3,390955233.0,56.6,4.6,0.6,3.6,3106.0,101.0963,102.4,-1.8298261707,131.98587036132812,170.31179809570312,108.6280746459961,3.0220913887023926,396.8037925829767,44.6157708255265,38.01977063097694,9.830770978114394,28.18899965286255,16.25689670957368,ukraine
2022-10-12,92.4499969482422,7.164400100708008,0.9700167775154114,34.70500183105469,6.434999942779541,160.19000244140625,26.22100067138672,6.2,93.54,754.59,3473.4,390782815.0,54.1,4.1,6.9,5.7,3106.0,101.0963,102.4,-1.8298261707,131.98587036132812,170.31179809570312,108.6280746459961,3.0220913887023926,396.8037925829767,45.539453234157676,39.104453291378135,10.834451403102989,28.270001888275146,15.939654646248655,ukraine
2022-10-13,94.56999969482422,7.174099922180176,0.9707984328269958,34.834999084472656,6.741000175476074,153.8090057373047,27.399999618530277,6.6,93.63,755.35,3258.5999999999995,389630176.0,38.2,5.5,9.6,3.6,3231.0,101.0963,102.4,-1.8298261707,131.98587036132812,170.31179809570312,108.6280746459961,3.0220913887023926,396.8037925829767,43.760672693516035,37.01967251803996,8.925673609043379,28.093998908996582,16.30517236117659,ukraine
2022-10-14,91.62999725341795,7.16949987411499,0.975134015083313,34.77899932861328,6.453000068664551,141.9969940185547,26.944000244140625,6.25,93.7,756.03,3315.6,391433689.0,28.3,7.4,6.3,6.9,3231.0,101.0963,102.4,-1.8298261707,131.98587036132812,170.31179809570312,108.6280746459961,3.0220913887023926,396.8037925829767,40.58042721197677,34.12742714331222,5.801427883363488,28.32599925994873,15.798275388520338,ukraine
2022-10-17,91.62000274658205,7.190000057220459,0.973937451839447,30.920000076293945,5.999000072479248,127.97799682617188,26.732999801635746,6.1,94.41,761.77,2794.8,392335358.0,23.3,8.5,1.8,6.1,3231.0,101.2918,103.7,-1.4705882353,131.98587036132812,170.31179809570312,108.6280746459961,3.0220913887023926,396.8037925829767,36.52914713944875,30.530147066969505,5.609147063154808,24.921000003814697,15.79655219768656,ukraine
2022-10-18,90.02999877929688,7.195499897003174,0.9846396446228028,29.690000534057617,5.744999885559082,113.22200012207033,26.795000076293945,6.08,94.58,763.14,3095.9999999999995,380614331.0,24.9,5.6,8.4,4.6,3231.0,101.2918,103.7,-1.4705882353,131.98587036132812,170.31179809570312,108.6280746459961,3.0220913887023926,396.8037925829767,32.672419643882805,26.927419758323722,2.9824191098251873,23.945000648498535,15.522413582637393,ukraine
2022-10-19,92.41000366210938,7.2006001472473145,0.9863878488540648,30.315000534057617,5.461999893188477,112.51000213623048,26.698999404907227,6.16,94.71,764.12,2885.7000000000003,395664453.0,26.5,5.9,10.7,3.3,3231.0,101.2918,103.7,-1.4705882353,131.98587036132812,170.31179809570312,108.6280746459961,3.0220913887023926,396.8037925829767,32.52460302968888,27.062603136500407,2.209602495631266,24.85300064086914,15.932759252087823,ukraine
2022-10-20,92.37999725341795,7.22730016708374,0.9766482710838318,32.349998474121094,5.357999801635742,127.14700317382812,26.40900039672852,5.63,94.79,764.86,2712.5999999999995,384538940.0,37.6,4.6,11.1,1.9,3342.0,101.2918,103.7,-1.4705882353,131.98587036132812,170.31179809570312,108.6280746459961,3.0220913887023926,396.8037925829767,36.39296770449328,31.034967902857538,4.0429692303721865,26.99199867248535,15.927585733347923,ukraine
2022-10-21,93.5,7.215799808502197,0.9778899550437928,32.470001220703125,4.959000110626221,113.57599639892578,27.51000022888184,5.1,94.89,765.29,2786.0000000000005,391789506.0,45.6,3.9,8.8,4.7,3342.0,101.2918,103.7,-1.4705882353,131.98587036132812,170.31179809570312,108.6280746459961,3.0220913887023926,396.8037925829767,32.5499029971219,27.590902886495677,0.07990177641877239,27.511001110076904,16.120689655172413,ukraine
2022-10-24,93.26000213623048,7.242800235748291,0.9860085844993592,31.290000915527344,5.198999881744385,99.16999816894533,28.86000061035156,4.45,95.34,768.94,2517.3,343975764.0,25.4,8.3,13.2,10.1,3342.0,101.2918,103.7,-1.4705882353,131.98587036132812,170.31179809570312,108.6280746459961,3.0220913887023926,396.8037925829767,28.65722670211827,23.458226820373884,-2.632774213409075,26.09100103378296,16.079310713143187,ukraine
2022-10-25,93.5199966430664,7.261899948120117,0.9886503219604492,31.020000457763672,5.61299991607666,99.79399871826172,30.649999618530277,4.81,95.51,770.27,2728.4,314097036.0,42.5,5.9,12.2,7.7,3342.0,101.2918,103.7,-1.4705882353,131.98587036132812,170.31179809570312,108.6280746459961,3.0220913887023926,396.8037925829767,28.91480682578385,23.30180690970719,-2.105193631979823,25.40700054168701,16.12413735225283,ukraine
2022-10-26,95.69000244140624,7.303800106048584,0.9963731169700624,30.450000762939453,5.605999946594238,104.31999969482422,29.920000076293945,5.17,95.57,770.74,2897.9000000000005,322963449.0,26.9,3.4,6.1,6.5,3342.0,101.2918,103.7,-1.4705882353,131.98587036132812,170.31179809570312,108.6280746459961,3.0220913887023926,396.8037925829767,30.462303205099428,24.85630325850519,0.012302442159974447,24.844000816345215,16.498276283001076,ukraine
2022-10-27,96.95999908447266,7.171899795532227,1.009193778038025,30.489999771118164,5.185999870300293,107.38400268554688,32.0,5.28,95.6,771.04,2779.8,303587952.0,33.0,3.6,0.0,5.4,3394.0,101.2918,103.7,-1.4705882353,131.98587036132812,170.31179809570312,108.6280746459961,3.0220913887023926,396.8037925829767,31.760498505651135,26.574498635350842,1.2704987345329712,25.30399990081787,16.717241221460803,ukraine
2022-10-28,95.7699966430664,7.22790002822876,0.9967803955078124,30.15999984741211,5.684000015258789,112.24400329589844,32.61000061035156,5.3,95.69,771.75,2952.3,292065770.0,32.3,3.2,0.0,7.8,3394.0,101.2918,103.7,-1.4705882353,131.98587036132812,170.31179809570312,108.6280746459961,3.0220913887023926,396.8037925829767,32.78957545665355,27.105575441394762,2.629575609241442,24.47599983215332,16.51206838673559,ukraine
2022-10-31,94.83000183105467,7.251399993896484,0.9955002665519714,27.53499984741211,6.355000019073486,123.35199737548828,31.670000076293945,5.02,96.18,775.67,2897.1000000000004,299609144.0,36.4,3.1,8.7,7.7,3394.0,101.2918,103.7,-1.4705882353,131.98587036132812,170.31179809570312,108.6280746459961,3.0220913887023926,396.8037925829767,35.98824968114341,29.63324966206992,8.453249833731299,21.179999828338623,16.35000031569908,ukraine
2022-11-01,94.6500015258789,7.301799774169922,0.9886307716369628,27.540000915527344,5.714000225067139,116.19300079345705,30.51000022888184,5.02,96.29,776.63,2707.6,299980427.0,42.1,2.3,10.9,7.6,3394.0,101.2918,103.7,-1.4705882353,131.98587036132812,170.31179809570312,108.6280746459961,3.0220913887023926,396.8037925829767,33.66566906201084,27.951668836943703,6.125668146483498,21.826000690460205,16.31896578032395,ukraine
2022-11-02,96.16000366210938,7.276599884033203,0.9877909421920776,29.104999542236328,6.26800012588501,125.86299896240234,30.40399932861328,4.57,96.46,777.89,2881.7000000000003,345286892.0,36.6,2.1,8.9,6.7,3394.0,101.2918,103.7,-1.4705882353,131.98587036132812,170.31179809570312,108.6280746459961,3.0220913887023926,396.8037925829767,36.43646812035611,30.1684679944711,7.331468578119782,22.83699941635132,16.579310976225756,ukraine
2022-11-03,94.66999816894533,7.288700103759766,0.9814409017562866,27.815000534057617,5.974999904632568,125.44499969482422,30.5,4.58,96.52,778.36,3122.3,332092844.0,24.6,2.9,9.0,5.9,3501.0,101.2918,103.7,-1.4705882353,131.98587036132812,170.31179809570312,108.6280746459961,3.0220913887023926,396.8037925829767,36.08200531669433,30.10700541206176,8.267004782636711,21.84000062942505,16.322413477404368,ukraine
2022-11-04,98.56999969482422,7.30079984664917,0.9749630093574524,28.924999237060547,6.400000095367432,114.78600311279295,30.3700008392334,4.65,96.49,778.13,3238.4,325651920.0,27.8,3.1,8.0,5.5,3501.0,101.2918,103.7,-1.4705882353,131.98587036132812,170.31179809570312,108.6280746459961,3.0220913887023926,396.8037925829767,32.798216669586395,26.398216574218964,3.8732174325258484,22.524999141693115,16.99482753359038,ukraine
2022-11-07,97.91999816894533,7.175099849700928,0.9928810596466064,27.19499969482422,6.943999767303467,109.68299865722656,31.0049991607666,4.0,96.59,779.92,3058.3,297213030.0,57.3,6.0,5.8,9.2,3501.0,101.2918,103.7,-1.4705882353,131.98587036132812,170.31179809570312,108.6280746459961,3.0220913887023926,418.6188409032506,31.91609134795302,24.972091580649554,4.721091653128802,20.250999927520752,16.882758304990574,ukraine
2022-11-08,95.36000061035156,7.228799819946289,1.0018634796142578,27.8799991607666,6.138000011444092,118.14700317382812,30.3799991607666,4.62,96.61,780.08,3343.4,309624607.0,51.3,5.5,2.9,11.9,3501.0,101.2918,103.7,-1.4705882353,131.98587036132812,170.31179809570312,108.6280746459961,3.0220913887023926,418.6188409032506,34.690009116193416,28.552009104749324,6.810009955426814,21.74199914932251,16.441379415577856,ukraine
2022-11-09,92.6500015258789,7.248199939727783,1.008084774017334,27.729999542236328,5.864999771118164,113.1439971923828,29.020000457763672,4.0,96.62,780.27,3338.7000000000003,321955166.0,42.5,8.7,0.6,15.4,3501.0,101.2918,103.7,-1.4705882353,131.98587036132812,170.31179809570312,108.6280746459961,3.0220913887023926,418.6188409032506,33.42733323987324,27.562333468755078,5.697333697636914,21.864999771118164,15.974138194117053,ukraine
2022-11-10,93.66999816894533,7.240799903869629,1.0019538402557373,27.545000076293945,6.238999843597412,113.4520034790039,29.07999992370605,3.46,96.65,780.5,3639.3,343386358.0,42.2,9.1,1.5,12.5,3580.0,101.2918,103.7,-1.4705882353,143.16241455078125,185.2843017578125,112.6750259399414,3.385209560394287,418.6188409032506,33.31448022956128,27.07548038596387,5.769480153267338,21.306000232696533,16.14999968430092,ukraine
2022-11-11,95.98999786376952,7.1859002113342285,1.0192224979400637,27.225000381469727,5.879000186920166,97.85299682617188,30.26000022888184,4.8,96.68,780.78,3631.5,367443810.0,57.0,7.6,7.8,10.8,3580.0,101.2918,103.7,-1.4705882353,143.16241455078125,185.2843017578125,112.6750259399414,3.385209560394287,418.6188409032506,29.229157026409244,23.350156839489077,2.004156644939517,21.34600019454956,16.5499996316844,ukraine
2022-11-14,93.13999938964844,7.107100009918213,1.0328551530838013,27.229999542236328,5.933000087738037,113.7040023803711,29.770000457763672,4.8,96.86,782.29,3193.9999999999995,361931236.0,52.8,6.4,6.0,8.7,3580.0,101.2918,103.7,-1.4705882353,143.16241455078125,185.2843017578125,112.6750259399414,3.385209560394287,418.6188409032506,34.41821401959447,28.485213931856435,7.1882144773581444,21.29699945449829,16.058620584422144,ukraine
2022-11-15,93.86000061035156,7.07289981842041,1.0319278240203855,27.39699935913086,6.033999919891357,124.10399627685548,30.6299991607666,6.24,96.77,781.51,3488.0999999999995,377789649.0,52.7,5.6,0.6,6.9,3580.0,101.2529,102.6,-4.7531992643,143.16241455078125,185.2843017578125,112.6750259399414,3.385209560394287,418.6188409032506,37.532565143930064,31.498565224038707,10.135565784799205,21.362999439239502,16.182758725922685,ukraine
2022-11-16,92.86000061035156,7.043000221252441,1.0357863903045654,25.88500022888184,6.199999809265137,113.9000015258789,29.21999931335449,5.9,96.65,780.59,3195.2,439381877.0,54.2,7.4,6.9,4.9,3580.0,101.2529,102.6,-4.7531992643,143.16241455078125,185.2843017578125,112.6750259399414,3.385209560394287,418.6188409032506,34.575390059075715,28.37539024981058,8.690389830193876,19.685000419616703,16.010344932819237,ukraine
2022-11-17,89.77999877929688,7.087200164794922,1.039501070976257,26.315000534057617,6.36899995803833,112.55599975585938,28.8700008392334,5.88,96.62,780.35,3187.4,433016818.0,21.0,9.9,16.5,3.3,3644.0,101.2529,102.6,-4.7531992643,143.16241455078125,185.2843017578125,112.6750259399414,3.385209560394287,418.6188409032506,34.28994188134694,27.92094192330861,7.974941347289324,19.946000576019287,15.47931013436153,ukraine
2022-11-18,87.62000274658203,7.156199932098389,1.036172866821289,26.38500022888184,6.302999973297119,115.50900268554688,28.899999618530277,6.2,96.58,780.23,3226.9999999999995,435286172.0,28.2,10.1,17.6,8.8,3644.0,101.2529,102.6,-4.7531992643,143.16241455078125,185.2843017578125,112.6750259399414,3.385209560394287,418.6188409032506,35.07690026093627,28.77390028763915,8.69190003205443,20.08200025558472,15.106897025272765,ukraine
2022-11-21,87.44999694824219,7.118899822235107,1.0330898761749268,27.299999237060547,6.776000022888184,116.12799835205078,29.600000381469727,6.1,96.29,777.86,3266.3,421582099.0,51.4,8.0,16.8,11.2,3644.0,101.2529,102.6,-4.7531992643,143.16241455078125,185.2843017578125,112.6750259399414,3.385209560394287,418.6188409032506,35.15994637909413,28.383946356205946,7.859947142033583,20.523999214172363,15.077585680731412,ukraine
2022-11-22,88.36000061035156,7.1641998291015625,1.0245691537857056,29.21500015258789,6.77899980545044,119.63899993896484,29.43000030517578,6.23,96.09,776.24,3458.0,426899479.0,78.1,8.3,18.4,10.7,3644.0,101.2529,102.6,-4.7531992643,143.16241455078125,185.2843017578125,112.6750259399414,3.385209560394287,418.6188409032506,35.92420853987037,29.14520873441993,6.70920838728248,22.43600034713745,15.234482863853717,ukraine
2022-11-23,85.41000366210938,7.1392998695373535,1.0311086177825928,31.114999771118164,7.308000087738037,129.6199951171875,30.43000030517578,6.27,95.84,774.27,3214.5,429233582.0,56.1,10.3,20.6,9.3,3644.0,101.2529,102.6,-4.7531992643,143.16241455078125,185.2843017578125,112.6750259399414,3.385209560394287,418.6188409032506,39.16963958169056,31.861639493952524,8.054639810572397,23.806999683380127,14.725862700363686,ukraine
2022-11-24,85.41000366210938,7.165800094604492,1.04162335395813,31.114999771118164,7.308000087738037,129.6199951171875,30.43000030517578,6.57,95.63,772.92,3524.2,443363486.0,27.8,17.3,22.8,8.3,3564.0,101.2529,102.6,-4.7531992643,143.16241455078125,185.2843017578125,112.6750259399414,3.385209560394287,418.6188409032506,39.5690722109882,32.261072123250166,8.454072439870039,23.806999683380127,14.725862700363686,ukraine
2022-11-25,83.62999725341797,7.150300025939941,1.040810227394104,29.959999084472656,7.02400016784668,124.37000274658205,31.309999465942383,6.57,95.46,771.63,3664.6,417357205.0,17.4,18.9,23.7,7.8,3564.0,101.2529,102.6,-4.7531992643,143.16241455078125,185.2843017578125,112.6750259399414,3.385209560394287,418.6188409032506,37.936770132431676,30.912769964584996,7.976771047959019,22.935998916625977,14.418965043692754,ukraine
2022-11-28,83.19000244140625,7.170499801635742,1.0367528200149536,30.280000686645508,6.711999893188477,123.28199768066406,31.200000762939453,6.57,95.25,769.95,3581.9,411973914.0,44.1,10.6,13.8,10.8,3564.0,101.2529,102.6,-4.7531992643,143.16241455078125,185.2843017578125,112.6750259399414,3.385209560394287,418.6188409032506,37.45829853186137,30.74629863867289,7.178297845215859,23.56800079345703,14.343103869207974,ukraine
2022-11-29,83.02999877929688,7.207099914550781,1.034554123878479,30.5049991607666,7.235000133514404,132.28599548339844,32.58000183105469,6.0,94.95,767.57,3678.4,441254690.0,39.9,9.3,11.5,10.5,3564.0,101.2529,102.6,-4.7531992643,143.16241455078125,185.2843017578125,112.6750259399414,3.385209560394287,418.6188409032506,40.10885314164123,32.87385300812682,9.603853980874625,23.269999027252197,14.315517030913254,ukraine
2022-11-30,85.43000030517578,7.15939998626709,1.0324499607086182,33.310001373291016,6.929999828338623,146.39700317382812,34.189998626708984,6.03,94.56,764.36,3833.6,401435528.0,37.0,9.4,12.5,7.8,3564.0,101.2529,102.6,-4.7531992643,143.16241455078125,185.2843017578125,112.6750259399414,3.385209560394287,418.6188409032506,44.29700427728004,37.367004448941415,10.987002903989023,26.380001544952393,14.7293103974441,ukraine
2022-12-01,86.87999725341797,7.076200008392334,1.042535424232483,33.779998779296875,6.73799991607666,139.25799560546875,34.119998931884766,7.0,94.19,761.37,3953.7,399924782.0,32.4,10.6,13.1,16.3,3483.0,101.2529,102.6,-4.7531992643,143.16241455078125,185.2843017578125,112.6750259399414,3.385209560394287,418.6188409032506,42.548486734516345,35.810486818439685,8.76848795521947,27.041998863220215,14.97930987127896,ukraine
2022-12-02,85.56999969482422,7.043700218200684,1.052842140197754,31.76000022888184,6.281000137329102,135.56199645996094,34.91400146484375,6.33,93.69,757.35,3359.3,421054665.0,43.6,11.1,12.2,12.2,3483.0,101.2529,102.6,-4.7531992643,143.16241455078125,185.2843017578125,112.6750259399414,3.385209560394287,418.6188409032506,41.82870060501199,35.54770046768289,10.068700376130149,25.479000091552738,14.753448223245556,ukraine
2022-12-05,82.68000030517578,7.023900032043457,1.0544185638427734,33.185001373291016,5.577000141143799,134.69900512695312,34.834999084472656,4.92,92.64,748.88,3539.4,437613635.0,22.0,11.9,17.2,25.2,3483.0,101.2529,102.6,-4.7531992643,143.16241455078125,185.2843017578125,112.6750259399414,3.385209560394287,418.6188409032506,41.62464949767955,36.04764935653575,8.439648124388533,27.608001232147217,14.255172466409618,ukraine
2022-12-06,79.3499984741211,6.960899829864502,1.0496923923492432,32.845001220703125,5.468999862670898,138.48800659179688,35.32899856567383,4.15,92.22,745.44,3686.8,453909875.0,26.7,13.8,22.1,24.2,3483.0,101.2529,102.6,-4.7531992643,143.16241455078125,185.2843017578125,112.6750259399414,3.385209560394287,357.0866799532026,42.6037052849593,37.1347054222884,9.758704064256172,27.376001358032227,13.681034219676052,ukraine
2022-12-07,77.16999816894531,6.994900226593018,1.0469011068344116,33.349998474121094,5.7230000495910645,149.2449951171875,35.0099983215332,4.58,91.74,741.62,3707.9,436013328.0,41.1,15.2,14.3,19.9,3483.0,101.2529,102.6,-4.7531992643,143.16241455078125,185.2843017578125,112.6750259399414,3.385209560394287,357.0866799532026,45.790838177120506,40.06783812752944,12.440839702999412,27.62699842453003,13.30517209809402,ukraine
2022-12-08,76.1500015258789,6.972599983215332,1.051325798034668,34.29499816894531,5.961999893188477,138.89300537109375,35.3390007019043,4.49,91.23,737.5,3685.3,451274744.0,41.9,16.2,15.9,19.0,3462.0,101.2529,102.6,-4.7531992643,143.16241455078125,185.2843017578125,112.6750259399414,3.385209560394287,357.0866799532026,42.79478559297056,36.832785699782086,8.49978742402525,28.332998275756836,13.129310607910156,ukraine
2022-12-09,76.0999984741211,6.966300010681152,1.0559661388397217,33.3650016784668,6.244999885559082,139.11300659179688,34.93000030517578,4.79,90.7,733.19,3371.5,451635127.0,46.7,16.7,20.8,23.1,3462.0,101.2529,102.6,-4.7531992643,143.16241455078125,185.2843017578125,112.6750259399414,3.385209560394287,357.0866799532026,43.051757674985346,36.806757789426264,9.68675599651855,27.120001792907715,13.120689392089844,ukraine
2022-12-12,77.98999786376953,6.956600189208984,1.0522217750549316,32.92499923706055,6.586999893188477,136.58999633789062,35.79399871826172,4.98,89.17,720.84,3188.5,430781274.0,35.9,13.9,14.1,16.9,3462.0,101.2529,102.6,-4.7531992643,116.7162857055664,143.0465545654297,98.68260955810548,2.4630823135375977,357.0866799532026,42.1210643178187,35.53406442463022,9.196065080758153,26.33799934387207,13.446551355822333,ukraine
2022-12-13,80.68000030517578,6.976500034332275,1.0541739463806152,33.345001220703125,6.934999942779541,137.5290069580078,35.52199935913086,6.73,88.4,714.6,3217.4,482876979.0,20.1,15.8,14.5,17.1,3462.0,101.2529,102.6,-4.7531992643,116.7162857055664,143.0465545654297,98.68260955810548,2.4630823135375977,357.0866799532026,42.489316384066946,35.554316441287405,9.14431516336382,26.410001277923584,13.910344880202722,ukraine
2022-12-14,82.69999694824219,6.943399906158447,1.062665343284607,33.3849983215332,6.429999828338623,131.51100158691406,34.2599983215332,7.2,87.55,707.69,3205.7,465786631.0,32.0,19.2,15.8,17.3,3462.0,101.2529,102.6,-4.7531992643,116.7162857055664,143.0465545654297,98.68260955810548,2.4630823135375977,357.0866799532026,40.9573416234564,34.52734179511778,7.572343301923198,26.95499849319458,14.258620163490033,ukraine
2022-12-15,81.20999908447266,6.949900150299072,1.0676347017288208,33.44300079345703,6.96999979019165,134.76699829101562,34.066001892089844,6.54,86.79,701.59,3439.5,507182043.0,30.5,18.7,15.0,18.3,3412.0,101.2529,102.6,-4.7531992643,116.7162857055664,143.0465545654297,98.68260955810548,2.4630823135375977,357.0866799532026,42.16764963434002,35.19764984414837,8.724648840882992,26.47300100326538,14.001723980081493,ukraine
2022-12-16,79.04000091552734,6.9721999168396,1.064056158065796,35.57500076293945,6.599999904632568,115.45099639892578,33.61199951171875,6.8,86.06,695.68,3601.1,530521448.0,26.4,18.3,14.8,19.6,3412.0,100.9552,102.9,-5.7657657656,116.7162857055664,143.0465545654297,98.68260955810548,2.4630823135375977,357.0866799532026,36.00272663873962,29.40272673410705,0.42772587580016364,28.975000858306885,13.627586364746094,ukraine
2022-12-19,79.80000305175781,6.972099781036377,1.05850350856781,36.4900016784668,5.85099983215332,108.54299926757812,33.599998474121094,6.63,84.66,684.31,3312.1000000000004,428204607.0,25.6,21.9,14.2,26.3,3412.0,100.9552,102.9,-5.7657657656,116.7162857055664,143.0465545654297,98.68260955810548,2.4630823135375977,357.0866799532026,33.67187323943469,27.82087340728137,-2.818128439032108,30.639001846313477,13.758621215820312,ukraine
2022-12-20,79.98999786376953,6.978600025177002,1.0614584684371948,34.915000915527344,5.326000213623047,105.68800354003906,34.35100173950195,6.08,84.29,681.36,3247.6000000000004,448058748.0,36.9,19.0,15.0,25.2,3412.0,100.9552,102.9,-5.7657657656,116.7162857055664,143.0465545654297,98.68260955810548,2.4630823135375977,357.0866799532026,32.87773255780674,27.55173234418369,-2.037268357720606,29.589000701904297,13.79137894202923,ukraine
2022-12-21,82.19999694824219,6.9608001708984375,1.062699317932129,31.68000030517578,5.331999778747559,97.7519989013672,33.74100112915039,5.28,84.04,679.36,3190.7,400413180.0,22.4,19.1,18.6,25.5,3412.0,100.9552,102.9,-5.7657657656,116.7162857055664,143.0465545654297,98.68260955810548,2.4630823135375977,357.0866799532026,30.44452530054017,25.112525521792612,-1.2354750046356102,26.348000526428223,14.172413266938308,ukraine
2022-12-22,80.9800033569336,6.980599880218506,1.0610079765319824,31.63500022888184,4.999000072479248,91.93800354003906,34.32600021362305,6.13,83.93,678.77,3284.4000000000005,421481357.0,40.9,20.2,21.4,27.1,3325.0,100.9552,102.9,-5.7657657656,116.7162857055664,143.0465545654297,98.68260955810548,2.4630823135375977,357.0866799532026,28.58820420686346,23.58920413438421,-3.0467960220183805,26.63600015640259,13.962069544298895,ukraine
2022-12-23,83.91999816894531,6.982999801635742,1.060333013534546,28.1200008392334,5.078999996185303,82.97699737548828,34.20899963378906,7.1,83.88,678.36,3203.0,396021081.0,39.4,20.3,24.1,28.8,3325.0,100.9552,102.9,-5.7657657656,116.7162857055664,143.0465545654297,98.68260955810548,2.4630823135375977,357.0866799532026,25.78535748275264,20.706357486567338,-2.3346433564807576,23.041000843048096,14.468965201542296,ukraine
2022-12-26,83.91999816894531,6.988699913024902,1.0667804479599,28.1200008392334,5.078999996185303,82.97699737548828,34.20899963378906,7.15,84.17,680.75,2965.5,396560631.0,39.4,11.5,22.1,21.0,3325.0,100.9552,102.9,-5.7657657656,116.7162857055664,143.0465545654297,98.68260955810548,2.4630823135375977,357.0866799532026,25.942147283109964,20.86314728692466,-2.1778535561234342,23.041000843048096,14.468965201542296,ukraine
2022-12-27,84.33000183105469,6.96120023727417,1.064022183418274,28.184999465942383,5.2820000648498535,80.04299926757812,33.83000183105469,7.15,84.32,681.94,2994.8,399218615.0,35.6,10.0,20.0,29.1,3325.0,100.9552,102.9,-5.7657657656,116.7162857055664,143.0465545654297,98.68260955810548,2.4630823135375977,357.0866799532026,24.960150183766135,19.67815011891628,-3.2248492821762476,22.90299940109253,14.539655488112878,ukraine
2022-12-28,83.26000213623047,6.959000110626221,1.0637166500091553,28.51000022888184,4.709000110626221,81.35099792480469,33.37799835205078,4.88,84.3,681.79,3127.9,399245712.0,24.1,9.9,37.7,30.0,3325.0,100.9552,102.9,-5.7657657656,116.7162857055664,143.0465545654297,98.68260955810548,2.4630823135375977,357.0866799532026,25.360744573046528,20.651744462420307,-3.1492556558353115,23.80100011825562,14.355172782108703,ukraine
2022-12-29,82.26000213623047,6.97760009765625,1.062925100326538,28.82999992370605,4.559000015258789,83.83000183105469,32.47100067138672,4.06,84.34,682.06,3108.6,400092751.0,30.8,9.5,33.6,27.0,3112.0,100.9552,102.9,-5.7657657656,116.7162857055664,143.0465545654297,98.68260955810548,2.4630823135375977,357.0866799532026,26.114114047679074,21.555114032420285,-2.7158858760269773,24.270999908447262,14.182758989005254,ukraine
2022-12-30,85.91000366210938,6.963099956512451,1.066075325012207,29.51499938964844,4.474999904632568,76.31500244140625,31.62700080871582,3.78,84.4,682.6,3153.8,409061134.0,31.8,9.9,30.9,24.6,3112.0,100.9552,102.9,-5.7657657656,116.7162857055664,143.0465545654297,98.68260955810548,2.4630823135375977,357.0866799532026,23.843553028606546,19.368553123973978,-5.671446361041895,25.039999485015873,14.81206959691541,ukraine
2023-01-02,85.91000366210938,6.896900177001953,1.0709733963012695,29.51499938964844,4.474999904632568,76.31500244140625,31.62700080871582,3.52,84.91,686.62,2953.1,392188564.0,60.5,9.0,18.5,23.9,3112.0,100.9552,102.9,-5.7657657656,116.7162857055664,143.0465545654297,98.68260955810548,2.4630823135375977,357.0866799532026,23.953101969266363,19.478102064633795,-5.561897420382078,25.039999485015873,14.81206959691541,ukraine
2023-01-03,82.0999984741211,6.89709997177124,1.0677714347839355,29.34499931335449,3.98799991607666,72.31400299072266,31.82999992370605,3.52,84.89,686.57,3289.0,391024778.0,66.3,9.3,9.7,21.8,3112.0,100.9552,102.9,-5.7657657656,116.7162857055664,143.0465545654297,98.68260955810548,2.4630823135375977,357.0866799532026,22.62944273340887,18.64144281733221,-6.71555657994562,25.35699939727783,14.155172150710534,ukraine
2023-01-04,77.83999633789062,6.914100170135498,1.0546854734420776,29.5,4.171999931335449,65.02200317382812,29.81999969482422,3.64,84.81,685.86,3306.6000000000004,395727221.0,61.8,9.7,10.0,22.3,3112.0,100.9552,102.9,-5.7657657656,116.7162857055664,143.0465545654297,98.68260955810548,2.4630823135375977,357.0866799532026,20.098167777858233,15.926167846522784,-9.401832222141767,25.32800006866455,13.420689023774246,ukraine
2023-01-05,78.69000244140625,6.887800216674805,1.0606365203857422,28.850000381469727,3.7200000286102295,72.4219970703125,30.2189998626709,3.75,84.75,685.44,3292.0,353643477.0,60.4,4.9,18.4,19.9,2891.0,100.9552,102.9,-5.7657657656,116.7162857055664,143.0465545654297,98.68260955810548,2.4630823135375977,279.6470965638549,22.511800504094985,18.791800475484756,-6.338199877374741,25.130000352859497,13.567241800242458,ukraine
2023-01-06,78.56999969482422,6.881499767303467,1.0522217750549316,28.450000762939453,3.7100000381469727,69.53399658203125,29.780000686645508,3.78,84.64,684.53,3128.3,344748653.0,62.9,6.2,14.4,22.1,2891.0,100.9552,102.9,-5.7657657656,116.7162857055664,143.0465545654297,98.68260955810548,2.4630823135375977,279.6470965638549,21.44260942112823,17.732609382981256,-7.007391341811225,24.74000072479248,13.546551671521417,ukraine
2023-01-09,79.6500015258789,6.837399959564209,1.0656323432922363,27.114999771118164,3.910000085830689,74.302001953125,31.145999908447266,3.43,84.54,683.74,2877.7,319226671.0,72.4,7.2,13.5,22.1,2891.0,100.9552,102.9,-5.7657657656,116.7162857055664,143.0465545654297,98.68260955810548,2.4630823135375977,279.6470965638549,23.204972964946606,19.294972879115917,-3.910026806171558,23.204999685287476,13.732758883772226,ukraine
2023-01-10,80.0999984741211,6.770999908447266,1.073318362236023,27.059999465942383,3.638999938964844,70.07099914550781,31.149999618530277,3.65,84.3,681.78,3033.4000000000005,319425706.0,40.0,8.0,17.6,21.1,2891.0,100.9552,102.9,-5.7657657656,111.19593811035156,119.1385269165039,109.772216796875,2.2813217639923096,279.6470965638549,22.041443212499548,18.402443273534704,-5.018556253442835,23.42099952697754,13.810344564503637,ukraine
2023-01-11,82.66999816894531,6.777400016784668,1.0738946199417114,26.8700008392334,3.671000003814697,65.34600067138672,30.489999771118164,3.32,84.05,679.78,3037.3,318416625.0,51.9,8.4,17.9,17.4,2891.0,100.9552,102.9,-5.7657657656,111.19593811035156,119.1385269165039,109.772216796875,2.2813217639923096,279.6470965638549,20.566189709598568,16.89518970578387,-6.3038111296348305,23.1990008354187,14.253447960162985,ukraine
2023-01-12,84.02999877929688,6.769000053405762,1.0766000747680664,26.76000022888184,3.694999933242798,66.80899810791016,30.902999877929688,3.41,83.77,677.94,3037.9,317943542.0,51.2,8.1,19.7,19.9,2902.0,100.9552,102.9,-5.7657657656,111.19593811035156,119.1385269165039,109.772216796875,2.2813217639923096,279.6470965638549,21.079607624000094,17.384607690757296,-5.680392604881746,23.06500029563904,14.487930824016702,ukraine
2023-01-13,85.27999877929688,6.737800121307373,1.0860239267349243,26.80699920654297,3.4189999103546143,64.81199645996094,30.766000747680664,3.47,83.56,676.24,3126.6,318610966.0,46.5,10.0,18.6,16.8,2902.0,100.9552,102.9,-5.7657657656,111.19593811035156,119.1385269165039,109.772216796875,2.2813217639923096,279.6470965638549,20.628514332640744,17.20951442228613,-6.1784848739022245,23.387999296188354,14.703448065396014,ukraine
2023-01-16,85.27999877929688,6.7017998695373535,1.082461953163147,26.80699920654297,3.4189999103546143,64.81199645996094,30.766000747680664,3.43,82.91,670.98,2787.2,319361501.0,56.1,8.6,13.4,18.2,2902.0,99.7664,100.8,-13.3333333312,111.19593811035156,119.1385269165039,109.772216796875,2.2813217639923096,279.6470965638549,20.560856317868634,17.14185640751402,-6.246142888674335,23.387999296188354,14.703448065396014,ukraine
2023-01-17,85.91999816894531,6.732500076293945,1.083012938499451,22.725000381469727,3.5859999656677246,60.06100082397461,30.60700035095215,3.43,82.43,667.07,2908.3,318572578.0,57.2,7.9,13.9,13.6,2902.0,99.7664,100.8,-13.3333333312,111.19593811035156,119.1385269165039,109.772216796875,2.2813217639923096,279.6470965638549,19.063356424880187,15.477356459212462,-3.66164395658954,19.139000415802002,14.813792787749192,ukraine
2023-01-18,84.9800033569336,6.77239990234375,1.0793308019638062,23.09000015258789,3.311000108718872,61.70899963378906,32.15299987792969,3.43,81.88,662.6,3039.8,289723275.0,68.2,9.8,17.8,11.9,2902.0,99.7664,100.8,-13.3333333312,111.19593811035156,119.1385269165039,109.772216796875,2.2813217639923096,279.6470965638549,19.51983918101888,16.20883907230001,-3.5701609715690097,19.77900004386902,14.651724716712689,ukraine
2023-01-19,86.16000366210938,6.747099876403809,1.0797853469848633,22.950000762939453,3.275000095367432,60.71699905395508,32.56800079345703,3.2,81.28,657.81,3066.1,293815232.0,56.3,9.7,20.6,14.9,2820.0,99.7664,100.8,-13.3333333312,111.19593811035156,119.1385269165039,109.772216796875,2.2813217639923096,279.6470965638549,19.214137137208468,15.939137041841036,-3.7358636257309854,19.67500066757202,14.855173045191272,ukraine
2023-01-20,87.62999725341797,6.7758002281188965,1.083388328552246,22.815000534057617,3.174000024795532,66.89800262451172,32.89500045776367,2.91,80.62,652.46,2986.0000000000005,207131542.0,68.2,12.4,19.0,21.7,2820.0,99.7664,100.8,-13.3333333312,111.19593811035156,119.1385269165039,109.772216796875,2.2813217639923096,279.6470965638549,21.240780052065134,18.0667800272696,-1.5742204819924837,19.641000509262085,15.108620216106546,ukraine
2023-01-23,88.19000244140625,6.782599925994873,1.086507797241211,23.2549991607666,3.447000026702881,65.9990005493164,32.55899810791016,3.15,78.75,637.31,2730.4,201066986.0,51.9,16.1,15.9,22.7,2820.0,99.7664,100.8,-13.3333333312,111.19593811035156,119.1385269165039,109.772216796875,2.2813217639923096,279.6470965638549,21.01567600009356,17.56867597339068,-2.2393231606730417,19.80799913406372,15.205172834725216,ukraine
2023-01-24,86.12999725341797,6.7829999923706055,1.0874292850494385,22.114999771118164,3.257999897003174,58.26900100708008,31.55500030517578,3.43,77.89,630.92,3126.7000000000003,207192075.0,43.6,15.3,14.6,18.3,2820.0,99.7664,100.8,-13.3333333312,111.19593811035156,119.1385269165039,109.772216796875,2.2813217639923096,279.6470965638549,18.56999364201765,15.311993745014476,-3.545006129100514,18.85699987411499,14.849999526451374,ukraine
2023-01-25,86.12000274658203,6.7835001945495605,1.088814616203308,20.940000534057617,3.066999912261963,56.65999984741211,32.689998626708984,3.35,77.1,624.51,3149.7000000000003,210096451.0,18.6,17.8,17.1,25.7,2820.0,99.7664,100.8,-13.3333333312,111.19593811035156,119.1385269165039,109.772216796875,2.2813217639923096,279.6470965638549,18.080218275902958,15.013218363640995,-2.8597822581546595,17.873000621795654,14.848276335617593,ukraine
2023-01-26,87.47000122070312,6.782899856567383,1.0922038555145264,20.165000915527344,2.944000005722046,54.81499862670898,34.472999572753906,3.09,76.36,618.48,3065.3,206770577.0,22.9,19.1,18.9,23.4,2734.0,99.7664,100.8,-13.3333333312,111.19593811035156,119.1385269165039,109.772216796875,2.2813217639923096,279.6470965638549,17.54592509103232,14.601925085310274,-2.619075824495024,17.221000909805298,15.081034693224677,ukraine
2023-01-27,86.66000366210938,6.78249979019165,1.0894432067871094,19.5,3.108999967575073,55.42499923706055,34.345001220703125,2.72,75.67,612.89,3031.1000000000004,202121802.0,28.4,17.0,18.6,20.2,2734.0,99.7664,100.8,-13.3333333312,111.19593811035156,119.1385269165039,109.772216796875,2.2813217639923096,279.6470965638549,17.69633980580994,14.587339838234868,-1.8036601941900585,16.391000032424927,14.941379941742996,ukraine
2023-01-30,84.9000015258789,6.782400131225586,1.0871455669403076,19.48500061035156,2.677000045776367,55.15599822998047,34.555999755859375,2.83,73.71,597.02,2720.0000000000005,202354357.0,30.0,17.4,17.9,27.7,2734.0,99.7664,100.8,-13.3333333312,111.19593811035156,119.1385269165039,109.772216796875,2.2813217639923096,279.6470965638549,17.573311460224588,14.89631141444822,-1.9116891501269713,16.80800056457519,14.637931297565329,ukraine
2023-01-31,84.48999786376953,6.747799873352051,1.0850694179534912,19.024999618530277,2.684000015258789,57.35200119018555,35.935001373291016,2.82,73.1,592.12,3065.8,198731085.0,37.1,13.1,19.6,26.4,2734.0,99.7664,100.8,-13.3333333312,111.19593811035156,119.1385269165039,109.772216796875,2.2813217639923096,279.6470965638549,18.238085937242484,15.554085921983695,-0.7869136812877926,16.340999603271488,14.567241010994747,ukraine
2023-02-01,82.83999633789062,6.753600120544434,1.0860947370529177,18.96999931335449,2.4679999351501465,59.527000427246094,37.25,2.65,72.64,590.02,3060.5000000000005,197385477.0,21.3,14.4,23.4,27.0,2734.0,99.7664,100.8,-13.3333333312,111.19593811035156,119.1385269165039,109.772216796875,2.2813217639923096,279.6470965638549,18.947628724665098,16.47962878951495,-0.022370588689391013,16.501999378204342,14.282757989291488,ukraine
2023-02-02,82.16999816894531,6.740799903869629,1.1012852191925049,18.3700008392334,2.4560000896453857,57.040000915527344,35.90999984741211,2.65,72.17,586.23,3078.0,253372637.0,23.7,15.1,22.9,25.1,2583.0,99.7664,100.8,-13.3333333312,111.19593811035156,119.1385269165039,109.772216796875,2.2813217639923096,279.6470965638549,18.409945052371008,15.953944962725622,0.0399442131376091,15.914000749588013,14.167241063611261,ukraine
2023-02-03,79.94000244140625,6.731500148773193,1.09051251411438,18.524999618530277,2.4100000858306885,57.88899993896485,36.29199981689453,2.67,71.7,582.38,3169.1,253957699.0,49.6,12.6,20.1,20.9,2583.0,99.7664,100.8,-13.3333333312,111.19593811035156,119.1385269165039,109.772216796875,2.2813217639923096,279.6470965638549,18.50119832803102,16.09119824220033,-0.023801290499257277,16.11499953269959,13.782759041621768,ukraine
2023-02-06,80.98999786376953,6.774199962615967,1.079086184501648,18.4950008392334,2.4570000171661377,58.10900115966797,35.14899826049805,2.4,70.76,573.39,2896.2,254238546.0,71.8,10.9,30.0,20.2,2583.0,99.7664,100.8,-13.3333333312,111.19593811035156,119.1385269165039,109.772216796875,2.2813217639923096,281.77821148914563,18.37691898532532,15.919918968159184,-0.1180818539080768,16.03800082206726,13.963792735132678,ukraine
2023-02-07,83.69000244140625,6.794000148773193,1.0730764865875244,18.184999465942383,2.5840001106262207,55.40299987792969,35.290000915527344,2.17,70.06,569.11,2955.9,253566716.0,40.1,10.0,22.7,21.3,2583.0,99.7664,100.8,-13.3333333312,111.19593811035156,119.1385269165039,109.772216796875,2.2813217639923096,281.77821148914563,17.423568920213658,14.839568809587437,-0.7614305457287251,15.600999355316162,14.429310765759698,ukraine
2023-02-08,85.08999633789062,6.791200160980225,1.0729728937149048,17.93000030517578,2.3959999084472656,53.6870002746582,34.720001220703125,2.35,69.41,563.76,3238.6,252628961.0,65.6,9.2,30.9,21.6,2583.0,99.7664,100.8,-13.3333333312,111.19593811035156,119.1385269165039,109.772216796875,2.2813217639923096,281.77821148914563,16.882277995502207,14.486278087054941,-1.0477223096735742,15.534000396728516,14.670689023774246,ukraine
2023-02-09,84.5,6.7881999015808105,1.0715816020965576,17.915000915527344,2.430000066757202,52.73400115966797,35.130001068115234,2.4,68.73,558.28,3239.6000000000004,269771629.0,22.5,10.4,23.6,20.0,2366.0,99.7664,100.8,-13.3333333312,111.19593811035156,119.1385269165039,109.772216796875,2.2813217639923096,281.77821148914563,16.561098151787068,14.131098085029866,-1.353902763740276,15.485000848770142,14.568965517241379,ukraine
2023-02-10,86.38999938964844,6.779699802398682,1.0742292404174805,17.985000610351562,2.513999938964844,53.946998596191406,35.97999954223633,2.4,68.03,552.57,3155.4,263900095.0,43.2,11.9,15.0,18.5,2366.0,99.7664,100.8,-13.3333333312,104.2670440673828,113.02135467529295,94.62993621826172,1.971190333366394,281.77821148914563,16.983899642098383,14.469899703133539,-1.00110096825318,15.471000671386719,14.894827480973868,ukraine
2023-02-13,86.61000061035156,6.808300018310547,1.0677714347839355,17.895000457763672,2.4049999713897705,51.70700073242188,35.755001068115234,2.37,66.65,541.39,2825.6,269314632.0,26.9,17.9,18.0,18.3,2366.0,99.7664,100.8,-13.3333333312,104.2670440673828,113.02135467529295,94.62993621826172,1.971190333366394,281.77821148914563,16.18083031775722,13.77583034636745,-1.714170140006452,15.490000486373901,14.932758725922683,ukraine
2023-02-14,85.58000183105469,6.821899890899658,1.073041915893555,17.889999389648438,2.566999912261963,52.38600158691406,35.43000030517578,2.42,66.17,537.49,3066.6,269263311.0,40.3,16.0,14.5,14.5,2366.0,99.7664,100.8,-13.3333333312,104.2670440673828,113.02135467529295,94.62993621826172,1.971190333366394,281.77821148914563,16.4742289322317,13.907229019969737,-1.4157704574167376,15.322999477386475,14.755172729492188,ukraine
2023-02-15,85.37999725341797,6.825900077819824,1.0735719203948977,17.881999969482422,2.470999956130981,54.71599960327149,36.4379997253418,2.42,65.71,533.75,3099.0,269095836.0,45.1,13.2,16.3,17.6,2366.0,100.505,102.4,-11.4655172404,104.2670440673828,113.02135467529295,94.62993621826172,1.971190333366394,281.77821148914563,17.215460318278453,14.744460362147471,-0.6665396512039692,15.41100001335144,14.720689181623788,ukraine
2023-02-16,85.13999938964844,6.851900100708008,1.0691757202148438,16.295000076293945,2.388999938964844,52.01100158691406,37.805999755859375,2.45,65.27,530.19,2991.1,322336091.0,41.9,10.6,19.2,18.3,2266.0,100.505,102.4,-11.4655172404,104.2670440673828,113.02135467529295,94.62993621826172,1.971190333366394,281.77821148914563,16.297367658063333,13.90836771909849,0.002367581769387783,13.906000137329102,14.679310239594558,ukraine
2023-02-17,83.0,6.859700202941895,1.0665756464004517,15.920000076293944,2.275000095367432,49.047000885009766,37.172000885009766,2.48,64.93,527.44,3156.4,323786933.0,23.4,11.3,15.7,14.3,2266.0,100.505,102.4,-11.4655172404,104.2670440673828,113.02135467529295,94.62993621826172,1.971190333366394,281.77821148914563,15.331239829823165,13.056239734455733,-0.5887602464707786,13.644999980926512,14.310344827586208,ukraine
2023-02-20,83.0,6.857600212097168,1.0684444904327393,15.920000076293944,2.275000095367432,49.047000885009766,37.172000885009766,2.28,64.52,524.05,2797.1,359949833.0,23.0,13.8,9.8,16.2,2266.0,100.505,102.4,-11.4655172404,104.2670440673828,113.02135467529295,94.62993621826172,1.971190333366394,281.77821148914563,15.358103087164762,13.08310299179733,-0.5618969891291812,13.644999980926512,14.310344827586208,ukraine
2023-02-21,83.05000305175781,6.854100227355957,1.068261981010437,14.300000190734863,2.072999954223633,48.54199981689453,38.68999862670898,2.28,64.28,522.13,2986.8,358182664.0,39.7,9.8,17.1,18.4,2266.0,100.505,102.4,-11.4655172404,104.2670440673828,113.02135467529295,94.62993621826172,1.971190333366394,281.77821148914563,15.19737551407739,13.124375559853757,0.8973753233425263,12.22700023651123,14.31896604340652,ukraine
2023-02-22,80.5999984741211,6.872499942779541,1.065200924873352,14.84000015258789,2.174000024795532,50.56800079345703,37.22600173950195,2.12,63.97,519.64,3181.4,369307094.0,66.0,8.1,22.5,16.0,2266.0,100.505,102.4,-11.4655172404,104.2670440673828,113.02135467529295,94.62993621826172,1.971190333366394,281.77821148914563,15.786304552036796,13.612304527241264,0.9463043994489055,12.666000127792358,13.896551461055362,ukraine
2023-02-23,82.20999908447266,6.891300201416016,1.0605803728103638,14.899999618530272,2.313999891281128,50.77999877929688,37.492000579833984,2.07,63.69,517.31,3353.4,391729043.0,26.6,8.4,19.0,13.8,2195.0,100.505,102.4,-11.4655172404,104.2670440673828,113.02135467529295,94.62993621826172,1.971190333366394,281.77821148914563,15.783722249572557,13.46972235829143,0.8837226310422857,12.585999727249144,14.174137773184942,ukraine
2023-02-24,83.16000366210938,6.9070000648498535,1.0598047971725464,14.989999771118164,2.450999975204468,51.01300048828125,37.917999267578125,2.17,63.41,515.1,3387.6,384384044.0,29.0,10.6,12.5,18.4,2195.0,100.505,102.4,-11.4655172404,104.2670440673828,113.02135467529295,94.62993621826172,1.971190333366394,281.77821148914563,15.844549940988916,13.393549965784448,0.8545501698707518,12.538999795913696,14.337931665880927,ukraine
2023-02-27,82.44999694824219,6.954999923706055,1.055475831031799,14.970000267028809,2.7309999465942383,47.29899978637695,38.95299911499024,2.36,62.68,509.15,3209.6,355791534.0,21.1,11.6,17.4,19.3,2195.0,100.505,102.4,-11.4655172404,104.2670440673828,113.02135467529295,94.62993621826172,1.971190333366394,281.77821148914563,14.63097970965409,11.899979763059852,-0.3390205573747185,12.23900032043457,14.215516715214171,ukraine
2023-02-28,83.88999938964844,6.943900108337402,1.0611205101013184,14.359999656677246,2.746999979019165,46.665000915527344,38.50600051879883,2.55,62.0,504.25,3381.6,380175080.0,28.3,12.1,15.2,16.6,2195.0,100.505,102.4,-11.4655172404,104.2670440673828,113.02135467529295,94.62993621826172,1.971190333366394,281.77821148914563,14.512062686572902,11.765062707553737,0.1520630298956558,11.612999677658081,14.463792998215249,ukraine
2023-03-01,84.30999755859375,6.932300090789795,1.0577309131622314,14.579999923706056,2.811000108718872,47.08399963378906,37.65599822998047,2.5,61.47,499.91,3607.1,393492615.0,53.4,13.2,22.1,17.7,2195.0,100.505,102.4,-11.4655172404,104.2670440673828,113.02135467529295,94.62993621826172,1.971190333366394,281.77821148914563,14.59559160174491,11.784591493026038,0.015591678038854084,11.768999814987184,14.536206475619613,ukraine
2023-03-02,84.75,6.868000030517578,1.066894292831421,14.585000038146973,2.765000104904175,46.81499862670898,35.994998931884766,2.59,61.01,496.19,3689.5,391647255.0,47.6,14.0,18.6,19.3,2114.0,100.505,102.4,-11.4655172404,104.2670440673828,113.02135467529295,94.62993621826172,1.971190333366394,281.77821148914563,14.637926595551946,11.872926490647771,0.052926557404973096,11.819999933242798,14.612068965517242,ukraine
2023-03-03,85.83000183105469,6.91379976272583,1.0599732398986816,14.324999809265137,3.009000062942505,44.97999954223633,35.75400161743164,2.67,60.5,492.04,3818.4,391642243.0,35.6,15.0,17.3,18.3,2114.0,100.505,102.4,-11.4655172404,104.2670440673828,113.02135467529295,94.62993621826172,1.971190333366394,281.77821148914563,13.97293072541732,10.963930662474816,-0.352069083847816,11.315999746322632,14.79827617776805,ukraine
2023-03-06,86.18000030517578,6.906799793243408,1.0626201629638672,14.28499984741211,2.572000026702881,42.14899826049805,35.91999816894531,2.66,59.16,481.1,3639.0,359559582.0,13.0,16.5,12.3,15.5,2114.0,100.505,102.4,-11.4655172404,104.2670440673828,113.02135467529295,94.62993621826172,1.971190333366394,281.77821148914563,13.126183392338588,10.554183365635707,-1.1588164550735218,11.712999820709229,14.858620742271686,ukraine
2023-03-07,83.29000091552734,6.929399967193604,1.0688328742980957,13.9399995803833,2.687000036239624,43.369998931884766,37.185001373291016,2.46,58.74,477.73,3115.4999999999995,384120868.0,21.1,15.1,15.2,18.2,2114.0,100.505,102.4,-11.4655172404,104.2670440673828,113.02135467529295,94.62993621826172,1.971190333366394,281.77821148914563,13.585398200739634,10.89839816450001,-0.35460137964366645,11.252999544143677,14.360344985435749,ukraine
2023-03-08,82.66000366210938,6.961400032043457,1.05507493019104,13.895000457763672,2.5510001182556152,42.3390007019043,37.75,2.52,58.17,473.06,2365.2,392495526.0,31.2,13.9,16.9,15.0,2114.0,100.505,102.4,-11.4655172404,104.2670440673828,113.02135467529295,94.62993621826172,1.971190333366394,272.4022465594438,13.091730764247679,10.540730645992063,-0.8032696935159933,11.344000339508057,14.251724769329202,ukraine
2023-03-09,81.58999633789062,6.950300216674805,1.0549525022506714,14.3100004196167,2.5429999828338623,43.5989990234375,38.28900146484375,2.5,57.61,468.5,2186.5,392416956.0,46.8,12.0,15.9,13.7,2030.0,100.505,102.4,-11.4655172404,104.2670440673828,113.02135467529295,94.62993621826172,1.971190333366394,272.4022465594438,13.479773138089284,10.936773155255421,-0.8302272815274154,11.767000436782837,14.067240747912177,ukraine
2023-03-10,82.77999877929688,6.963600158691406,1.0584698915481567,14.154999732971191,2.430000066757202,52.85699844360352,38.89300155639648,2.5,57.2,465.19,2029.2,391182269.0,38.1,13.9,15.5,13.5,2030.0,100.505,102.4,-11.4655172404,104.2670440673828,113.02135467529295,94.62993621826172,1.971190333366394,272.4022465594438,16.39661368237004,13.96661361561284,2.2416139493988503,11.72499966621399,14.272413582637393,ukraine
2023-03-13,80.7699966430664,6.905200004577637,1.0683646202087402,14.244999885559082,2.6059999465942383,49.58399963378906,37.06499862670898,2.4,56.49,459.37,2252.9,366916640.0,16.2,17.1,15.7,7.0,2030.0,100.505,102.4,-11.4655172404,120.99437713623048,147.05015563964844,103.02875518798828,2.301534414291382,272.4022465594438,15.52509303169957,12.919093085105331,1.2800931461404872,11.638999938964844,13.925861490183864,ukraine
2023-03-14,77.44999694824219,6.844600200653076,1.0725010633468628,14.199999809265137,2.572999954223633,44.185001373291016,35.81100082397461,2.4,56.41,458.72,2395.4,384615111.0,19.5,16.4,15.7,11.7,2030.0,100.505,102.4,-11.4655172404,120.99437713623048,147.05015563964844,103.02875518798828,2.301534414291382,272.4022465594438,13.888193613637544,11.31519365941391,-0.31180619562759304,11.626999855041504,13.35344774969693,ukraine
2023-03-15,73.69000244140625,6.870500087738037,1.0727657079696655,14.16800022125244,2.438999891281128,42.90499877929688,34.61899948120117,2.65,56.23,457.32,2468.1000000000004,392525770.0,43.7,16.5,16.9,7.1,2030.0,100.505,102.4,-11.4655172404,120.99437713623048,147.05015563964844,103.02875518798828,2.301534414291382,272.4022465594438,13.489191941394566,11.050192050113438,-0.6788082798578738,11.729000329971312,12.705172834725216,ukraine
2023-03-16,74.69999694824219,6.905900001525879,1.0583354234695437,13.55500030517578,2.513999938964844,44.34099960327149,34.202999114990234,2.45,55.94,454.92,2524.5,391475107.0,36.1,16.4,16.3,7.3,1972.0,100.505,102.4,-11.4655172404,120.99437713623048,147.05015563964844,103.02875518798828,2.301534414291382,272.4022465594438,13.75314336228619,11.239143423321346,0.19814305711041058,11.041000366210936,12.879309818662447,ukraine
2023-03-17,72.97000122070312,6.897500038146973,1.0614134073257446,13.18000030517578,2.338000059127808,42.85699844360352,34.28300094604492,2.45,55.74,453.28,2419.0,396405692.0,37.6,11.6,16.4,16.6,1972.0,100.505,102.4,-11.4655172404,120.99437713623048,147.05015563964844,103.02875518798828,2.301534414291382,272.4022465594438,13.33151416582536,10.993514106697553,0.1515138606495814,10.842000246047972,12.581034693224677,ukraine
2023-03-20,73.79000091552734,6.886099815368652,1.0678855180740356,13.154999732971191,2.2230000495910645,39.32500076293945,34.05099868774414,2.42,55.86,454.25,2942.7,359547846.0,39.4,13.4,17.6,12.3,1972.0,100.6416,103.5,-10.7611548561,120.99437713623048,147.05015563964844,103.02875518798828,2.301534414291382,272.4022465594438,12.307407906180122,10.084407856589058,-0.8475918267910689,10.931999683380127,12.72241395095299,ukraine
2023-03-21,75.31999969482422,6.877699851989746,1.071914792060852,13.645000457763672,2.3480000495910645,42.400001525878906,35.090999603271484,2.23,55.73,453.21,3025.9,382157715.0,51.4,10.0,12.0,15.0,1972.0,100.6416,103.5,-10.7611548561,120.99437713623048,147.05015563964844,103.02875518798828,2.301534414291382,272.4022465594438,13.319848780821507,10.971848731230443,-0.3251516769421645,11.297000408172607,12.98620684393521,ukraine
2023-03-22,76.69000244140625,6.882999897003174,1.0774236917495728,12.640000343322754,2.1710000038146973,39.97499847412109,34.7130012512207,1.93,55.7,453.01,3038.3,391150921.0,31.1,7.0,13.9,12.6,1972.0,100.6416,103.5,-10.7611548561,120.99437713623048,147.05015563964844,103.02875518798828,2.301534414291382,272.4022465594438,12.622580091576278,10.451580087761581,-0.017420251746475657,10.469000339508057,13.222414214035561,ukraine
2023-03-23,75.91000366210938,6.879199981689453,1.0870392322540283,13.335000038146973,2.1540000438690186,43.18600082397461,36.09099960327149,2.03,55.77,453.56,2931.4,395370398.0,22.8,6.9,23.9,13.0,1900.0,100.6416,103.5,-10.7611548561,120.99437713623048,147.05015563964844,103.02875518798828,2.301534414291382,272.4022465594438,13.75819197917295,11.604191935303932,0.4231919410259781,11.180999994277954,13.087931665880927,ukraine
2023-03-24,74.98999786376953,6.818399906158447,1.0835057497024536,12.699999809265137,2.2160000801086426,41.09400177001953,34.191001892089844,2.08,55.87,454.34,2533.9,390813438.0,31.4,8.7,20.8,12.8,1900.0,100.6416,103.5,-10.7611548561,120.99437713623048,147.05015563964844,103.02875518798828,2.301534414291382,272.4022465594438,13.049167735233304,10.833167655124662,0.3491679259681675,10.483999729156494,12.929309976511988,ukraine
2023-03-27,78.12000274658203,6.867000102996826,1.077818512916565,12.524999618530272,2.088000059127808,42.52799987792969,34.30500030517578,2.04,56.33,458.08,2833.1,345792774.0,55.3,7.6,11.4,2.0,1900.0,100.6416,103.5,-10.7611548561,120.99437713623048,147.05015563964844,103.02875518798828,2.301534414291382,272.4022465594438,13.433641522840807,11.345641463713,0.9086419043105352,10.436999559402464,13.468965990790005,ukraine
2023-03-28,78.6500015258789,6.884399890899658,1.0807071924209597,12.505000114440918,2.0299999713897705,42.75199890136719,34.875,2.04,56.2,457.02,3082.7000000000003,374513159.0,53.1,6.2,13.5,5.1,1900.0,100.6416,103.5,-10.7611548561,120.99437713623048,147.05015563964844,103.02875518798828,2.301534414291382,272.4022465594438,13.540591154841385,11.510591183451615,1.0355910404004671,10.475000143051147,13.560345090668777,ukraine
2023-03-29,78.27999877929688,6.873300075531006,1.0839520692825315,12.53499984741211,1.991000056266785,42.803001403808594,35.19200134277344,2.02,56.01,455.5,2671.8,401618424.0,56.7,7.5,15.5,7.0,1900.0,100.6416,103.5,-10.7611548561,120.99437713623048,147.05015563964844,103.02875518798828,2.301534414291382,272.4022465594438,13.59744967766898,11.606449621402195,1.0624498302568703,10.543999791145325,13.496551513671875,ukraine
2023-03-30,79.2699966430664,6.885600090026856,1.0843634605407717,12.699999809265137,2.1040000915527344,43.60900115966797,35.393001556396484,1.94,55.97,455.18,2848.6000000000004,401182016.0,50.4,9.5,15.4,7.7,1853.0,100.6416,103.5,-10.7611548561,120.99437713623048,147.05015563964844,103.02875518798828,2.301534414291382,272.4022465594438,13.85875357055223,11.754753478999495,1.1587537612870928,10.595999717712402,13.667240800528692,ukraine
2023-03-31,79.7699966430664,6.870399951934815,1.0904649496078491,13.515000343322754,2.2160000801086426,47.845001220703125,35.71799850463867,1.95,56.08,456.06,2944.8,393744409.0,34.2,11.9,15.1,11.8,1853.0,100.6416,103.5,-10.7611548561,120.99437713623048,147.05015563964844,103.02875518798828,2.301534414291382,272.4022465594438,15.29049125918676,13.074491179078118,1.7754909158640064,11.299000263214111,13.753447697080416,ukraine
2023-04-03,84.93000030517578,6.868000030517578,1.080333590507507,12.75,2.0969998836517334,51.367000579833984,37.37699890136719,2.1,56.45,459.42,2757.2000000000003,348172851.0,36.8,8.0,15.5,7.8,1853.0,100.6416,103.5,-10.7611548561,120.99437713623048,147.05015563964844,103.02875518798828,2.301534414291382,272.4022465594438,16.26354609424386,14.166546210592127,3.5135460942438606,10.653000116348267,14.643103500892376,ukraine
2023-04-04,84.94000244140625,6.877299785614014,1.091226577758789,13.15999984741211,2.1059999465942383,46.56800079345703,36.93000030517578,2.09,56.41,459.0,3159.4,371336713.0,53.6,6.5,17.1,7.0,1853.0,100.6416,103.5,-10.7611548561,120.99437713623048,147.05015563964844,103.02875518798828,2.301534414291382,272.4022465594438,14.89277700765874,12.786777061064502,1.7327771602466306,11.053999900817871,14.64482800713901,ukraine
2023-04-05,84.98999786376953,6.878799915313721,1.0960105657577517,12.68000030517578,2.1549999713897705,44.57500076293945,37.81499862670898,2.13,56.3,458.1,3112.6,395209648.0,27.5,7.7,5.1,5.0,1853.0,100.6416,103.5,-10.7611548561,120.99437713623048,147.05015563964844,103.02875518798828,2.301534414291382,324.7732627754954,14.317897801626392,12.162897830236622,1.6378974964506128,10.525000333786009,14.653447907546472,ukraine
2023-04-06,85.12000274658203,6.878499984741211,1.090334177017212,12.625,2.010999917984009,43.125,37.47999954223633,2.17,56.2,457.37,3227.3,393831370.0,52.2,8.9,10.7,1.6,1830.0,100.6416,103.5,-10.7611548561,120.99437713623048,147.05015563964844,103.02875518798828,2.301534414291382,324.7732627754954,13.78040214758693,11.769402229602921,1.1554021475869298,10.614000082015991,14.675862542514144,ukraine
2023-04-07,85.12000274658203,6.874899864196777,1.0920130014419556,12.625,2.010999917984009,43.125,37.47999954223633,2.18,56.14,456.85,2689.0999999999995,395651947.0,39.0,12.4,14.3,2.3,1830.0,100.6416,103.5,-10.7611548561,120.99437713623048,147.05015563964844,103.02875518798828,2.301534414291382,324.7732627754954,13.801620299045272,11.790620381061263,1.1766202990452719,10.614000082015991,14.675862542514144,ukraine
2023-04-10,84.18000030517578,6.86929988861084,1.0913575887680054,12.625,2.171999931335449,43.125,37.64500045776367,2.18,56.56,460.31,3040.9,347013711.0,17.3,13.1,0.4,7.3,1830.0,100.6416,103.5,-10.7611548561,105.37997436523438,125.08584594726562,86.75404357910156,2.046231985092163,324.7732627754954,13.793336737537215,11.621336806201766,1.1683367375372153,10.45300006866455,14.513793156064791,ukraine
2023-04-11,85.61000061035156,6.881100177764893,1.086932897567749,12.56999969482422,2.186000108718872,43.69200134277344,38.09999847412109,2.15,56.82,462.43,2860.1000000000004,346718580.0,31.1,11.9,13.0,10.7,1830.0,100.6416,103.5,-10.7611548561,105.37997436523438,125.08584594726562,86.75404357910156,2.046231985092163,324.7732627754954,13.918031974079232,11.73203186536036,1.348032279255012,10.383999586105348,14.760344932819235,ukraine
2023-04-12,87.33000183105469,6.885499954223633,1.0917507410049438,12.625,2.0929999351501465,42.880001068115234,37.53200149536133,2.19,56.98,463.75,3028.6000000000004,371221417.0,38.1,9.7,13.5,11.1,1830.0,100.6416,103.5,-10.7611548561,105.37997436523438,125.08584594726562,86.75404357910156,2.046231985092163,324.7732627754954,13.719915636640815,11.626915701490669,1.094915636640815,10.532000064849854,15.056896867423223,ukraine
2023-04-13,86.08999633789062,6.873700141906738,1.0999890565872192,12.604999542236328,2.006999969482422,42.09299850463867,36.61800003051758,2.22,57.06,464.4,3105.6,389669880.0,23.5,9.7,11.6,11.0,1855.0,100.6416,103.5,-10.7611548561,105.37997436523438,125.08584594726562,86.75404357910156,2.046231985092163,324.7732627754954,13.569735624577163,11.562735655094741,0.9647360823408349,10.597999572753906,14.843102816877694,ukraine
2023-04-14,86.30999755859375,6.867800235748291,1.1054610013961792,12.593000411987305,2.114000082015991,41.14899826049805,36.66999816894531,2.04,57.15,465.14,2716.9,390510512.0,21.8,7.5,8.2,9.0,1855.0,100.6416,103.5,-10.7611548561,105.37997436523438,125.08584594726562,86.75404357910156,2.046231985092163,324.7732627754954,13.331402821543023,11.217402739527031,0.738402409555718,10.479000329971313,14.88103406182651,ukraine
2023-04-17,84.76000213623047,6.870399951934815,1.098659634590149,12.489999771118164,2.275000095367432,41.12699890136719,36.233001708984375,1.87,57.53,468.2,3279.5,361044543.0,38.8,9.4,0.0,10.4,1855.0,101.0205,100.4,-7.6521739129,105.37997436523438,125.08584594726562,86.75404357910156,2.046231985092163,324.7732627754954,13.242297673825087,10.967297578457655,0.752297902706923,10.214999675750732,14.613793471763874,ukraine
2023-04-18,84.7699966430664,6.878799915313721,1.0925379991531372,12.850000381469728,2.365999937057495,42.72200012207031,37.18399810791016,2.21,57.64,469.12,3424.8,384267783.0,45.5,10.2,0.0,6.7,1855.0,101.0205,100.4,-7.6521739129,105.37997436523438,125.08584594726562,86.75404357910156,2.046231985092163,324.7732627754954,13.679218476729202,11.313218539671707,0.8292180952594741,10.484000444412233,14.615516662597656,ukraine
2023-04-19,83.12000274658203,6.874899864196777,1.0975382328033447,12.244999885559082,2.2219998836517334,40.29800033569336,36.755001068115234,2.23,57.79,470.33,3509.5,394021939.0,25.9,9.4,0.0,4.1,1855.0,101.0205,100.4,-7.6521739129,105.37997436523438,125.08584594726562,86.75404357910156,2.046231985092163,324.7732627754954,12.962128187573043,10.74012830392131,0.7171283020139612,10.023000001907349,14.331034956307247,ukraine
2023-04-20,81.0999984741211,6.8850998878479,1.095218300819397,12.234999656677246,2.249000072479248,40.56499862670898,35.630001068115234,2.2,57.98,471.86,3874.5,392309320.0,35.4,9.2,0.0,8.7,1930.0,101.0205,100.4,-7.6521739129,105.37997436523438,125.08584594726562,86.75404357910156,2.046231985092163,324.7732627754954,13.020429662524217,10.771429590044969,0.7854300058469708,9.985999584197998,13.982758357607086,ukraine
2023-04-21,81.66000366210938,6.872099876403809,1.0970927476882937,11.880000114440918,2.2330000400543213,40.16400146484375,35.01499938964844,2.19,58.13,473.09,4007.5,394257375.0,18.3,9.5,5.8,9.1,1930.0,101.0205,100.4,-7.6521739129,105.37997436523438,125.08584594726562,86.75404357910156,2.046231985092163,324.7732627754954,12.913782765426413,10.680782725372092,1.0337826509854953,9.647000074386597,14.079310976225754,ukraine
2023-04-24,82.7300033569336,6.892499923706055,1.0992271900177002,11.875,2.2730000019073486,39.92499923706055,34.220001220703125,2.2,59.11,481.07,3523.1,363251111.0,39.7,8.4,8.6,0.5,1930.0,101.0205,100.4,-7.6521739129,105.37997436523438,125.08584594726562,86.75404357910156,2.046231985092163,324.7732627754954,12.861912091184093,10.588912089276745,0.9869120911840934,9.601999998092651,14.263793682229931,ukraine
2023-04-25,80.7699966430664,6.894899845123291,1.1059499979019165,11.845000267028809,2.306999921798706,39.83300018310547,33.79499816894531,2.19,59.42,483.54,3884.6,376065823.0,45.9,9.7,0.7,4.7,1930.0,101.0205,100.4,-7.6521739129,105.37997436523438,125.08584594726562,86.75404357910156,2.046231985092163,324.7732627754954,12.910755850853873,10.603755929055167,1.065755583825064,9.538000345230103,13.925861490183864,ukraine
2023-04-26,77.69000244140625,6.931600093841553,1.0978394746780396,11.640000343322754,2.117000102996826,38.55099868774414,33.58300018310547,2.21,59.66,485.54,3757.4,376115968.0,56.6,7.1,6.2,3.0,1930.0,101.0205,100.4,-7.6521739129,105.37997436523438,125.08584594726562,86.75404357910156,2.046231985092163,324.7732627754954,12.403596613171446,10.28659651017462,0.7635962698486924,9.523000240325928,13.39482800713901,ukraine
2023-04-27,78.37000274658203,6.92579984664917,1.1047282218933103,11.595000267028809,2.3550000190734863,39.03900146484375,33.81800079345703,2.19,59.75,486.24,3838.2,379791742.0,27.9,9.3,11.1,4.8,2009.0,101.0205,100.4,-7.6521739129,105.37997436523438,125.08584594726562,86.75404357910156,2.046231985092163,324.7732627754954,12.639424722534004,10.284424703460518,1.0444244555051956,9.240000247955322,13.512069439065868,ukraine
2023-04-28,79.54000091552734,6.922299861907959,1.1032048463821411,11.550000190734863,2.4100000858306885,38.53799819946289,33.88999938964844,2.17,59.95,487.87,3788.2,394451717.0,23.6,6.9,14.3,3.1,2009.0,101.0205,100.4,-7.6521739129,105.37997436523438,125.08584594726562,86.75404357910156,2.046231985092163,324.7732627754954,12.460012304159175,10.050012218328487,0.9100121134243118,9.140000104904175,13.713793261297818,ukraine
2023-05-01,79.30999755859375,6.911099910736084,1.1010911464691162,11.550000190734863,2.318000078201294,38.83399963378906,33.400001525878906,2.27,61.02,496.59,3510.5000000000005,348552992.0,34.3,12.0,13.4,9.7,2009.0,101.0205,100.4,-7.6521739129,105.37997436523438,125.08584594726562,86.75404357910156,2.046231985092163,324.7732627754954,12.531658483752143,10.213658405550849,0.9816582930172792,9.23200011253357,13.674137510102371,ukraine
2023-05-02,75.31999969482422,6.910999774932861,1.0969241857528689,11.494999885559082,2.21399998664856,37.52899932861328,34.70800018310547,2.24,61.33,499.72,3287.9,348895897.0,19.3,10.6,10.5,6.2,2009.0,101.0205,100.4,-7.6521739129,105.37997436523438,125.08584594726562,86.75404357910156,2.046231985092163,324.7732627754954,12.06470632232531,9.850706335676751,0.5697064367662286,9.280999898910522,12.98620684393521,ukraine
2023-05-03,72.33000183105469,6.910600185394287,1.1010911464691162,11.5,2.1700000762939453,36.78200149536133,33.250999450683594,2.12,61.55,501.54,3432.3,377293956.0,33.0,8.1,9.0,2.5,2009.0,101.0205,100.4,-7.6521739129,105.37997436523438,125.08584594726562,86.75404357910156,2.046231985092163,324.7732627754954,11.869482552285707,9.699482475991761,0.3694825522857066,9.329999923706055,12.470689970871499,ukraine
2023-05-04,72.5,6.910600185394287,1.1068925857543943,11.3100004196167,2.1010000705718994,35.65299987792969,32.972999572753906,2.01,61.79,503.46,3183.0000000000005,392508312.0,25.2,7.7,9.4,7.5,2063.0,101.0205,100.4,-7.6521739129,105.37997436523438,125.08584594726562,86.75404357910156,2.046231985092163,324.7732627754954,11.565774330708207,9.464774260136307,0.2557739110915076,9.2090003490448,12.5,ukraine
2023-05-05,75.30000305175781,6.905700206756592,1.102292776107788,11.3149995803833,2.13700008392334,36.57400131225586,33.099998474121094,1.96,61.96,505.0,3319.9,394875719.0,12.9,7.1,11.4,6.5,2063.0,101.0205,100.4,-7.6521739129,105.37997436523438,125.08584594726562,86.75404357910156,2.046231985092163,324.7732627754954,11.81524129720832,9.67824121328498,0.5002417168250197,9.177999496459961,12.982759146854796,ukraine
2023-05-08,77.01000213623047,6.9095001220703125,1.10186767578125,11.3149995803833,2.23799991607666,36.874000549316406,33.400001525878906,1.85,63.05,513.9,3173.6000000000004,383192414.0,14.5,9.2,11.6,0.2,2063.0,101.0205,100.4,-7.6521739129,105.37997436523438,125.08584594726562,86.75404357910156,2.046231985092163,244.2315767835783,11.907562199098455,9.669562283021795,0.5925626187151547,9.07699966430664,13.27758657521215,ukraine
2023-05-09,77.44000244140625,6.911499977111816,1.0996140241622925,11.239999771118164,2.2669999599456787,35.95000076293945,34.20500183105469,2.12,63.38,516.62,3263.2,381979966.0,36.7,5.0,8.4,0.0,2063.0,101.0205,100.4,-7.6521739129,105.37997436523438,125.08584594726562,86.75404357910156,2.046231985092163,244.2315767835783,11.585434656131735,9.318434696186056,0.3454348850135709,8.972999811172485,13.351724558863147,ukraine
2023-05-10,76.41000366210938,6.919400215148926,1.096467137336731,11.210000038146973,2.190999984741211,34.99300003051758,34.810001373291016,2.22,63.64,518.66,2959.4999999999995,312355796.0,42.4,4.5,2.1,1.6,2063.0,101.0205,100.4,-7.6521739129,105.37997436523438,125.08584594726562,86.75404357910156,2.046231985092163,244.2315767835783,11.2447538993962,9.053753914654989,0.03475386124922686,9.019000053405762,13.17413856243265,ukraine
2023-05-11,74.9800033569336,6.932199954986572,1.098406195640564,11.15999984741211,2.190000057220459,34.99300003051758,34.612998962402344,2.12,63.88,520.63,2925.8,390553497.0,32.8,3.7,0.5,6.7,2141.0,101.0205,100.4,-7.6521739129,106.80965423583984,118.16682434082033,93.2484130859375,1.8093385696411133,244.2315767835783,11.26463979718621,9.07463973996575,0.10463994977409996,8.96999979019165,12.927586785678207,ukraine
2023-05-12,74.16999816894531,6.947700023651123,1.0912145376205444,11.114999771118164,2.2660000324249268,32.766998291015625,34.77399826049805,2.07,64.13,522.72,3015.2,394839291.0,40.8,3.0,0.0,6.8,2141.0,101.0205,100.4,-7.6521739129,106.80965423583984,118.16682434082033,93.2484130859375,1.8093385696411133,244.2315767835783,10.479002880697681,8.213002848272755,-0.6359968904204827,8.848999738693237,12.787930718783675,ukraine
2023-05-15,75.2300033569336,6.957300186157227,1.0852696895599363,11.048999786376951,2.375,32.31399917602539,33.959999084472656,1.98,65.31,532.26,3142.5,394070952.0,18.3,5.6,6.0,2.6,2141.0,101.0205,100.4,-7.6521739129,106.80965423583984,118.16682434082033,93.2484130859375,1.8093385696411133,244.2315767835783,10.27783263705625,7.90283263705625,-0.7711671493207017,8.673999786376951,12.970690233954068,ukraine
2023-05-16,74.91000366210938,6.951600074768066,1.0873701572418213,9.854999542236328,2.375999927520752,31.82099914550781,34.83000183105469,2.25,65.47,534.64,3220.6,393682653.0,21.7,4.9,1.7,1.7,2141.0,101.253,100.6,-7.5287865355,106.80965423583984,118.16682434082033,93.2484130859375,1.8093385696411133,244.2315767835783,10.140616986537095,7.764617059016343,0.2856174443007671,7.478999614715576,12.915517872777478,ukraine
2023-05-17,76.95999908447266,6.976600170135498,1.0865668058395386,9.94499969482422,2.365000009536743,31.952999114990234,34.529998779296875,2.28,65.86,536.8,3043.9,397955856.0,30.2,2.5,1.8,2.9,2141.0,101.253,100.6,-7.5287865355,106.80965423583984,118.16682434082033,93.2484130859375,1.8093385696411133,244.2315767835783,10.175159338529058,7.810159328992315,0.23015964370483744,7.579999685287477,13.268965359391837,ukraine
2023-05-18,75.86000061035156,6.997099876403809,1.0838346481323242,9.71500015258789,2.5920000076293945,29.78499984741211,35.09700012207031,2.25,66.13,539.0,3293.2,398431168.0,31.8,3.1,4.4,2.3,2240.0,101.253,100.6,-7.5287865355,106.80965423583984,118.16682434082033,93.2484130859375,1.8093385696411133,244.2315767835783,9.460929161535352,6.868929153905958,-0.2540709910525383,7.123000144958496,13.079310450060614,ukraine
2023-05-19,75.58000183105469,7.035099983215332,1.0775396823883057,9.84000015258789,2.5850000381469727,30.176000595092773,34.92399978637695,2.3,66.44,541.49,3278.4999999999995,398625252.0,14.4,4.8,5.4,2.3,2240.0,101.253,100.6,-7.5287865355,106.80965423583984,118.16682434082033,93.2484130859375,1.8093385696411133,244.2315767835783,9.52945602964286,6.944455991495888,-0.3105441229450303,7.255000114440918,13.031034798457705,ukraine
2023-05-22,75.98999786376953,7.006899833679199,1.0822745561599731,9.755000114440918,2.400000095367432,29.711000442504883,34.34000015258789,2.37,67.48,551.22,3183.4,396778437.0,31.5,8.1,7.7,0.0,2240.0,101.253,100.6,-7.5287865355,106.80965423583984,118.16682434082033,93.2484130859375,1.8093385696411133,244.2315767835783,9.423839530904575,7.023839435537143,-0.33116058353634337,7.355000019073486,13.101723769615436,ukraine
2023-05-23,76.83999633789062,7.030900001525879,1.0811045169830322,9.734999656677246,2.321000099182129,29.12700080871582,33.516998291015625,2.3,67.72,553.17,2944.9999999999995,391643848.0,15.0,8.6,6.0,0.0,2240.0,101.253,100.6,-7.5287865355,106.80965423583984,118.16682434082033,93.2484130859375,1.8093385696411133,244.2315767835783,9.228616686440505,6.907616587258376,-0.5063829702367411,7.413999557495117,13.248275230670798,ukraine
2023-05-24,78.36000061035156,7.056399822235107,1.076971173286438,9.579999923706056,2.3980000019073486,27.78499984741211,33.202999114990234,2.22,67.95,555.05,3023.7000000000003,395489962.0,28.8,5.5,0.0,0.0,2240.0,101.253,100.6,-7.5287865355,106.80965423583984,118.16682434082033,93.2484130859375,1.8093385696411133,244.2315767835783,8.769758534359939,6.37175853245259,-0.8102413893461176,7.181999921798708,13.510344932819235,ukraine
2023-05-25,76.26000213623047,7.059800148010254,1.0757315158843994,9.350000381469728,2.306999921798706,25.45199966430664,32.20000076293945,2.25,68.13,556.48,3165.1,396804117.0,39.1,3.5,5.7,0.0,2336.0,101.253,100.6,-7.5287865355,106.80965423583984,118.16682434082033,93.2484130859375,1.8093385696411133,244.2315767835783,8.024148534694886,5.71714861289618,-1.3258518467748424,7.043000459671022,13.148276230384564,ukraine
2023-05-26,76.94999694824219,7.077400207519531,1.072443604469299,9.234999656677246,2.180999994277954,24.520000457763672,32.380001068115234,2.23,68.34,558.25,3093.1000000000004,396660903.0,35.0,2.1,1.5,1.5,2336.0,101.253,100.6,-7.5287865355,106.80965423583984,118.16682434082033,93.2484130859375,1.8093385696411133,244.2315767835783,7.706693650469481,5.525693656191527,-1.5283060062077647,7.053999662399292,13.267240853145205,ukraine
2023-05-29,76.94999694824219,7.054800033569336,1.0723055601119995,9.234999656677246,2.180999994277954,24.520000457763672,32.380001068115234,1.88,69.36,566.59,3203.9000000000005,397653122.0,30.7,6.7,2.5,0.0,2336.0,101.253,100.6,-7.5287865355,106.80965423583984,118.16682434082033,93.2484130859375,1.8093385696411133,244.2315767835783,7.705701649055654,5.5247016547777,-1.529298007621592,7.053999662399292,13.267240853145205,ukraine
2023-05-30,73.54000091552734,7.072299957275391,1.0707669258117676,9.364999771118164,2.32699990272522,24.68099975585937,31.450000762939453,1.88,69.66,568.98,3372.9,396247793.0,32.1,6.0,7.2,0.0,2336.0,101.253,100.6,-7.5287865355,106.80965423583984,118.16682434082033,93.2484130859375,1.8093385696411133,244.2315767835783,7.745168203691093,5.418168300965872,-1.6198315674270711,7.037999868392944,12.67931050267713,ukraine
2023-05-31,72.66000366210938,7.078999996185303,1.073306918144226,9.28499984741211,2.2660000324249268,26.851999282836918,31.739999771118164,2.11,69.89,570.88,3132.6,390824511.0,28.0,6.1,5.9,0.0,2336.0,101.253,100.6,-7.5287865355,106.80965423583984,118.16682434082033,93.2484130859375,1.8093385696411133,244.2315767835783,8.446440238757102,6.180440206332175,-0.8385596086550073,7.018999814987183,12.52758683829472,ukraine
2023-06-01,74.27999877929688,7.110799789428711,1.0695186853408811,9.265000343322754,2.157999992370605,23.10300064086914,30.940000534057617,2.1,70.12,572.31,3056.4,396281590.0,14.6,4.7,3.7,0.0,2446.0,101.253,100.6,-7.5287865355,106.80965423583984,118.16682434082033,93.2484130859375,1.8093385696411133,244.2315767835783,7.241523171045707,5.083523178675103,-2.0234771722770466,7.107000350952148,12.806896341258081,ukraine
2023-06-02,76.12999725341797,7.0929999351501465,1.0760787725448608,9.28499984741211,2.171999931335449,23.68899917602539,30.905000686645508,1.77,70.32,574.02,2993.7,395580290.0,25.1,3.9,1.2,0.0,2446.0,101.253,100.6,-7.5287865355,106.80965423583984,118.16682434082033,93.2484130859375,1.8093385696411133,244.2315767835783,7.470745384466529,5.29874545313108,-1.8142544629455806,7.11299991607666,13.125861595416891,ukraine
2023-06-05,76.70999908447266,7.083799839019775,1.0698620080947876,9.265000343322754,2.244999885559082,28.47800064086914,32.119998931884766,1.74,71.18,581.76,2697.9,395857305.0,27.9,3.8,0.0,0.0,2446.0,101.253,100.6,-7.5287865355,106.80965423583984,118.16682434082033,93.2484130859375,1.8093385696411133,265.5080334715194,8.929156175351805,6.684156289792723,-0.33584416797094896,7.020000457763672,13.225861911115976,ukraine
2023-06-06,76.29000091552734,7.105000019073486,1.0711798667907717,9.210000038146973,2.26200008392334,24.86000061035156,31.84000015258789,1.92,71.39,583.43,3021.3,391565060.0,37.7,5.6,0.0,0.0,2446.0,101.253,100.6,-7.5287865355,106.80965423583984,118.16682434082033,93.2484130859375,1.8093385696411133,265.5080334715194,7.804349218442058,5.542349134518719,-1.4056508197049142,6.947999954223633,13.153448433711612,ukraine
2023-06-07,76.94999694824219,7.118800163269043,1.0698047876358032,9.234999656677246,2.3289999961853027,26.33099937438965,32.75,1.95,71.57,584.97,3239.5,398656999.0,31.0,4.5,0.0,0.0,2446.0,101.253,100.6,-7.5287865355,106.80965423583984,118.16682434082033,93.2484130859375,1.8093385696411133,265.5080334715194,8.255531482869221,5.926531486683919,-0.9794681738080246,6.905999660491943,13.267240853145205,ukraine
2023-06-08,75.95999908447266,7.128799915313721,1.0707440376281738,9.210000038146973,2.351999998092652,26.94499969482422,32.720001220703125,2.13,71.76,586.44,3112.4,399208048.0,18.4,2.6,0.0,0.0,2550.0,101.253,100.6,-7.5287865355,106.80965423583984,118.16682434082033,93.2484130859375,1.8093385696411133,265.5080334715194,8.455455452333725,6.1034554542410735,-0.7545445858132478,6.858000040054321,13.09655156628839,ukraine
2023-06-09,74.79000091552734,7.111199855804443,1.078271746635437,9.25,2.253999948501587,32.04899978637695,33.650001525878906,2.1,72.0,588.46,3076.9,200249629.0,17.1,3.6,0.0,0.0,2550.0,101.253,100.6,-7.5287865355,106.80965423583984,118.16682434082033,93.2484130859375,1.8093385696411133,265.5080334715194,10.127817433509593,7.873817485008006,0.877817433509593,6.996000051498413,12.894827744056439,ukraine
2023-06-12,71.83999633789062,7.127600193023682,1.0750954151153564,9.265000343322754,2.2660000324249268,31.035999298095703,34.529998779296875,1.85,71.25,403.62,3223.6,416289747.0,22.7,3.5,1.9,0.0,2550.0,101.253,100.6,-7.5287865355,108.46768188476562,122.47150421142578,92.75943756103516,1.90233850479126,265.5080334715194,9.778807595499044,7.512807563074118,0.5138072521762904,6.999000310897827,12.386206265153556,ukraine
2023-06-13,74.29000091552734,7.144599914550781,1.0762988328933716,9.300000190734863,2.3399999141693115,36.05099868774414,35.65900039672852,1.9,71.56,405.38,3557.9,414844866.0,27.6,2.1,2.1,0.0,2550.0,101.253,100.6,-7.5287865355,108.46768188476562,122.47150421142578,92.75943756103516,1.90233850479126,265.5080334715194,11.37164589151075,9.031645977341439,2.0716457007758873,6.960000276565552,12.808620847504715,ukraine
2023-06-14,73.19999694824219,7.166500091552734,1.078934907913208,9.399999618530272,2.3420000076293945,38.3120002746582,36.78400039672852,2.0,71.87,407.11,3440.7,0.0,32.3,0.0,0.2,0.0,2550.0,101.253,100.6,-7.5287865355,108.46768188476562,122.47150421142578,92.75943756103516,1.90233850479126,265.5080334715194,12.11443683093576,9.772436823306366,2.714437212405489,7.057999610900877,12.620689129007275,ukraine
2023-06-15,75.66999816894531,7.162600040435791,1.084304690361023,9.583999633789062,2.532999992370605,41.14500045776367,36.37300109863281,2.05,72.17,408.81,3546.9,283621583.0,38.1,0.0,0.0,0.0,2634.0,100.9286,101.2,-2.3318385629,108.46768188476562,122.47150421142578,92.75943756103516,1.90233850479126,265.5080334715194,13.074996038046383,10.541996045675777,3.49099640425732,7.050999641418457,13.046551408438848,ukraine
2023-06-16,76.61000061035156,7.119900226593018,1.0945948362350464,11.199999809265137,2.631999969482422,35.007999420166016,36.03900146484375,2.18,72.44,410.37,3402.1000000000004,0.0,46.3,0.0,1.5,0.0,2634.0,100.9286,101.2,-2.3318385629,108.46768188476562,122.47150421142578,92.75943756103516,1.90233850479126,265.5080334715194,11.230364343852603,8.598364374370181,0.030364534587466352,8.567999839782715,13.208620794888201,ukraine
2023-06-19,76.61000061035156,7.12559986114502,1.0942115783691406,11.199999809265137,2.631999969482422,35.007999420166016,36.03900146484375,2.13,73.52,416.49,3322.3,380831511.0,32.5,0.0,1.8,0.0,2634.0,100.9286,101.2,-2.3318385629,108.46768188476562,122.47150421142578,92.75943756103516,1.90233850479126,265.5080334715194,11.226432180709413,8.59443221122699,0.026432371444276015,8.567999839782715,13.208620794888201,ukraine
2023-06-20,75.9000015258789,7.160399913787842,1.0924304723739624,12.739999771118164,2.492000102996826,38.70800018310547,37.05500030517578,2.13,73.79,418.01,3591.8,359208920.0,16.5,0.0,0.7,0.0,2634.0,100.9286,101.2,-2.3318385629,108.46768188476562,122.47150421142578,92.75943756103516,1.90233850479126,265.5080334715194,12.392750275393546,9.90075017239672,-0.3472494957246184,10.247999668121338,13.086207159634295,ukraine
2023-06-21,77.12000274658203,7.180799961090088,1.0920368432998655,12.475000381469728,2.5969998836517334,36.74300003051758,35.66400146484375,2.38,74.17,420.13,3252.2000000000003,396332871.0,26.2,0.0,4.7,0.0,2634.0,100.9286,101.2,-2.3318385629,108.46768188476562,122.47150421142578,92.75943756103516,1.90233850479126,265.5080334715194,11.759397259987363,9.16239737633563,-0.7156031214823653,9.878000497817995,13.296552197686557,ukraine
2023-06-22,74.13999938964844,7.178400039672852,1.0992635488510132,12.0649995803833,2.6080000400543213,34.09700012207031,35.83700180053711,2.24,74.2,420.3,3181.6,396471315.0,14.6,0.0,2.0,0.0,2729.0,100.9286,101.2,-2.3318385629,108.46768188476562,122.47150421142578,92.75943756103516,1.90233850479126,265.5080334715194,10.98477476286449,8.376774722810168,-1.0802248175188112,9.45699954032898,12.782758515456628,ukraine
2023-06-23,73.8499984741211,7.178500175476074,1.0958904027938845,11.835000038146973,2.7290000915527344,32.50699996948242,34.3849983215332,2.27,74.35,421.16,2763.3,402793295.0,21.7,0.0,0.0,0.0,2729.0,100.9286,101.2,-2.3318385629,108.46768188476562,122.47150421142578,92.75943756103516,1.90233850479126,265.5080334715194,10.44040083061565,7.711400739062915,-1.3945992075313232,9.105999946594238,12.732758357607086,ukraine
2023-06-26,74.18000030517578,7.178500175476074,1.0906671285629272,11.789999961853027,2.7909998893737797,31.975000381469727,34.0,2.22,75.3,426.64,2939.0,399393203.0,27.2,0.0,0.0,0.0,2729.0,100.9286,101.2,-2.3318385629,108.46768188476562,122.47150421142578,92.75943756103516,1.90233850479126,265.5080334715194,10.220589381401728,7.429589492027949,-1.569410580451299,8.999000072479248,12.789655225030307,ukraine
2023-06-27,72.26000213623047,7.236499786376953,1.091048002243042,12.06999969482422,2.763000011444092,34.50600051879883,34.9900016784668,2.62,75.56,428.03,3057.1000000000004,398412560.0,19.3,0.0,0.0,0.0,2729.0,100.9286,101.2,-2.3318385629,108.46768188476562,122.47150421142578,92.75943756103516,1.90233850479126,265.5080334715194,11.033457868502708,8.270457857058616,-1.0365418263215123,9.306999683380129,12.45862105797077,ukraine
2023-06-28,74.02999877929688,7.218699932098389,1.0957223176956177,12.020000457763672,2.6029999256134038,34.125,34.599998474121094,2.68,75.78,429.27,2988.9,400346100.0,23.3,0.0,0.0,0.0,2729.0,100.9286,101.2,-2.3318385629,108.46768188476562,122.47150421142578,92.75943756103516,1.90233850479126,265.5080334715194,10.95837922575362,8.355379300140216,-1.0616212320100527,9.417000532150269,12.76379289298222,ukraine
2023-06-29,74.33999633789062,7.2434000968933105,1.0915838479995728,12.119999885559082,2.700999975204468,35.18000030517578,34.52000045776367,2.71,75.99,430.47,3060.9,398484480.0,16.6,0.0,0.0,0.0,2805.0,100.9286,101.2,-2.3318385629,108.46768188476562,122.47150421142578,92.75943756103516,1.90233850479126,265.5080334715194,11.2544972087165,8.553497233512033,-0.8655026768425813,9.418999910354614,12.817240747912177,ukraine
2023-06-30,74.9000015258789,7.251800060272217,1.086802959442139,12.239999771118164,2.7980000972747803,37.10300064086914,35.27000045776367,2.4,76.21,431.7,2937.0000000000005,400802260.0,21.6,0.0,0.0,0.0,2805.0,100.9286,101.2,-2.3318385629,108.46768188476562,122.47150421142578,92.75943756103516,1.90233850479126,265.5080334715194,11.817701178931744,9.019701081656963,-0.4222985921864204,9.441999673843384,12.913793366530847,ukraine
2023-07-03,74.6500015258789,7.242400169372559,1.0907504558563232,12.079999923706056,2.7090001106262207,33.92900085449219,34.369998931884766,2.48,76.9,437.1,2378.3,392523116.0,23.7,0.0,0.0,0.0,2805.0,100.9286,101.2,-2.3318385629,108.46768188476562,122.47150421142578,92.75943756103516,1.90233850479126,265.5080334715194,10.846000793867466,8.137000683241245,-1.2339991298385904,9.370999813079836,12.870689918254984,ukraine
2023-07-04,74.6500015258789,7.239799976348877,1.091309905052185,12.079999923706056,2.7090001106262207,33.92900085449219,34.369998931884766,2.48,77.12,438.36,2626.5999999999995,393668139.0,26.6,0.3,0.0,0.0,2805.0,100.9286,101.2,-2.3318385629,108.46768188476562,122.47150421142578,92.75943756103516,1.90233850479126,265.5080334715194,10.851563740359826,8.142563629733605,-1.228436183346231,9.370999813079836,12.870689918254984,ukraine
2023-07-05,76.6500015258789,7.213500022888184,1.0884946584701538,12.100000381469728,2.657000064849853,34.37300109863281,33.61000061035156,2.48,77.34,439.64,2536.5,407743723.0,20.7,1.2,0.0,0.0,2805.0,100.9286,101.2,-2.3318385629,108.46768188476562,122.47150421142578,92.75943756103516,1.90233850479126,265.5080334715194,10.965208957267446,8.308208892417593,-1.134791424202282,9.443000316619875,13.21551750446188,ukraine
2023-07-06,76.5199966430664,7.246399879455566,1.0856584310531616,12.074999809265137,2.608999967575073,32.347999572753906,34.042999267578125,2.65,77.64,441.31,3089.2,406650597.0,43.9,0.6,0.0,0.0,2881.0,100.9286,101.2,-2.3318385629,108.46768188476562,122.47150421142578,92.75943756103516,1.90233850479126,247.21465129276035,10.292332220795263,7.68333225322019,-1.7826675884698737,9.465999841690063,13.193102869494208,ukraine
2023-07-07,78.47000122070312,7.249199867248535,1.0890636444091797,12.085000038146973,2.5820000171661377,33.47800064086914,33.85499954223633,2.5,77.91,442.85,3132.9,393110950.0,56.1,1.3,0.0,0.0,2881.0,100.9286,101.2,-2.3318385629,108.46768188476562,122.47150421142578,92.75943756103516,1.90233850479126,247.21465129276035,10.68528061142796,8.103280594261822,-1.3997194267190132,9.503000020980835,13.529310555293643,ukraine
2023-07-10,77.69000244140625,7.211299896240234,1.0969723463058472,12.0600004196167,2.6689999103546143,30.226999282836918,33.90999984741211,2.49,80.01,655.59,2964.2,361354990.0,52.0,3.7,0.0,0.0,2881.0,100.9286,101.2,-2.3318385629,108.46768188476562,122.47150421142578,92.75943756103516,1.90233850479126,247.21465129276035,9.717708630091021,7.048708719736407,-2.342291789525678,9.391000509262085,13.39482800713901,ukraine
2023-07-11,79.4000015258789,7.230599880218506,1.100594401359558,12.020000457763672,2.7309999465942383,29.06100082397461,34.314998626708984,2.55,80.3,657.32,3346.1000000000004,360554839.0,27.8,1.6,0.0,0.0,2881.0,100.9286,101.2,-2.3318385629,110.52894592285156,129.40652465820312,95.2789077758789,2.214202642440796,247.21465129276035,9.373699439287943,6.642699492693705,-2.6463010184757287,9.289000511169434,13.689655435496364,ukraine
2023-07-12,80.11000061035156,7.209199905395508,1.101406455039978,11.975000381469728,2.631999969482422,26.638999938964844,33.65999984741211,2.57,80.5,659.02,3171.9,389997246.0,19.1,0.0,0.0,0.0,2881.0,100.9286,101.2,-2.3318385629,110.52894592285156,129.40652465820312,95.2789077758789,2.214202642440796,247.21465129276035,8.598816721642564,5.966816752160142,-3.3761836598271646,9.343000411987306,13.81206907075027,ukraine
2023-07-13,81.36000061035156,7.165299892425537,1.1144545078277588,11.90999984741211,2.5450000762939453,26.60700035095215,33.797000885009766,2.55,80.73,660.89,3269.8,412516391.0,39.0,0.0,0.0,0.0,2930.0,100.9286,101.2,-2.3318385629,110.52894592285156,129.40652465820312,95.2789077758789,2.214202642440796,247.21465129276035,8.69023295670558,6.145232880411635,-3.219766890706529,9.364999771118164,14.02758631212958,ukraine
2023-07-14,79.87000274658203,7.150000095367432,1.1223469972610474,11.869000434875488,2.5390000343322754,25.957000732421875,34.01300048828125,2.5,80.96,662.76,3291.8,369404507.0,23.0,0.0,0.0,0.0,2930.0,100.9286,101.2,-2.3318385629,110.52894592285156,129.40652465820312,95.2789077758789,2.214202642440796,247.21465129276035,8.537973773038766,5.998973738706491,-3.331026661836722,9.330000400543213,13.770690128721041,ukraine
2023-07-17,78.5,7.1402997970581055,1.1227755546569824,10.5600004196167,2.51200008392334,25.10099983215332,34.220001220703125,2.5,82.04,671.56,2641.7,334157572.0,35.9,0.3,0.0,0.0,2930.0,100.1196,101.8,-5.8510638277,110.52894592285156,129.40652465820312,95.2789077758789,2.214202642440796,247.21465129276035,8.259564088516523,5.747564004593183,-2.300436331100176,8.04800033569336,13.53448275862069,ukraine
2023-07-18,79.62999725341797,7.170599937438965,1.123759627342224,11.020000457763672,2.628999948501587,27.069000244140625,34.7400016784668,2.46,82.31,673.81,3112.1000000000004,353720741.0,34.2,0.7,0.0,0.0,2930.0,100.1196,101.8,-5.8510638277,110.52894592285156,129.40652465820312,95.2789077758789,2.214202642440796,247.21465129276035,8.914947694667287,6.2859477461657,-2.105052763096385,8.391000509262085,13.72930987127896,ukraine
2023-07-19,79.45999908447266,7.179299831390381,1.1228890419006348,10.744999885559082,2.6029999256134038,26.96299934387207,35.152000427246094,2.52,82.52,675.55,3154.0,390191065.0,21.8,0.0,0.0,0.0,2930.0,100.1196,101.8,-5.8510638277,110.52894592285156,129.40652465820312,95.2789077758789,2.214202642440796,247.21465129276035,8.873157754373487,6.270157828760084,-1.8718421311855948,8.141999959945679,13.699999842150458,ukraine
2023-07-20,79.63999938964844,7.225900173187256,1.120523452758789,10.920000076293944,2.756999969482422,28.01799964904785,35.709999084472656,2.51,82.71,677.1,3189.1,376197386.0,35.4,0.0,0.0,0.0,2971.0,100.1196,101.8,-5.8510638277,110.52894592285156,129.40652465820312,95.2789077758789,2.214202642440796,247.21465129276035,9.200919571338115,6.4439196018556935,-1.7190805049558282,8.163000106811522,13.731034377525592,ukraine
2023-07-21,81.06999969482422,7.176499843597412,1.113709807395935,10.885000228881836,2.713000059127808,28.16399955749512,36.125,2.61,82.9,678.72,2985.8,371045785.0,57.7,0.0,0.0,0.0,2971.0,100.1196,101.8,-5.8510638277,110.52894592285156,129.40652465820312,95.2789077758789,2.214202642440796,247.21465129276035,9.192624723099607,6.4796246639718,-1.6923755057822287,8.172000169754028,13.977586154280038,ukraine
2023-07-24,82.73999786376953,7.1778998374938965,1.112532615661621,11.260000228881836,2.684999942779541,30.55699920654297,35.994998931884766,2.61,83.84,686.48,2382.3,310502912.0,18.2,0.8,0.0,0.0,2971.0,100.1196,101.8,-5.8510638277,110.52894592285156,129.40652465820312,95.2789077758789,2.214202642440796,247.21465129276035,9.963148714304022,7.2781487715244815,-1.2968515145778134,8.575000286102295,14.265516873063712,ukraine
2023-07-25,83.63999938964844,7.185299873352051,1.1063170433044434,11.460000038146973,2.7300000190734863,32.64799880981445,36.40999984741211,2.68,84.09,688.49,2669.4,341488851.0,27.2,1.9,0.0,0.0,2971.0,100.1196,101.8,-5.8510638277,110.52894592285156,129.40652465820312,95.2789077758789,2.214202642440796,247.21465129276035,10.585450043984395,7.855450024910908,-0.8745499941625781,8.730000019073486,14.420689549939386,ukraine
2023-07-26,82.91999816894531,7.13539981842041,1.1050456762313845,11.100000381469728,2.664999961853028,29.274999618530277,35.52000045776367,2.66,84.32,690.41,2467.5,385941295.0,18.7,2.6,0.0,0.0,2971.0,100.1196,101.8,-5.8510638277,110.52894592285156,129.40652465820312,95.2789077758789,2.214202642440796,247.21465129276035,9.480915715689365,6.815915753836338,-1.6190846657803633,8.435000419616701,14.296551408438848,ukraine
2023-07-27,84.23999786376953,7.150000095367432,1.1078368425369265,10.970000267028809,2.492000102996826,28.43400001525879,35.79199981689453,2.6,84.57,692.43,2574.4,362228070.0,28.7,2.3,0.0,0.0,2987.0,100.1196,101.8,-5.8510638277,110.52894592285156,129.40652465820312,95.2789077758789,2.214202642440796,247.21465129276035,9.231811355219662,6.739811252222836,-1.7381889118091465,8.478000164031982,14.524137562718884,ukraine
2023-07-28,84.98999786376953,7.173099994659424,1.0978755950927734,10.779999732971191,2.638000011444092,25.840999603271484,34.96500015258789,2.47,84.82,694.45,2547.3,352234775.0,51.9,0.4,0.0,0.0,2987.0,100.1196,101.8,-5.8510638277,110.52894592285156,129.40652465820312,95.2789077758789,2.214202642440796,247.21465129276035,8.314489680151988,5.676489668707896,-2.4655100528192033,8.1419997215271,14.653447907546472,ukraine
2023-07-31,85.55999755859375,7.102799892425537,1.1024264097213743,10.920000076293944,2.634000062942505,28.36599922180176,34.30500030517578,2.53,85.85,702.87,2434.5,291270229.0,33.3,2.6,0.0,0.0,2987.0,100.1196,101.8,-5.8510638277,110.52894592285156,129.40652465820312,95.2789077758789,2.214202642440796,247.21465129276035,9.16475486945149,6.530754806508986,-1.7552452068424529,8.286000013351439,14.751723716998923,ukraine
2023-08-01,84.91000366210938,7.095699787139893,1.0997591018676758,10.925000190734863,2.559999942779541,27.12299919128418,33.51100158691406,2.58,86.17,705.53,2630.5,292546864.0,20.6,0.9,0.0,0.0,2987.0,100.1196,101.8,-5.8510638277,110.52894592285156,129.40652465820312,95.2789077758789,2.214202642440796,247.21465129276035,8.741952332133026,6.181952389353485,-2.183047858601837,8.365000247955322,14.639655803811962,ukraine
2023-08-02,83.19999694824219,7.176499843597412,1.100788116455078,10.970000267028809,2.476999998092652,28.742000579833984,32.845001220703125,2.49,85.95,706.66,2458.0,329153853.0,13.6,0.0,0.0,0.0,2987.0,100.1196,101.8,-5.8510638277,110.52894592285156,129.40652465820312,95.2789077758789,2.214202642440796,247.21465129276035,9.272436852364267,6.795436854271616,-1.6975634146645415,8.493000268936157,14.344827060041757,ukraine
2023-08-03,85.13999938964844,7.190400123596191,1.0944151878356934,11.0,2.565000057220459,30.472999572753903,33.3849983215332,2.43,86.25,709.09,2269.7,336585840.0,30.0,0.0,0.0,0.0,3001.0,100.1196,101.8,-5.8510638277,110.52894592285156,129.40652465820312,95.2789077758789,2.214202642440796,247.21465129276035,9.773958146890942,7.2089580896704835,-1.2260418531090576,8.434999942779541,14.679310239594558,ukraine
2023-08-04,86.23999786376953,7.162799835205078,1.095158338546753,10.954999923706056,2.57699990272522,28.85300064086914,32.904998779296875,2.44,86.51,711.27,2259.6,340830550.0,42.2,0.4,0.0,0.0,3001.0,100.1196,101.8,-5.8510638277,110.52894592285156,129.40652465820312,95.2789077758789,2.214202642440796,247.21465129276035,9.26064119407253,6.68364129134731,-1.6943587296335263,8.378000020980837,14.868965148925781,ukraine
2023-08-07,85.33999633789062,7.131199836730957,1.1002674102783203,10.979999542236328,2.7249999046325684,30.48699951171875,32.77000045776367,2.53,87.35,718.14,2087.3,366403188.0,29.4,1.2,0.0,0.0,3001.0,100.1196,101.8,-5.8510638277,110.52894592285156,129.40652465820312,95.2789077758789,2.214202642440796,263.57202642090584,9.83073730852638,7.105737403893812,-1.1492622337099476,8.25499963760376,14.713792472050109,ukraine
2023-08-08,86.16999816894531,7.192299842834473,1.100315809249878,10.954999923706056,2.7769999504089355,31.06599998474121,33.165000915527344,2.65,87.66,720.68,2387.4,365018380.0,29.3,1.7,0.0,0.0,3001.0,100.1196,101.8,-5.8510638277,110.52894592285156,129.40652465820312,95.2789077758789,2.214202642440796,263.57202642090584,10.017880542230747,7.240880591821812,-0.9371193814753092,8.177999973297121,14.856896236025054,ukraine
2023-08-09,87.55000305175781,7.215700149536133,1.0958904027938845,11.029999732971191,2.9590001106262207,39.823001861572266,33.24100112915039,2.77,87.97,723.23,2524.4,354694461.0,27.9,1.7,0.0,0.0,3001.0,100.1196,101.8,-5.8510638277,110.52894592285156,129.40652465820312,95.2789077758789,2.214202642440796,263.57202642090584,12.790109887208626,9.831109776582405,1.7601101542374344,8.07099962234497,15.094828112372037,ukraine
2023-08-10,86.4000015258789,7.208600044250488,1.0977671146392822,11.045000076293944,2.763000011444092,37.055999755859375,33.540000915527344,2.92,88.26,725.61,2633.5,362132760.0,17.0,2.9,0.0,0.0,3030.0,100.1196,101.8,-5.8510638277,107.44878387451172,123.80915069580078,91.76800537109376,2.080228567123413,263.57202642090584,11.921802133577078,9.158802122132986,0.8768020572831343,8.282000064849852,14.896551987220501,ukraine
2023-08-11,86.80999755859375,7.214700222015381,1.0981649160385132,11.085000038146973,2.7699999809265137,35.29999923706055,34.32099914550781,2.83,88.53,727.9,2475.5,395280758.0,16.6,3.5,0.0,0.0,3030.0,100.1196,101.8,-5.8510638277,107.44878387451172,123.80915069580078,91.76800537109376,2.080228567123413,263.57202642090584,11.360970153137378,8.590970172210865,0.2759701149904057,8.315000057220459,14.967240958378234,ukraine
2023-08-14,86.20999908447266,7.192299842834473,1.094439148902893,11.145000457763672,2.7950000762939453,34.43399810791016,34.724998474121094,2.61,89.62,736.84,2264.3,374757322.0,40.9,2.8,0.0,0.0,3030.0,100.1196,101.8,-5.8510638277,107.44878387451172,123.80915069580078,91.76800537109376,2.080228567123413,263.57202642090584,11.044656896418385,8.24965682012444,-0.10034356134528721,8.350000381469727,14.863792945598734,ukraine
2023-08-15,84.88999938964844,7.257299900054932,1.0909883975982666,11.204999923706056,2.6589999198913574,38.8129997253418,34.305999755859375,2.74,89.92,739.48,2384.6,374362405.0,17.7,0.2,0.0,0.0,3030.0,100.9067,98.9,-6.6248880989,107.44878387451172,123.80915069580078,91.76800537109376,2.080228567123413,263.57202642090584,12.409963359162465,9.750963439271107,1.204963435456408,8.546000003814699,14.636206791318697,ukraine
2023-08-16,83.44999694824219,7.281499862670898,1.0904173851013184,14.31999969482422,2.5920000076293945,37.78400039672852,34.92100143432617,2.65,90.04,741.88,2289.9,360705188.0,26.1,0.0,0.0,0.0,3030.0,100.9067,98.9,-6.6248880989,107.44878387451172,123.80915069580078,91.76800537109376,2.080228567123413,263.57202642090584,12.07463085080562,9.482630843176226,-2.2453688440186,11.727999687194826,14.387930508317618,ukraine
2023-08-17,84.12000274658203,7.296999931335449,1.0874884128570557,14.15999984741211,2.621000051498413,36.82500076293945,35.09000015258789,2.55,90.3,744.08,2436.9,390941282.0,29.0,0.0,0.0,0.0,3065.0,100.9067,98.9,-6.6248880989,107.44878387451172,123.80915069580078,91.76800537109376,2.080228567123413,263.57202642090584,11.736552906137758,9.115552854639345,-2.423446941274351,11.538999795913696,14.503448749410696,ukraine
2023-08-18,84.80000305175781,7.280399799346924,1.0874648094177246,13.949999809265137,2.5510001182556152,36.40999984741211,34.630001068115234,2.56,90.6,746.5,2456.1,380407693.0,31.0,0.0,0.0,0.0,3065.0,100.9067,98.9,-6.6248880989,107.44878387451172,123.80915069580078,91.76800537109376,2.080228567123413,263.57202642090584,11.604035457210253,9.053035338954638,-2.3459643520548834,11.398999691009521,14.620690181337554,ukraine
2023-08-21,84.45999908447266,7.280700206756592,1.087559461593628,14.300000190734863,2.631999969482422,40.78200149536133,34.810001373291016,2.44,91.5,753.92,2151.2,339750138.0,16.6,0.4,0.0,0.0,3065.0,100.9067,98.9,-6.6248880989,107.44878387451172,123.80915069580078,91.76800537109376,2.080228567123413,263.57202642090584,12.998543901775923,10.366543932293501,-1.3014562889589403,11.668000221252441,14.5620688076677,ukraine
2023-08-22,84.02999877929688,7.197999954223633,1.0898351669311523,14.300000190734863,2.559999942779541,42.90800094604492,35.45000076293945,2.6,91.7,755.61,2558.3,363939523.0,30.4,0.0,0.0,0.0,3065.0,100.9067,98.9,-6.6248880989,107.44878387451172,123.80915069580078,91.76800537109376,2.080228567123413,263.57202642090584,13.704785962391611,11.14478601961207,-0.5952142283432522,11.740000247955322,14.487930824016702,ukraine
2023-08-23,83.20999908447266,7.292399883270264,1.0846692323684692,13.734999656677246,2.496999979019165,36.7859992980957,34.82500076293945,2.58,91.72,755.75,2519.1,391703729.0,33.5,0.0,0.0,0.0,3065.0,100.9067,98.9,-6.6248880989,107.44878387451172,123.80915069580078,91.76800537109376,2.080228567123413,263.57202642090584,11.693729337182095,9.19672935816293,-2.041270319495151,11.237999677658081,14.34655156628839,ukraine
2023-08-24,83.36000061035156,7.170499801635742,1.086578607559204,12.920000076293944,2.5190000534057617,31.9379997253418,33.7239990234375,2.6,91.98,757.86,2657.1,389389468.0,37.0,0.0,0.0,0.0,3083.0,100.9067,98.9,-6.6248880989,107.44878387451172,123.80915069580078,91.76800537109376,2.080228567123413,263.57202642090584,10.170493376528555,7.651493323122793,-2.749506699765389,10.401000022888182,14.372413898336477,ukraine
2023-08-25,84.4800033569336,7.276500225067139,1.07991361618042,13.460000038146973,2.539999961853028,34.777000427246094,33.77000045776367,2.42,92.09,758.79,2740.3,390455328.0,21.5,0.0,0.0,0.0,3083.0,100.9067,98.9,-6.6248880989,107.44878387451172,123.80915069580078,91.76800537109376,2.080228567123413,263.57202642090584,11.006628183865649,8.466628222012622,-2.4533718542813236,10.920000076293945,14.565517820160965,ukraine
2023-08-28,84.41999816894531,7.289000034332275,1.0797386169433594,13.460000038146973,2.5789999961853027,38.41400146484375,33.900001525878906,2.46,92.59,762.93,2498.3,368740487.0,20.9,0.0,0.0,0.0,3083.0,100.9067,98.9,-6.6248880989,107.44878387451172,123.80915069580078,91.76800537109376,2.080228567123413,263.57202642090584,12.155738279469944,9.57673828328464,-1.304261758677029,10.88100004196167,14.55517209809402,ukraine
2023-08-29,85.48999786376953,7.289100170135498,1.082555651664734,13.395000457763672,2.555999994277954,35.19499969482422,33.54499816894531,2.6,92.68,763.64,2699.7,378360478.0,18.2,0.0,0.0,0.0,3083.0,100.9067,98.9,-6.6248880989,107.44878387451172,123.80915069580078,91.76800537109376,2.080228567123413,263.57202642090584,11.166173084917544,8.61017309063959,-2.228827372846128,10.839000463485718,14.739654804098196,ukraine
2023-08-30,85.86000061035156,7.279399871826172,1.0869210958480835,13.404999732971191,2.7960000038146973,35.992000579833984,34.06399917602539,2.5,92.68,763.69,2787.4,403213598.0,14.7,0.0,0.0,0.0,3083.0,100.9067,98.9,-6.6248880989,107.44878387451172,123.80915069580078,91.76800537109376,2.080228567123413,263.57202642090584,11.46508194622671,8.669081942412014,-1.9399177867444806,10.608999729156494,14.803448381095098,ukraine
2023-08-31,86.86000061035156,7.283599853515625,1.0932546854019165,13.199999809265137,2.7679998874664307,35.02899932861328,34.15399932861328,2.48,92.74,764.16,2734.8,414079229.0,22.4,2.3,0.0,0.0,3115.0,100.9067,98.9,-6.6248880989,107.44878387451172,123.80915069580078,91.76800537109376,2.080228567123413,263.57202642090584,11.223343016683682,8.455343129217251,-1.9766567925814549,10.431999921798706,14.975862174198546,ukraine
2023-09-01,88.55000305175781,7.256899833679199,1.0844104290008545,13.395000457763672,2.765000104904175,35.617000579833984,33.95000076293945,2.56,93.01,764.92,2945.7,407074080.0,25.4,3.2,0.0,0.0,3115.0,100.9067,98.9,-6.6248880989,107.44878387451172,123.80915069580078,91.76800537109376,2.080228567123413,263.57202642090584,11.31942032815226,8.554420223248085,-2.075580129611412,10.630000352859497,15.267241905475485,ukraine
2023-09-04,88.55000305175781,7.140100002288818,1.07758629322052,13.395000457763672,2.765000104904175,35.617000579833984,33.95000076293945,2.7,93.2,769.01,2844.1,333956762.0,24.4,4.0,0.0,0.0,3115.0,100.9067,98.9,-6.6248880989,107.44878387451172,123.80915069580078,91.76800537109376,2.080228567123413,263.57202642090584,11.248187832403246,8.483187727499072,-2.1468126253604254,10.630000352859497,15.267241905475485,ukraine
2023-09-05,90.04000091552734,7.271900177001953,1.0794472694396973,13.239999771118164,2.5820000171661377,34.44900131225586,33.27000045776367,2.7,93.29,769.75,2923.8,326410597.0,27.8,3.3,0.2,0.0,3115.0,100.9067,98.9,-6.6248880989,107.44878387451172,123.80915069580078,91.76800537109376,2.080228567123413,287.9625583333805,10.89811098062774,8.316110963461602,-2.341888790490424,10.657999753952026,15.524138088884026,ukraine
2023-09-06,90.5999984741211,7.303400039672852,1.0726161003112793,13.210000038146973,2.509999990463257,31.075000762939453,33.21500015258789,2.6,93.36,770.34,3025.3,333015524.0,13.7,2.1,0.0,0.0,3115.0,100.9067,98.9,-6.6248880989,107.44878387451172,123.80915069580078,91.76800537109376,2.080228567123413,287.9625583333805,9.768516571862277,7.25851658139902,-3.441483466284696,10.700000047683716,15.620689392089844,ukraine
2023-09-07,89.91999816894531,7.315899848937988,1.0724204778671265,13.31999969482422,2.5789999961853027,32.755001068115234,33.01499938964844,2.49,93.37,770.49,2685.5,349179207.0,12.2,1.1,0.0,0.0,3148.0,100.9067,98.9,-6.6248880989,107.44878387451172,123.80915069580078,91.76800537109376,2.080228567123413,287.9625583333805,10.294751650871998,7.715751654686695,-3.0252480439522227,10.740999698638918,15.503447960162985,ukraine
2023-09-08,90.6500015258789,7.3277997970581055,1.0697818994522097,13.329999923706056,2.6050000190734863,34.507999420166016,32.35900115966797,2.45,93.39,770.66,2795.2,326506361.0,20.9,0.9,0.0,0.0,3148.0,100.9067,98.9,-6.6248880989,107.44878387451172,123.80915069580078,91.76800537109376,2.080228567123413,287.9625583333805,10.81902652470325,8.214026505629764,-2.510973399002806,10.72499990463257,15.629310607910156,ukraine
2023-09-11,90.63999938964844,7.232399940490723,1.071811318397522,13.385000228881836,2.6080000400543213,35.847999572753906,32.43000030517578,2.53,93.55,772.07,2154.9,343759690.0,26.3,0.0,0.0,0.0,3148.0,100.9067,98.9,-6.6248880989,101.14118194580078,117.60943603515624,83.60504913330078,1.9657808542251587,287.9625583333805,11.26046753180912,8.652467491754798,-2.1245326970727163,10.777000188827515,15.627586101663525,ukraine
2023-09-12,92.05999755859376,7.288000106811523,1.0750375986099243,13.390000343322754,2.743000030517578,34.70100021362305,32.28799819946289,2.5,93.54,771.98,2539.1,352127503.0,37.2,0.0,0.0,0.0,3148.0,100.9067,98.9,-6.6248880989,101.14118194580078,117.60943603515624,83.60504913330078,1.9657808542251587,287.9625583333805,10.932986319147453,8.189986288629875,-2.457014024175301,10.647000312805176,15.872413372171339,ukraine
2023-09-13,91.87999725341795,7.290900230407715,1.075326681137085,13.390000343322754,2.680000066757202,36.81700134277344,33.13800048828125,2.72,93.49,771.62,2475.5,373138109.0,23.5,0.0,0.1,0.0,3148.0,100.9067,98.9,-6.6248880989,101.14118194580078,117.60943603515624,83.60504913330078,1.9657808542251587,287.9625583333805,11.602778275025106,8.922778208267903,-1.7872220682976483,10.710000276565552,15.8413788367962,ukraine
2023-09-14,93.6999969482422,7.268799781799316,1.073422074317932,13.364999771118164,2.7079999446868896,35.520999908447266,32.91999816894531,2.76,93.47,771.42,2351.6,367159550.0,9.5,0.0,0.0,0.0,3205.0,100.9067,98.9,-6.6248880989,101.14118194580078,117.60943603515624,83.60504913330078,1.9657808542251587,287.9625583333805,11.17451962802597,8.466519683339081,-2.190480143092193,10.656999826431274,16.155171887627965,ukraine
2023-09-15,93.93000030517578,7.275899887084961,1.0637166500091553,13.32900047302246,2.6440000534057617,36.483001708984375,32.50600051879883,2.81,93.46,771.36,2608.0000000000005,363607502.0,12.9,0.0,0.0,0.0,3205.0,100.8393,98.5,1.3979496705,101.14118194580078,117.60943603515624,83.60504913330078,1.9657808542251587,287.9625583333805,11.37338337821987,8.729383324814108,-1.955617094802589,10.685000419616697,16.194827638823412,ukraine
2023-09-18,94.43000030517578,7.273900032043457,1.0668259859085083,13.989999771118164,2.7279999256134038,34.474998474121094,32.04999923706055,2.74,93.69,773.25,1717.9,341256558.0,35.8,1.5,2.5,0.0,3205.0,100.8393,98.5,1.3979496705,101.14118194580078,117.60943603515624,83.60504913330078,1.9657808542251587,287.9625583333805,10.778814537606474,8.05081461199307,-3.2111852335116904,11.26199984550476,16.281034535375134,ukraine
2023-09-19,94.33999633789062,7.290599822998047,1.0692671537399292,14.25,2.8480000495910645,36.78200149536133,32.349998474121094,2.54,93.76,773.83,2220.9,352022481.0,16.9,2.5,2.1,0.0,3205.0,100.8393,98.5,1.3979496705,101.14118194580078,117.60943603515624,83.60504913330078,1.9657808542251587,287.9625583333805,11.526428003482515,8.67842795389145,-2.723571996517485,11.401999950408936,16.26551660998114,ukraine
2023-09-20,93.52999877929688,7.295599937438965,1.0682048797607422,14.239999771118164,2.7330000400543213,37.28400039672852,32.709999084472656,2.46,93.85,774.54,2301.9,364382080.0,23.4,1.7,0.5,0.0,3205.0,100.8393,98.5,1.3979496705,101.14118194580078,117.60943603515624,83.60504913330078,1.9657808542251587,287.9625583333805,11.672132784934632,8.939132744880311,-2.5678669861835317,11.506999731063843,16.125861858499462,ukraine
2023-09-21,93.3000030517578,7.285999774932861,1.065303087234497,14.329999923706056,2.609999895095825,39.10499954223633,33.48899841308594,2.78,93.88,775.07,2251.2000000000003,352274817.0,15.0,0.2,0.7,0.0,3269.0,100.8393,98.5,1.3979496705,101.14118194580078,117.60943603515624,83.60504913330078,1.9657808542251587,287.9625583333805,12.208958817237264,9.598958922141438,-2.121041106468793,11.720000028610231,16.08620742271686,ukraine
2023-09-22,93.2699966430664,7.30649995803833,1.0661548376083374,14.595000267028809,2.63700008392334,39.79100036621094,33.7400016784668,2.7,93.96,775.71,2174.1000000000004,360129004.0,23.0,0.0,1.7,0.0,3269.0,100.8393,98.5,1.3979496705,101.14118194580078,117.60943603515624,83.60504913330078,1.9657808542251587,287.9625583333805,12.433067674160766,9.796067590237426,-2.161932592868043,11.958000183105469,16.081033903976966,ukraine
2023-09-25,93.29000091552734,7.297500133514404,1.0648492574691772,14.989999771118164,2.638999938964844,44.44200134277344,33.685001373291016,2.63,94.42,779.68,2073.9,369227092.0,57.7,0.0,0.0,0.0,3269.0,100.8393,98.5,1.3979496705,101.14118194580078,117.60943603515624,83.60504913330078,1.9657808542251587,287.9625583333805,13.869311379455848,11.230311440491004,-1.1206883916623163,12.35099983215332,16.084482916470233,ukraine
2023-09-26,93.95999908447266,7.309899806976318,1.0591648817062378,14.649999618530272,2.6559998989105225,40.321998596191406,32.82500076293945,2.63,94.52,780.55,2146.3,368711955.0,30.4,1.8,0.0,0.2,3269.0,100.8393,98.5,1.3979496705,101.14118194580078,117.60943603515624,83.60504913330078,1.9657808542251587,287.9625583333805,12.51638117817386,9.860381279263338,-2.133618440356411,11.99399971961975,16.199999842150458,ukraine
2023-09-27,96.5500030517578,7.310699939727783,1.0569483041763306,14.595000267028809,2.763999938964844,39.29600143432617,32.542999267578125,2.55,94.62,781.36,2472.0,393497383.0,27.7,4.8,0.0,0.0,3269.0,100.8393,98.5,1.3979496705,101.14118194580078,117.60943603515624,83.60504913330078,1.9657808542251587,287.9625583333805,12.172373371819944,9.4083734328551,-2.4226268952088645,11.831000328063965,16.64655225030307,ukraine
2023-09-28,95.37999725341795,7.30810022354126,1.0505305528640747,14.760000228881836,2.944999933242798,39.73600006103516,33.005001068115234,2.72,94.75,782.43,2574.0,398555229.0,23.6,4.7,0.0,0.0,3359.0,100.8393,98.5,1.3979496705,101.14118194580078,117.60943603515624,83.60504913330078,1.9657808542251587,287.9625583333805,12.233930059354591,9.288930126111794,-2.5260701695272445,11.815000295639038,16.444827112658267,ukraine
2023-09-29,95.30999755859376,7.299900054931641,1.0562450885772705,14.630000114440918,2.928999900817871,41.85900115966797,32.41999816894531,2.74,94.87,783.45,2285.3,373372553.0,34.4,3.4,0.1,0.0,3359.0,100.8393,98.5,1.3979496705,101.14118194580078,117.60943603515624,83.60504913330078,1.9657808542251587,287.9625583333805,12.957664218833214,10.028664318015343,-1.672335895607704,11.701000213623047,16.432758199757547,ukraine
2023-10-02,90.70999908447266,7.163599967956543,1.0565240383148191,14.395000457763672,2.8399999141693115,39.334999084472656,32.09199905395508,2.68,95.73,788.74,2306.3,342138741.0,28.0,0.0,0.0,0.0,3359.0,100.8393,98.5,1.3979496705,101.14118194580078,117.60943603515624,83.60504913330078,1.9657808542251587,287.9625583333805,12.179562409466424,9.339562495297113,-2.2154380482972478,11.55500054359436,15.639655014564251,ukraine
2023-10-03,90.91999816894533,7.179900169372559,1.0480751991271973,14.244999885559082,2.9489998817443848,36.98699951171875,31.767000198364254,2.7,95.9,790.16,2528.5,382110956.0,38.2,0.5,0.2,0.0,3359.0,100.8393,98.5,1.3979496705,101.14118194580078,117.60943603515624,83.60504913330078,1.9657808542251587,287.9625583333805,11.360951449343279,8.411951567598894,-2.884048436215803,11.296000003814697,15.675861753266435,ukraine
2023-10-04,85.80999755859375,7.194300174713135,1.0472300052642822,14.149999618530272,2.961999893188477,38.44100189208984,32.63999938964844,2.71,96.09,791.82,2402.8,388710235.0,38.1,1.7,0.2,0.0,3359.0,100.8393,98.5,1.3979496705,101.14118194580078,117.60943603515624,83.60504913330078,1.9657808542251587,287.9625583333805,11.798041878064067,8.83604198487559,-2.3519577404662044,11.187999725341795,14.794827165274786,ukraine
2023-10-05,84.06999969482422,7.200300216674805,1.0507071018218994,14.104999542236328,3.1659998893737797,36.20700073242188,31.90999984741211,2.92,96.23,793.02,2613.8,295069939.0,30.3,2.7,0.0,0.9,3445.0,100.8393,98.5,1.3979496705,101.14118194580078,117.60943603515624,83.60504913330078,1.9657808542251587,287.9625583333805,11.149294227442715,7.983294338068935,-2.9557053147936134,10.938999652862549,14.494827533590383,ukraine
2023-10-06,84.58000183105469,7.197700023651123,1.0546631813049316,14.074999809265137,3.338000059127808,38.23099899291992,31.96999931335449,2.92,96.28,793.51,2215.1,321467510.0,33.6,0.6,0.0,2.0,3445.0,100.8393,98.5,1.3979496705,101.14118194580078,117.60943603515624,83.60504913330078,1.9657808542251587,319.51198978815506,11.816873581488029,8.478873522360221,-2.258126227777108,10.736999750137329,14.582758936388739,ukraine
2023-10-09,88.1500015258789,7.30049991607666,1.056747317314148,14.154999732971191,3.375999927520752,43.95299911499024,32.470001220703125,3.3,96.78,797.85,1961.0,281581406.0,54.1,2.5,0.0,2.3,3445.0,100.8393,98.5,1.3979496705,101.14118194580078,117.60943603515624,83.60504913330078,1.9657808542251587,319.51198978815506,13.61234120014919,10.236341272628438,-0.542658532822001,10.77899980545044,15.198276125151535,ukraine
2023-10-10,87.6500015258789,7.29040002822876,1.0578875541687012,14.244999885559082,3.381999969482422,49.45500183105469,33.70000076293945,3.3,96.88,798.7,2843.4,276381577.0,38.7,2.2,0.0,5.5,3445.0,100.8393,98.5,1.3979496705,101.14118194580078,117.60943603515624,83.60504913330078,1.9657808542251587,319.51198978815506,15.332850037941903,11.95085006845948,1.0878501523828206,10.86299991607666,15.112069228599811,ukraine
2023-10-11,85.81999969482422,7.295000076293945,1.0604791641235352,14.30500030517578,3.377000093460083,46.06800079345703,33.42300033569336,3.34,96.98,800.13,2989.6000000000004,392917710.0,63.1,1.1,4.5,4.5,3445.0,100.8393,98.5,1.3979496705,98.6348114013672,125.65179443359376,68.4659194946289,1.9057414531707764,319.51198978815506,14.317746333470394,10.940746240010311,0.012746028294614575,10.928000211715696,14.796551671521417,ukraine
2023-10-12,86.0,7.298699855804443,1.0624282360076904,14.359999656677246,3.344000101089477,53.00199890136719,34.05500030517578,3.19,97.16,801.66,2821.3,388572430.0,20.9,0.0,8.3,2.0,3529.0,100.8393,98.5,1.3979496705,98.6348114013672,125.65179443359376,68.4659194946289,1.9057414531707764,319.51198978815506,16.503080236350527,13.15908013526105,2.1430805796732812,11.015999555587769,14.827586206896552,ukraine
2023-10-13,90.88999938964844,7.301499843597412,1.0536741018295288,14.475000381469728,3.236000061035156,53.98199844360352,34.08000183105469,3.16,97.31,802.94,2727.2000000000003,397392652.0,21.8,2.3,8.7,1.9,3529.0,100.8393,98.5,1.3979496705,98.6348114013672,125.65179443359376,68.4659194946289,1.9057414531707764,319.51198978815506,16.669724491089745,13.433724430054589,2.194724109620017,11.239000320434572,15.670689549939386,ukraine
2023-10-16,89.6500015258789,7.168099880218506,1.052155375480652,17.719999313354492,3.108999967575073,48.46699905395508,33.30799865722656,3.11,97.98,808.66,2339.8,405825082.0,50.3,0.3,7.5,3.2,3529.0,101.0211,98.4,3.9179104543,98.6348114013672,125.65179443359376,68.4659194946289,1.9057414531707764,319.51198978815506,14.945111744545803,11.83611177697073,-2.7748875688086887,14.610999345779419,15.456896814806708,ukraine
2023-10-17,89.9000015258789,7.309299945831299,1.055431246757507,17.645000457763672,3.0789999961853027,48.89599990844727,32.90900039672852,2.98,98.02,809.03,2942.5,401604754.0,21.1,3.4,4.6,2.0,3529.0,101.0211,98.4,3.9179104543,98.6348114013672,125.65179443359376,68.4659194946289,1.9057414531707764,319.51198978815506,15.124340192614447,12.045340196429144,-2.5206602651492247,14.56600046157837,15.50000026308257,ukraine
2023-10-18,91.5,7.311699867248535,1.057305932044983,18.290000915527344,3.055999994277954,50.83300018310547,32.625999450683594,2.94,98.04,809.26,2700.9,409186192.0,50.4,0.3,4.5,1.7,3529.0,101.0211,98.4,3.9179104543,98.6348114013672,125.65179443359376,68.4659194946289,1.9057414531707764,319.51198978815506,15.751414841489831,12.695414847211877,-2.5385860740375126,15.23400092124939,15.775862068965518,ukraine
2023-10-19,92.37999725341795,7.313499927520752,1.053851842880249,18.2450008392334,2.9570000171661377,50.172000885009766,32.65999984741211,2.92,98.07,809.52,2653.2000000000003,414841982.0,59.5,6.3,5.8,4.5,3626.0,101.0211,98.4,3.9179104543,98.6348114013672,125.65179443359376,68.4659194946289,1.9057414531707764,319.51198978815506,15.495804859606297,12.53880484244016,-2.7491959796271015,15.28800082206726,15.927585733347923,ukraine
2023-10-20,92.16000366210938,7.311200141906738,1.0586491823196411,18.399999618530277,2.8989999294281006,51.11199951171875,32.48500061035156,2.84,98.13,810.12,2489.9,404665306.0,48.4,9.5,7.1,4.3,3626.0,101.0211,98.4,3.9179104543,98.6348114013672,125.65179443359376,68.4659194946289,1.9057414531707764,319.51198978815506,15.85798838553018,12.95898845610208,-2.542011233000096,15.500999689102176,15.889655803811962,ukraine
2023-10-23,89.83000183105469,7.315400123596191,1.0589966773986816,18.584999084472656,2.9260001182556152,51.2760009765625,32.099998474121094,2.6,98.58,813.98,2679.2,392824788.0,45.3,8.9,6.4,2.9,3626.0,101.0211,98.4,3.9179104543,98.6348114013672,125.65179443359376,68.4659194946289,1.9057414531707764,319.51198978815506,15.914093403105161,12.988093284849546,-2.670905681367495,15.658998966217041,15.487931350181842,ukraine
2023-10-24,88.06999969482422,7.3140997886657715,1.0669853687286377,17.84000015258789,2.970999956130981,49.26399993896485,32.19599914550781,2.65,98.61,814.37,3116.0000000000005,403850954.0,64.9,3.6,4.0,3.7,3626.0,101.0211,98.4,3.9179104543,98.6348114013672,125.65179443359376,68.4659194946289,1.9057414531707764,319.51198978815506,15.404985475368536,12.433985519237554,-2.435014677219355,14.86900019645691,15.184482706004177,ukraine
2023-10-25,90.12999725341795,7.309000015258789,1.059535264968872,17.954999923706055,3.009999990463257,49.92399978637695,31.83300018310547,2.85,98.66,814.85,3014.2,399494458.0,82.5,7.1,6.0,9.3,3626.0,101.0211,98.4,3.9179104543,98.6348114013672,125.65179443359376,68.4659194946289,1.9057414531707764,319.51198978815506,15.502364598745896,12.492364608282639,-2.452635324960159,14.944999933242798,15.539654698865165,ukraine
2023-10-26,87.93000030517578,7.315700054168701,1.056725025177002,17.90999984741211,3.21399998664856,50.80899810791016,31.76799964904785,2.86,99.06,815.15,2818.5,411381438.0,42.4,5.0,7.3,9.2,3700.0,101.0211,98.4,3.9179104543,98.6348114013672,125.65179443359376,68.4659194946289,1.9057414531707764,319.51198978815506,15.735327332641571,12.521327345993011,-2.1746725147705384,14.69599986076355,15.160344880202722,ukraine
2023-10-27,90.4800033569336,7.314899921417236,1.0564459562301636,17.895000457763672,3.1640000343322754,50.53200149536133,31.540000915527344,2.87,98.74,815.62,2944.6000000000004,410475534.0,44.0,5.9,9.0,6.6,3700.0,101.0211,98.4,3.9179104543,98.6348114013672,125.65179443359376,68.4659194946289,1.9057414531707764,319.51198978815506,15.645409813193789,12.481409778861513,-2.2495906445698832,14.731000423431396,15.600000578781655,ukraine
2023-10-30,87.44999694824219,7.158699989318848,1.0562450885772705,17.90999984741211,3.351999998092652,50.547000885009766,31.36000061035156,3.24,99.19,819.48,2886.3,384548658.0,37.3,8.2,0.6,3.1,3700.0,101.0211,98.4,3.9179104543,98.6348114013672,125.65179443359376,68.4659194946289,1.9057414531707764,319.51198978815506,15.647078205203336,12.295078207110684,-2.2629216422087737,14.557999849319458,15.077585680731412,ukraine
2023-10-31,87.41000366210938,7.312099933624268,1.061503529548645,17.719999313354492,3.575000047683716,48.00600051879883,31.73600006103516,3.17,99.28,820.27,3193.0,416461271.0,31.4,9.3,0.0,4.2,3700.0,101.0211,98.4,3.9179104543,98.6348114013672,125.65179443359376,68.4659194946289,1.9057414531707764,319.51198978815506,14.9344807042557,11.359480656571984,-2.7855186090987925,14.144999265670776,15.070690286570583,ukraine
2023-11-01,84.62999725341797,7.315499782562256,1.0579099655151367,17.655000686645508,3.49399995803833,47.75699996948242,31.32999992370605,3.34,99.38,821.18,3167.1,414881486.0,37.2,8.1,0.0,5.6,3700.0,101.0211,98.4,3.9179104543,98.6348114013672,125.65179443359376,68.4659194946289,1.9057414531707764,319.51198978815506,14.806721351064592,11.312721393026262,-2.8482793355809157,14.161000728607178,14.591378836796203,ukraine
2023-11-02,86.8499984741211,7.315899848937988,1.05870521068573,17.645000457763672,3.4719998836517334,48.56399917602539,31.625,3.19,99.53,822.43,3118.6,395895596.0,36.8,7.4,9.8,6.4,3779.0,101.0211,98.4,3.9179104543,98.6348114013672,125.65179443359376,68.4659194946289,1.9057414531707764,319.51198978815506,15.068244262953916,11.596244379302183,-2.5767561948097555,14.173000574111938,14.974137667951913,ukraine
2023-11-03,84.88999938964844,7.3140997886657715,1.061909317970276,17.56999969482422,3.515000104904175,48.05699920654297,30.725000381469727,3.12,99.62,823.22,2945.4,294158675.0,59.0,5.9,8.7,6.1,3779.0,101.0211,98.4,3.9179104543,98.6348114013672,125.65179443359376,68.4659194946289,1.9057414531707764,319.51198978815506,14.956061372369875,11.4410612674657,-2.6139383224543433,14.054999589920044,14.636206791318697,ukraine
2023-11-06,85.18000030517578,7.298500061035156,1.073214769363403,17.44499969482422,3.263999938964844,44.83200073242188,30.290000915527344,3.0,99.77,824.41,2795.6000000000004,372742986.0,45.5,6.7,16.4,0.6,3779.0,101.0211,98.4,3.9179104543,98.6348114013672,125.65179443359376,68.4659194946289,1.9057414531707764,314.2168954860354,14.100935285816547,10.836935346851703,-3.3440644090076717,14.180999755859375,14.68620694916824,ukraine
2023-11-07,81.61000061035156,7.268599987030029,1.0721560716629028,17.354999542236328,3.140000104904175,46.05699920654297,30.101999282836918,2.71,99.76,824.47,3312.5,376253009.0,64.1,7.7,13.7,0.0,3779.0,101.0211,98.4,3.9179104543,98.6348114013672,125.65179443359376,68.4659194946289,1.9057414531707764,314.2168954860354,14.471941755575253,11.331941650671078,-2.883057786661075,14.214999437332153,14.070689760405442,ukraine
2023-11-08,79.54000091552734,7.27810001373291,1.0696102380752563,17.290000915527344,3.1059999465942383,45.777000427246094,30.040000915527344,2.0,99.74,824.34,3597.2000000000007,399669575.0,63.8,8.0,9.5,1.6,3779.0,101.0211,98.4,3.9179104543,98.6348114013672,125.65179443359376,68.4659194946289,1.9057414531707764,314.2168954860354,14.349806375282904,11.243806428688666,-2.9401945402444394,14.184000968933105,13.713793261297818,ukraine
2023-11-09,80.01000213623047,7.279300212860107,1.07104229927063,17.2549991607666,3.0409998893737797,48.12900161743164,30.979999542236328,2.18,99.69,823.93,3616.8,402054804.0,52.6,9.3,8.2,2.4,3773.0,101.0211,98.4,3.9179104543,98.6348114013672,125.65179443359376,68.4659194946289,1.9057414531707764,314.2168954860354,15.107292360200304,12.066292470826525,-2.147706800566297,14.213999271392822,13.794827954522495,ukraine
2023-11-10,81.43000030517578,7.282299995422363,1.0667576789855957,17.184999465942383,3.032999992370605,46.63199996948242,31.452999114990234,2.71,99.66,823.69,3579.2000000000003,393375410.0,36.1,8.4,11.2,0.5,3773.0,101.0211,98.4,3.9179104543,197.8870086669922,205.04005432128903,221.80393981933597,1.8391354084014893,314.2168954860354,14.578840274402996,11.54584028203239,-2.606159191539387,14.151999473571777,14.039655225030307,ukraine
2023-11-13,82.5199966430664,7.18179988861084,1.069015622138977,17.200000762939453,3.197000026702881,47.87300109863281,30.74399948120117,2.71,99.65,823.64,3561.7000000000003,388003454.0,54.1,8.6,7.9,10.2,3773.0,101.0211,98.4,3.9179104543,197.8870086669922,205.04005432128903,221.80393981933597,1.8391354084014893,314.2168954860354,14.998501249396242,11.80150122269336,-2.2014995135432116,14.003000736236572,14.227585628114898,ukraine
2023-11-14,82.47000122070312,7.289000034332275,1.0701825618743896,17.125,3.1059999465942383,47.608001708984375,31.371999740600582,2.61,99.58,823.0,3438.2,372564103.0,36.4,8.8,9.4,8.7,3773.0,101.0211,98.4,3.9179104543,197.8870086669922,205.04005432128903,221.80393981933597,1.8391354084014893,314.2168954860354,14.931759316628632,11.825759370034394,-2.193240683371368,14.019000053405762,14.218965727707436,ukraine
2023-11-15,81.18000030517578,7.252099990844727,1.0878314971923828,17.101999282836914,3.190000057220459,47.0369987487793,31.7810001373291,2.69,99.57,822.93,3352.2,392619073.0,41.5,10.7,11.8,17.5,3773.0,100.4689,97.8,5.0863723594,197.8870086669922,205.04005432128903,221.80393981933597,1.8391354084014893,314.2168954860354,14.99596404963478,11.805963992414322,-2.1060352332021335,13.911999225616455,13.996551776754446,ukraine
2023-11-16,77.41999816894531,7.245800018310547,1.0854581594467163,17.100000381469727,3.062000036239624,45.8489990234375,30.929000854492188,2.88,99.53,822.62,3273.9,393682151.0,22.4,10.6,13.2,18.5,3833.0,100.4689,97.8,5.0863723594,197.8870086669922,205.04005432128903,221.80393981933597,1.8391354084014893,314.2168954860354,14.585324779304122,11.523324743064498,-2.514675602165605,14.038000345230103,13.348275546369882,ukraine
2023-11-17,80.61000061035156,7.241000175476074,1.0853756666183472,16.975000381469727,2.9600000381469727,45.06399917602539,30.549999237060547,2.91,99.36,821.01,3576.0,398750772.0,24.3,11.8,10.8,19.0,3833.0,100.4689,97.8,5.0863723594,197.8870086669922,205.04005432128903,221.80393981933597,1.8391354084014893,314.2168954860354,14.334513867006397,11.374513828859424,-2.64048651446333,14.015000343322754,13.898275967301993,ukraine
2023-11-20,82.31999969482422,7.209700107574463,1.090702772140503,17.125,2.881999969482422,45.82099914550781,30.51000022888184,2.62,99.22,819.9,3472.3,378985073.0,30.1,7.9,9.0,12.0,3833.0,100.4689,97.8,5.0863723594,197.8870086669922,205.04005432128903,221.80393981933597,1.8391354084014893,314.2168954860354,14.646846492304826,11.764846522822404,-2.4781535076951737,14.243000030517578,14.193103395659348,ukraine
2023-11-21,82.44999694824219,7.167500019073486,1.0945948362350464,16.46500015258789,2.845999956130981,44.06499862670898,30.14800071716309,2.49,99.12,819.12,3659.2000000000007,416102752.0,26.3,11.4,7.9,14.3,3833.0,100.4689,97.8,5.0863723594,197.8870086669922,205.04005432128903,221.80393981933597,1.8391354084014893,314.2168954860354,14.135797463029084,11.289797506898102,-2.329202689558807,13.61900019645691,14.215516715214171,ukraine
2023-11-22,81.95999908447266,7.086900234222412,1.0918222665786743,16.489999771118164,2.8970000743865967,44.61600112915039,29.799999237060547,2.63,98.93,817.49,3541.5,410773252.0,11.2,12.9,6.8,19.0,3833.0,100.4689,97.8,5.0863723594,197.8870086669922,205.04005432128903,221.80393981933597,1.8391354084014893,314.2168954860354,14.276302695231049,11.379302620844452,-2.213697075887115,13.592999696731567,14.131034324909079,ukraine
2023-11-23,81.37000274658203,7.154200077056885,1.0890873670578003,16.489999771118164,2.934000015258789,46.58000183105469,29.799999237060547,2.72,98.64,815.08,3373.0,414228520.0,41.3,10.0,14.4,18.4,3826.0,100.4689,97.8,5.0863723594,197.8870086669922,205.04005432128903,221.80393981933597,1.8391354084014893,314.2168954860354,14.867412108451255,11.933412093192466,-1.6225876626669091,13.555999755859375,14.029310818376212,ukraine
2023-11-24,80.58000183105469,7.0858001708984375,1.0906314849853516,17.094999313354492,2.8550000190734863,46.65700149536133,30.420000076293945,2.72,98.41,813.27,3178.6000000000004,406487234.0,45.0,5.6,12.2,13.7,3826.0,100.4689,97.8,5.0863723594,197.8870086669922,205.04005432128903,221.80393981933597,1.8391354084014893,314.2168954860354,14.913102869709242,12.058102850635755,-2.1818964436452504,14.239999294281006,13.893103763974947,ukraine
2023-11-27,79.9800033569336,7.081900119781494,1.0940439701080322,16.5049991607666,2.7939999103546143,43.98400115966797,29.242000579833984,2.72,97.69,807.34,3588.4,388561033.0,43.1,12.5,13.8,8.6,3826.0,100.4689,97.8,5.0863723594,197.8870086669922,205.04005432128903,221.80393981933597,1.8391354084014893,314.2168954860354,14.102713033450984,11.30871312309637,-2.4022861273156177,13.710999250411987,13.789655751195447,ukraine
2023-11-28,81.68000030517578,7.130300045013428,1.095842361450195,16.420000076293945,2.7060000896453857,42.77399826049805,29.07999992370605,2.74,97.24,803.59,3846.5,393699708.0,70.8,6.4,14.7,14.2,3826.0,100.4689,97.8,5.0863723594,197.8870086669922,205.04005432128903,221.80393981933597,1.8391354084014893,314.2168954860354,13.737290750804691,11.031290661159305,-2.6827093254892542,13.71399998664856,14.08275867330617,ukraine
2023-11-29,83.0999984741211,7.063799858093262,1.100594401359558,16.2450008392334,2.803999900817871,40.36000061035156,28.33799934387207,2.78,96.71,799.28,3887.8,459558107.0,68.6,11.1,16.5,21.9,3826.0,100.4689,97.8,5.0863723594,197.8870086669922,205.04005432128903,221.80393981933597,1.8391354084014893,314.2168954860354,13.018220445415862,10.21422054459799,-3.2267803938175366,13.441000938415527,14.327585943813983,ukraine
2023-11-30,82.83000183105469,7.07889986038208,1.0973695516586304,16.135000228881836,2.802000045776367,42.09099960327149,28.200000762939453,2.7,96.08,794.04,3422.7000000000003,487836566.0,42.5,12.1,17.6,19.6,3836.0,100.4689,97.8,5.0863723594,197.8870086669922,205.04005432128903,221.80393981933597,1.8391354084014893,314.2168954860354,13.5367779058027,10.734777860026332,-2.5982223230791366,13.333000183105469,14.281034798457705,ukraine
2023-12-01,78.87999725341797,7.075399875640869,1.089205980300903,16.25,2.813999891281128,43.49599838256836,28.82999992370605,2.75,95.47,789.01,3461.3,539628439.0,22.9,12.4,18.0,14.4,3836.0,100.4689,97.8,5.0863723594,197.8870086669922,205.04005432128903,221.80393981933597,1.8391354084014893,314.2168954860354,13.884571429499337,11.070571538218209,-2.3654285705006632,13.436000108718872,13.599999526451374,ukraine
2023-12-04,78.02999877929688,7.061800003051758,1.088814616203308,16.049999237060547,2.694000005722046,40.104000091552734,28.18000030517578,2.63,93.9,775.9,3017.5,469833208.0,26.3,15.5,20.7,21.8,3836.0,100.4689,97.8,5.0863723594,197.8870086669922,205.04005432128903,221.80393981933597,1.8391354084014893,314.2168954860354,12.79719515257329,10.103195146851244,-3.2528040844872574,13.355999231338501,13.453448065396014,ukraine
2023-12-05,77.19999694824219,7.135200023651123,1.0837758779525757,16.059999465942383,2.7100000381469727,38.132999420166016,27.350000381469727,2.55,93.24,770.46,3405.9000000000005,480942444.0,18.0,19.2,14.5,23.1,3836.0,100.4689,97.8,5.0863723594,197.8870086669922,205.04005432128903,221.80393981933597,1.8391354084014893,314.2168954860354,12.111937061654997,9.401937023508024,-3.948062404287386,13.34999942779541,13.310344301421067,ukraine
2023-12-06,74.30000305175781,7.145599842071533,1.0793657302856443,16.0049991607666,2.569000005722046,39.3129997253418,27.475000381469727,2.72,92.62,765.32,3679.8,515561368.0,22.7,19.2,12.5,21.3,3836.0,100.4689,97.8,5.0863723594,197.8870086669922,205.04005432128903,221.80393981933597,1.8391354084014893,315.7712405109664,12.435921345039443,9.866921339317397,-3.5690778157271588,13.435999155044556,12.810345353751348,ukraine
2023-12-07,74.05000305175781,7.144599914550781,1.076669692993164,16.049999237060547,2.5850000381469727,39.96799850463867,27.8799991607666,2.76,91.98,760.05,3425.9,482401847.0,16.0,19.2,12.9,17.9,3719.0,100.4689,97.8,5.0863723594,197.8870086669922,205.04005432128903,221.80393981933597,1.8391354084014893,315.7712405109664,12.611537826566483,10.02653778841951,-3.438461410494064,13.464999198913574,12.767241905475485,ukraine
2023-12-08,75.83999633789062,7.148799896240234,1.079214334487915,15.975000381469728,2.5810000896453857,38.59799957275391,27.38999938964844,2.52,91.43,755.48,3458.4,458398906.0,28.8,17.8,14.0,19.8,3719.0,100.4689,97.8,5.0863723594,197.8870086669922,205.04005432128903,221.80393981933597,1.8391354084014893,315.7712405109664,12.208032033115419,9.627031943470033,-3.7669683483543093,13.394000291824343,13.07586143756735,ukraine
2023-12-11,76.02999877929688,7.126599788665772,1.0765769481658936,15.744999885559082,2.430999994277954,36.11800003051758,26.84000015258789,2.57,90.58,748.51,2954.9,448517956.0,27.5,15.2,17.0,14.0,3719.0,100.4689,97.8,5.0863723594,156.69613647460938,143.49435424804688,189.5543975830078,1.2704174518585205,315.7712405109664,11.395724163343317,8.964724169065363,-4.349275722215765,13.313999891281128,13.108620479189117,ukraine
2023-12-12,73.23999786376953,7.174200057983398,1.076658010482788,15.614999771118164,2.311000108718872,34.702999114990234,27.11899948120117,2.39,90.27,745.88,3173.7,448269858.0,20.3,17.6,13.5,12.3,3719.0,100.4689,97.8,5.0863723594,156.69613647460938,143.49435424804688,189.5543975830078,1.2704174518585205,315.7712405109664,10.950096416012046,8.639096307293174,-4.664903355106118,13.303999662399292,12.627585838580954,ukraine
2023-12-13,74.26000213623047,7.176000118255615,1.0798670053482056,15.454999923706056,2.3350000381469727,35.8120002746582,27.545000076293945,2.37,89.92,742.98,3140.7,452504638.0,34.3,13.1,9.1,7.1,3719.0,100.4689,97.8,5.0863723594,156.69613647460938,143.49435424804688,189.5543975830078,1.2704174518585205,315.7712405109664,11.333707729496524,8.998707691349551,-4.121292194209532,13.119999885559084,12.803448644177667,ukraine
2023-12-14,76.61000061035156,7.17170000076294,1.0886130332946775,15.324999809265137,2.3919999599456787,34.849998474121094,26.628999710083008,2.33,89.55,739.91,3181.3000000000006,454503284.0,48.7,10.5,8.1,9.2,3664.0,100.4689,97.8,5.0863723594,156.69613647460938,143.49435424804688,189.5543975830078,1.2704174518585205,315.7712405109664,11.118583220274623,8.726583260328944,-4.206416588990514,12.932999849319458,13.208620794888201,ukraine
2023-12-15,76.55000305175781,7.066999912261963,1.0993602275848389,15.196999549865724,2.490999937057495,33.18899917602539,26.729999542236328,2.39,89.13,736.51,3271.9,455665224.0,40.6,8.7,16.1,8.3,3664.0,100.4689,97.8,5.0863723594,156.69613647460938,143.49435424804688,189.5543975830078,1.2704174518585205,315.7712405109664,10.693191278044953,8.202191340987458,-4.5038082718207715,12.70599961280823,13.198276388234106,ukraine
2023-12-18,77.94999694824219,7.070499897003174,1.0895264148712158,12.395000457763672,2.503000020980835,35.52199935913086,27.332000732421875,2.44,88.47,731.06,3232.9,437924120.0,48.0,11.1,19.7,11.1,3664.0,100.8639,98.8,6.5009560273,156.69613647460938,143.49435424804688,189.5543975830078,1.2704174518585205,315.7712405109664,11.342487884673979,8.839487863693144,-1.0525125730896931,9.892000436782837,13.439654646248654,ukraine
2023-12-19,79.2300033569336,7.131999969482422,1.092382788658142,11.774999618530272,2.492000102996826,32.56800079345703,27.530000686645508,2.59,88.07,727.74,3451.7,437032987.0,20.7,12.7,16.5,12.0,3664.0,100.8639,98.8,6.5009560273,156.69613647460938,143.49435424804688,189.5543975830078,1.2704174518585205,315.7712405109664,10.426513427871416,7.93451332487459,-1.3484861906588552,9.282999515533445,13.660345406367862,ukraine
2023-12-20,79.69999694824219,7.067599773406982,1.0981045961380005,11.8100004196167,2.447000026702881,33.520999908447266,28.76499938964844,2.44,87.65,724.26,3153.2000000000003,449990717.0,35.9,11.2,14.0,15.4,3664.0,100.8639,98.8,6.5009560273,156.69613647460938,143.49435424804688,189.5543975830078,1.2704174518585205,315.7712405109664,10.787823496869247,8.340823470166367,-1.0221769227474518,9.363000392913818,13.741378784179688,ukraine
2023-12-21,79.38999938964844,7.134099960327148,1.094570875167847,11.9350004196167,2.572000026702881,34.202999114990234,29.88999938964844,2.48,87.31,721.49,2998.3,461116492.0,51.1,9.2,13.1,26.6,3577.0,100.8639,98.8,6.5009560273,156.69613647460938,143.49435424804688,189.5543975830078,1.2704174518585205,315.7712405109664,10.971884704220798,8.399884677517917,-0.9631157153959009,9.363000392913818,13.687930929249731,ukraine
2023-12-22,79.06999969482422,7.138500213623047,1.100618600845337,11.94499969482422,2.609999895095825,34.17399978637695,30.21500015258789,2.48,87.07,719.48,2649.9,454139216.0,59.7,9.2,12.0,27.8,3577.0,100.8639,98.8,6.5009560273,156.69613647460938,143.49435424804688,189.5543975830078,1.2704174518585205,315.7712405109664,11.023152575852997,8.413152680757172,-0.9218471189712236,9.334999799728395,13.632758568073141,ukraine
2023-12-25,79.06999969482422,7.0833001136779785,1.102657437324524,11.94499969482422,2.609999895095825,34.17399978637695,30.21500015258789,2.54,86.78,717.1,2691.9999999999995,421800769.0,57.4,9.5,17.7,28.1,3577.0,100.8639,98.8,6.5009560273,156.69613647460938,143.49435424804688,189.5543975830078,1.2704174518585205,315.7712405109664,11.04357237029408,8.433572475198254,-0.9014273245301414,9.334999799728395,13.632758568073141,ukraine
2023-12-26,81.06999969482422,7.135499954223633,1.1020255088806152,11.94499969482422,2.549999952316284,34.17399978637695,30.21999931335449,2.54,86.78,717.05,2782.9999999999995,421758919.0,78.4,8.3,15.9,30.2,3577.0,100.8639,98.8,6.5009560273,156.69613647460938,143.49435424804688,189.5543975830078,1.2704174518585205,315.7712405109664,11.037243344372769,8.487243392056484,-0.9077563504514519,9.394999742507936,13.977586154280038,ukraine
2023-12-27,79.6500015258789,7.142399787902832,1.1043012142181396,11.869999885559082,2.61899995803833,35.51300048828125,30.604999542236328,2.5,86.71,716.48,2805.2,420710116.0,70.9,10.2,12.2,29.1,3577.0,100.8639,98.8,6.5009560273,156.69613647460938,143.49435424804688,189.5543975830078,1.2704174518585205,315.7712405109664,11.493388184464404,8.874388226426074,-0.3766117010946779,9.250999927520752,13.732758883772226,ukraine
2023-12-28,78.38999938964844,7.140200138092041,1.110864281654358,11.725000381469728,2.556999921798706,33.10499954223633,30.670000076293945,2.63,86.55,715.14,2908.6,421689447.0,39.7,8.5,11.4,23.3,3490.0,100.8639,98.8,6.5009560273,156.69613647460938,143.49435424804688,189.5543975830078,1.2704174518585205,315.7712405109664,10.777741105480493,8.220741183681787,-0.9472592759892358,9.168000459671022,13.515517136146283,ukraine
2023-12-29,77.04000091552734,7.10699987411499,1.1068191528320312,11.520000457763672,2.513999938964844,32.349998474121094,30.68000030517578,2.55,86.46,714.4,2946.4,441651387.0,66.9,6.8,9.1,21.3,3490.0,100.8639,98.8,6.5009560273,156.69613647460938,143.49435424804688,189.5543975830078,1.2704174518585205,315.7712405109664,10.493589918715005,7.979589979750161,-1.0264105390486673,9.006000518798828,13.282758778539197,ukraine
2024-01-01,77.04000091552734,7.068600177764893,1.1055831909179688,11.520000457763672,2.513999938964844,32.349998474121094,30.68000030517578,2.58,86.15,711.88,2554.7000000000003,423362857.0,40.4,11.0,15.6,17.9,3490.0,100.8639,98.8,6.5009560273,156.69613647460938,143.49435424804688,189.5543975830078,1.2704174518585205,315.7712405109664,10.481871945233847,7.967872006269003,-1.0381285125298252,9.006000518798828,13.282758778539197,ukraine
2024-01-02,75.88999938964844,7.068600177764893,1.1038745641708374,11.494999885559082,2.568000078201294,30.57200050354004,29.20599937438965,2.58,85.99,710.59,2359.8,382413674.0,76.2,7.5,14.6,18.1,3490.0,100.8639,98.8,6.5009560273,156.69613647460938,143.49435424804688,189.5543975830078,1.2704174518585205,315.7712405109664,9.890465728743804,7.32246565054251,-1.6045341568152782,8.926999807357788,13.084482653387662,ukraine
2024-01-03,78.25,7.089600086212158,1.0941756963729858,11.5,2.6679999828338623,32.79499816894531,29.72100067138672,2.56,85.78,708.81,2613.6,421650494.0,69.0,9.0,13.7,18.3,3490.0,100.8639,98.8,6.5009560273,156.69613647460938,143.49435424804688,189.5543975830078,1.2704174518585205,315.7712405109664,10.51641783720965,7.848417854375787,-0.9835821627903503,8.832000017166138,13.491379310344827,ukraine
2024-01-04,77.58999633789062,7.098899841308594,1.0927767753601074,11.55500030517578,2.821000099182129,33.40999984741211,29.1299991607666,2.57,85.56,706.99,2552.5,423158103.0,49.4,10.0,17.4,17.4,3476.0,100.8639,98.8,6.5009560273,156.69613647460938,143.49435424804688,189.5543975830078,1.2704174518585205,315.7712405109664,10.699933736023928,7.878933636841799,-0.8550665691518518,8.73400020599365,13.377585575498385,ukraine
2024-01-05,78.76000213623047,7.110000133514404,1.0947387218475342,11.5649995803833,2.8929998874664307,34.55099868774414,29.118000030517575,2.83,85.2,704.06,2481.9,423455791.0,51.6,9.5,18.0,18.1,3476.0,100.8639,98.8,6.5009560273,156.69613647460938,143.49435424804688,189.5543975830078,1.2704174518585205,281.71081860893764,11.085218115897018,8.192218228430587,-0.4797814644862832,8.67199969291687,13.579310713143185,ukraine
2024-01-08,76.12000274658203,7.09250020980835,1.0942236185073853,11.479999542236328,2.9800000190734863,31.57999992370605,27.69499969482422,2.75,83.96,693.78,2466.7,416951757.0,56.7,9.4,18.1,19.6,3476.0,100.8639,98.8,6.5009560273,156.69613647460938,143.49435424804688,189.5543975830078,1.2704174518585205,281.71081860893764,10.127246182448722,7.147246163375236,-1.3527533597876058,8.499999523162842,13.124138404583109,ukraine
2024-01-09,77.58999633789062,7.090000152587891,1.095170259475708,11.300000190734863,3.190000057220459,30.641000747680664,27.69499969482422,2.72,83.12,686.82,3271.5000000000005,422078068.0,23.5,11.3,18.7,16.4,3476.0,100.8639,98.8,6.5009560273,156.69613647460938,143.49435424804688,189.5543975830078,1.2704174518585205,281.71081860893764,9.834623649508167,6.644623592287708,-1.4653765412266964,8.110000133514404,13.377585575498385,ukraine
2024-01-10,76.80000305175781,7.101600170135498,1.093242645263672,11.28499984741211,3.0390000343322754,30.941999435424805,26.799999237060547,3.25,82.2,679.2,3716.1,460048334.0,53.8,11.5,20.5,17.8,3476.0,100.8639,98.8,6.5009560273,142.2794647216797,136.1783905029297,173.96380615234375,1.4997425079345703,281.71081860893764,9.913753044286244,6.874753009953968,-1.3712468031258656,8.245999813079834,13.241379836509967,ukraine
2024-01-11,77.41000366210938,7.170400142669678,1.0975141525268557,11.244999885559082,3.0969998836517334,30.816999435424805,26.174999237060547,3.25,81.25,671.4,3676.5,443635414.0,48.6,14.5,18.2,20.1,3336.0,100.8639,98.8,6.5009560273,142.2794647216797,136.1783905029297,173.96380615234375,1.4997425079345703,281.71081860893764,9.91228174072308,6.815281857071346,-1.3327181448360026,8.148000001907349,13.3465523555361,ukraine
2024-01-12,78.29000091552734,7.103099822998047,1.0981649160385132,11.199999809265137,3.312999963760376,31.99099922180176,25.30500030517578,3.15,80.35,663.93,3565.7,458236790.0,37.4,17.7,17.9,25.0,3336.0,100.8639,98.8,6.5009560273,142.2794647216797,136.1783905029297,173.96380615234375,1.4997425079345703,281.71081860893764,10.29599986354548,6.982999899785105,-0.9039999457196561,7.886999845504761,13.498276019918508,ukraine
2024-01-15,78.29000091552734,7.100599765777588,1.094570875167847,11.199999809265137,3.312999963760376,31.99099922180176,25.30500030517578,13.2,78.33,647.24,2816.5,413423639.0,22.1,21.0,17.9,20.8,3336.0,100.6031,98.5,9.9900099944,142.2794647216797,136.1783905029297,173.96380615234375,1.4997425079345703,281.71081860893764,10.262303427087243,6.949303463326867,-0.9376963821778936,7.886999845504761,13.498276019918508,ukraine
2024-01-16,78.29000091552734,7.0970001220703125,1.094570875167847,10.024999618530272,2.900000095367432,29.6560001373291,25.107999801635746,13.2,77.58,641.04,3168.0,421117904.0,18.9,19.1,18.6,18.9,3336.0,100.6031,98.5,9.9900099944,142.2794647216797,136.1783905029297,173.96380615234375,1.4997425079345703,281.71081860893764,9.513265582389382,6.61326548702195,-0.51173403614089,7.12499952316284,13.498276019918508,ukraine
2024-01-17,77.87999725341797,7.116499900817871,1.087878942489624,9.550000190734863,2.869999885559082,27.70800018310547,24.32999992370605,3.25,76.76,634.28,2996.8,440225384.0,32.1,15.9,17.9,20.9,3336.0,100.6031,98.5,9.9900099944,142.2794647216797,136.1783905029297,173.96380615234375,1.4997425079345703,281.71081860893764,8.834030824555583,5.964030938996501,-0.7159693661792801,6.680000305175781,13.427585733347927,ukraine
2024-01-18,79.0999984741211,7.114500045776367,1.0885775089263916,9.55500030517578,2.697000026702881,27.89299964904785,24.34000015258789,2.86,75.97,627.73,2810.7,440223956.0,51.1,13.9,20.4,20.5,3182.0,100.6031,98.5,9.9900099944,142.2794647216797,136.1783905029297,173.96380615234375,1.4997425079345703,281.71081860893764,8.898723989767484,6.2017239630646035,-0.6562763154082951,6.858000278472899,13.637930771400189,ukraine
2024-01-19,78.55999755859375,7.114999771118164,1.0879143476486206,9.585000038146973,2.5190000534057617,28.429000854492188,24.475000381469727,2.88,75.24,621.74,2921.7,438821043.0,51.7,15.0,37.2,21.0,3182.0,100.6031,98.5,9.9900099944,142.2794647216797,136.1783905029297,173.96380615234375,1.4997425079345703,281.71081860893764,9.06419956945405,6.545199516048289,-0.5208004686929222,7.065999984741211,13.544827165274786,ukraine
2024-01-22,80.05999755859375,7.107100009918213,1.089229702949524,9.404999732971191,2.4189999103546143,27.263999938964844,23.96999931335449,2.7,73.37,606.26,2616.9,414430655.0,35.1,19.2,32.0,17.9,3182.0,100.6031,98.5,9.9900099944,142.2794647216797,136.1783905029297,173.96380615234375,1.4997425079345703,281.71081860893764,8.703264975861048,6.284265065506434,-0.7017347571101435,6.985999822616577,13.803447854929958,ukraine
2024-01-23,79.55000305175781,7.192699909210205,1.088020920753479,9.335000038146973,2.450000047683716,27.226999282836918,24.36599922180176,2.35,72.85,601.97,2728.6,414180668.0,34.2,19.4,25.0,14.8,3182.0,100.6031,98.5,9.9900099944,142.2794647216797,136.1783905029297,173.96380615234375,1.4997425079345703,281.71081860893764,8.681808140658513,6.231808092974797,-0.6531918974884601,6.884999990463257,13.715517767544451,ukraine
2024-01-24,80.04000091552734,7.077600002288818,1.0857881307601929,9.574999809265137,2.6410000324249268,28.929000854492188,25.33300018310547,2.15,72.36,597.91,2853.7000000000003,434241305.0,59.6,16.1,28.3,15.0,3182.0,100.6031,98.5,9.9900099944,142.2794647216797,136.1783905029297,173.96380615234375,1.4997425079345703,281.71081860893764,9.205591142965732,6.564591110540805,-0.36940866629940494,6.93399977684021,13.800000157849542,ukraine
2024-01-25,82.43000030517578,7.081999778747559,1.088174819946289,9.390000343322754,2.571000099182129,27.78400039672852,24.420000076293945,2.45,71.99,594.87,2663.0999999999995,433854705.0,57.8,17.0,30.0,16.6,2856.0,100.6031,98.5,9.9900099944,142.2794647216797,136.1783905029297,173.96380615234375,1.4997425079345703,281.71081860893764,8.860670907142637,6.289670807960508,-0.5293294361801166,6.819000244140625,14.212069018133755,ukraine
2024-01-26,83.55000305175781,7.081099987030029,1.0847046375274658,9.289999961853027,2.711999893188477,28.07900047302246,24.280000686645508,2.56,71.59,591.52,2799.3,430406108.0,66.6,13.9,30.7,20.3,2856.0,100.6031,98.5,9.9900099944,142.2794647216797,136.1783905029297,173.96380615234375,1.4997425079345703,281.71081860893764,8.926193541362128,6.2141936481736515,-0.3638064204908993,6.578000068664551,14.405172939958243,ukraine
2024-01-29,82.4000015258789,7.086599826812744,1.0843517780303955,9.390000343322754,2.490000009536743,28.173999786376957,23.82999992370605,2.36,70.46,582.25,2440.1,427339253.0,79.1,8.5,17.4,25.8,2856.0,100.6031,98.5,9.9900099944,142.2794647216797,136.1783905029297,173.96380615234375,1.4997425079345703,281.71081860893764,8.95347985797354,6.463479848436798,-0.43652048534921306,6.900000333786011,14.206896814806708,ukraine
2024-01-30,82.87000274658203,7.084499835968018,1.0834470987319946,9.479999542236328,2.07699990272522,29.391000747680664,24.66900062561035,2.41,69.97,578.14,2795.6,427954271.0,40.1,11.2,15.9,23.4,2856.0,100.6031,98.5,9.9900099944,142.2794647216797,136.1783905029297,173.96380615234375,1.4997425079345703,281.71081860893764,9.332440781710158,7.255440878984938,-0.14755876052617012,7.402999639511108,14.287931508031384,ukraine
2024-01-31,81.70999908447266,7.094099998474121,1.08433997631073,9.529999732971191,2.0999999046325684,30.23500061035156,24.739999771118164,2.26,69.49,574.22,2760.8,431078693.0,59.7,10.0,15.3,21.1,2856.0,100.6031,98.5,9.9900099944,142.2794647216797,136.1783905029297,173.96380615234375,1.4997425079345703,281.71081860893764,9.60834545053354,7.508345545900971,0.07834571756234787,7.429999828338623,14.087930876633218,ukraine
2024-02-01,78.69999694824219,7.1006999015808105,1.0803920030593872,9.460000038146973,2.049999952316284,28.99099922180176,24.084999084472656,2.19,69.06,570.63,2716.5,431036675.0,41.2,13.8,16.2,20.3,2659.0,100.6031,98.5,9.9900099944,142.2794647216797,136.1783905029297,173.96380615234375,1.4997425079345703,281.71081860893764,9.17947203805692,7.129472085740636,-0.28052800009005274,7.4100000858306885,13.568964991076239,ukraine
2024-02-02,77.33000183105469,7.088500022888184,1.0874648094177246,9.460000038146973,2.0789999961853027,29.304000854492188,24.51000022888184,2.15,68.62,567.05,2764.9,425697201.0,42.0,13.8,15.9,21.1,2659.0,100.6031,98.5,9.9900099944,142.2794647216797,136.1783905029297,173.96380615234375,1.4997425079345703,281.71081860893764,9.339320691532935,7.260320695347632,-0.1206793466140379,7.38100004196167,13.332758936388739,ukraine
2024-02-05,77.98999786376953,7.112599849700928,1.0780043601989746,9.454999923706056,2.0820000171661377,28.340999603271484,24.06999969482422,2.01,67.79,560.18,2367.3,421716892.0,52.8,11.8,15.8,16.9,2659.0,100.6031,98.5,9.9900099944,142.2794647216797,136.1783905029297,173.96380615234375,1.4997425079345703,323.4101058768188,8.953829896992524,6.871829879826386,-0.5011700267135328,7.372999906539919,13.446551355822333,ukraine
2024-02-06,78.58999633789062,7.108500003814697,1.0741831064224243,9.470000267028809,2.009000062942505,28.60700035095215,24.46500015258789,2.12,67.43,557.22,2637.8,421328333.0,47.9,11.5,14.7,16.7,2659.0,100.6031,98.5,9.9900099944,142.2794647216797,136.1783905029297,173.96380615234375,1.4997425079345703,323.4101058768188,9.005831092045801,6.996831029103296,-0.4641691749830077,7.461000204086304,13.549999368601833,ukraine
2024-02-07,79.20999908447266,7.100100040435791,1.075719952583313,9.449999809265137,1.9670000076293943,28.18600082397461,24.059999465942383,2.1,67.08,554.29,2654.4,418733735.0,55.1,9.8,16.3,18.0,2659.0,100.6031,98.5,9.9900099944,142.2794647216797,136.1783905029297,173.96380615234375,1.4997425079345703,323.4101058768188,8.88599045463527,6.918990447005875,-0.5640093546298672,7.482999801635742,13.656896393874597,ukraine
2024-02-08,81.62999725341797,7.101099967956543,1.077574610710144,9.449999809265137,1.9170000553131104,27.812000274658203,23.416000366210938,1.94,66.62,550.47,2708.9,419205501.0,53.3,8.3,17.9,15.4,2584.0,100.6031,98.5,9.9900099944,142.2794647216797,136.1783905029297,173.96380615234375,1.4997425079345703,323.4101058768188,8.783199214872553,6.866199159559443,-0.6668005943925834,7.532999753952026,14.074137457485858,ukraine
2024-02-09,82.19000244140625,7.10699987411499,1.077725529670715,9.4350004196167,1.847000002861023,27.117000579833984,22.649999618530277,1.74,66.19,546.96,2902.0,418455507.0,57.8,8.4,17.5,13.5,2584.0,100.6031,98.5,9.9900099944,142.2794647216797,136.1783905029297,173.96380615234375,1.4997425079345703,323.4101058768188,8.564913459876403,6.71791345701538,-0.8700869597402967,7.588000416755676,14.170690076104526,ukraine
2024-02-12,82.0,7.178999900817871,1.0798202753067017,9.4350004196167,1.7680000066757202,25.72900009155273,21.96999931335449,1.74,65.81,541.55,2320.6,406798270.0,35.6,13.5,16.2,19.8,2584.0,100.6031,98.5,9.9900099944,160.3736572265625,140.83609008789062,208.4711456298828,1.5533007383346558,323.4101058768188,8.142308335011641,6.374308328335921,-1.2926920846050578,7.667000412940979,14.13793103448276,ukraine
2024-02-13,82.7699966430664,7.192200183868408,1.0772264003753662,9.404999732971191,1.6890000104904177,25.43600082397461,21.8700008392334,1.76,65.15,538.31,2599.8,405425358.0,24.2,16.0,10.2,19.4,2584.0,100.6031,98.5,9.9900099944,160.3736572265625,140.83609008789062,208.4711456298828,1.5533007383346558,323.4101058768188,8.030248350757887,6.3412483402674695,-1.3747513822133044,7.715999722480774,14.27068907639076,ukraine
2024-02-14,81.5999984741211,7.188700199127197,1.070893168449402,9.364999771118164,1.6089999675750732,24.85700035095215,21.850000381469727,1.61,64.76,535.13,2643.8,417644302.0,48.0,8.1,8.8,19.4,2584.0,100.6031,98.5,9.9900099944,160.3736572265625,140.83609008789062,208.4711456298828,1.5533007383346558,323.4101058768188,7.801318780583167,6.192318813008094,-1.5636809905349969,7.755999803543091,14.06896525415881,ukraine
2024-02-15,82.86000061035156,7.175899982452393,1.073214769363403,9.347000122070312,1.5809999704360962,24.965999603271484,22.36000061035156,1.51,64.46,532.68,2536.2000000000003,424825281.0,36.0,8.4,15.8,19.3,2530.0,99.2223,97.5,6.2317429405,160.3736572265625,140.83609008789062,208.4711456298828,1.5533007383346558,323.4101058768188,7.852514699324124,6.271514728888028,-1.4944854227461883,7.766000151634216,14.286207001784753,ukraine
2024-02-16,83.47000122070312,7.163899898529053,1.0773887634277344,8.569999694824219,1.6089999675750732,24.82200050354004,22.065000534057617,1.53,64.25,530.91,2535.4,432224658.0,38.0,9.9,17.9,19.4,2530.0,99.2223,97.5,6.2317429405,160.3736572265625,140.83609008789062,208.4711456298828,1.5533007383346558,323.4101058768188,7.837587094407499,6.2285871268324255,-0.73241260041672,6.9609997272491455,14.391379520810885,ukraine
2024-02-19,83.47000122070312,7.118599891662598,1.0784927606582642,8.569999694824219,1.6089999675750732,24.82200050354004,22.065000534057617,1.55,63.89,527.96,2542.2,423917448.0,37.8,7.6,17.9,7.5,2530.0,99.2223,97.5,6.2317429405,160.3736572265625,140.83609008789062,208.4711456298828,1.5533007383346558,323.4101058768188,7.845618247822106,6.236618280247033,-0.7243814470021128,6.9609997272491455,14.391379520810885,ukraine
2024-02-20,82.33999633789062,7.197199821472168,1.0775396823883057,8.369999885559082,1.5759999752044678,24.167999267578125,20.94499969482422,1.55,63.71,526.43,3141.6000000000004,406548635.0,40.0,5.4,14.5,17.9,2530.0,99.2223,97.5,6.2317429405,160.3736572265625,140.83609008789062,208.4711456298828,1.5533007383346558,323.4101058768188,7.632154089441505,6.056154114237037,-0.7378457961175773,6.793999910354614,14.196551092739764,ukraine
2024-02-21,83.02999877929688,7.189700126647949,1.0813149213790894,8.295000076293945,1.7730000019073486,23.976999282836918,21.084999084472656,1.5,63.5,524.71,3301.7,433376845.0,44.2,7.7,19.7,18.4,2530.0,99.2223,97.5,6.2317429405,160.3736572265625,140.83609008789062,208.4711456298828,1.5533007383346558,323.4101058768188,7.5983655695332795,5.825365567625931,-0.6966345067606659,6.522000074386597,14.315517030913254,ukraine
2024-02-22,83.66999816894531,7.18809986114502,1.082040309906006,8.154999732971191,1.7319999933242798,23.19300079345703,20.270000457763672,1.58,63.28,522.93,3187.6000000000004,427531501.0,23.8,9.0,23.7,15.7,2470.0,99.2223,97.5,6.2317429405,160.3736572265625,140.83609008789062,208.4711456298828,1.5533007383346558,323.4101058768188,7.35484527780293,5.62284528447865,-0.8001544551682613,6.422999739646912,14.425861753266433,ukraine
2024-02-23,81.62000274658203,7.193299770355225,1.0825674533843994,8.125,1.6030000448226929,22.93400001525879,20.280000686645508,1.62,63.05,521.04,2952.1,424258606.0,47.1,8.8,19.0,9.8,2470.0,99.2223,97.5,6.2317429405,160.3736572265625,140.83609008789062,208.4711456298828,1.5533007383346558,323.4101058768188,7.276255368313283,5.67325532349059,-0.8487446316867171,6.521999955177307,14.072414266652075,ukraine
2024-02-26,82.52999877929688,7.194399833679199,1.0820051431655884,8.300000190734863,1.659000039100647,24.00900077819824,20.87800025939941,1.52,62.37,515.47,2961.2,421426184.0,49.5,8.7,10.0,17.6,2470.0,99.2223,97.5,6.2317429405,160.3736572265625,140.83609008789062,208.4711456298828,1.5533007383346558,323.4101058768188,7.613363556090052,5.954363516989405,-0.6866366346448114,6.641000151634216,14.22931013436153,ukraine
2024-02-27,83.6500015258789,7.196300029754639,1.0850930213928225,8.220000267028809,1.6150000095367432,24.392000198364254,21.700000762939453,1.65,62.01,512.48,3127.5,414432171.0,47.5,8.3,11.0,18.9,2470.0,99.2223,97.5,6.2317429405,160.3736572265625,140.83609008789062,208.4711456298828,1.5533007383346558,323.4101058768188,7.7568884023098095,6.141888392773066,-0.4631118647189991,6.605000257492065,14.42241405618602,ukraine
2024-02-28,83.68000030517578,7.197400093078613,1.084481120109558,8.494999885559082,1.8849999904632568,25.61899948120117,22.25,1.52,61.6,509.1,3050.2000000000003,433102728.0,56.0,12.7,13.5,17.8,2470.0,99.2223,97.5,6.2317429405,160.3736572265625,140.83609008789062,208.4711456298828,1.5533007383346558,323.4101058768188,8.142491589870062,6.257491599406805,-0.3525082956890202,6.609999895095825,14.427586259513067,ukraine
2024-02-29,83.62000274658203,7.196000099182129,1.0838816165924072,8.369999885559082,1.8600000143051147,24.864999771118164,21.92799949645996,1.61,61.21,505.85,3103.1,432833655.0,35.0,13.8,20.4,16.4,2374.0,99.2223,97.5,6.2317429405,160.3736572265625,140.83609008789062,208.4711456298828,1.5533007383346558,323.4101058768188,7.898479003935768,6.038478989630653,-0.47152088162331385,6.509999871253967,14.417241852858972,ukraine
2024-03-01,83.55000305175781,7.18720006942749,1.0804970264434814,8.300000190734863,1.8350000381469729,25.80900001525879,21.80599975585937,1.67,60.93,503.58,3153.7000000000003,429161995.0,21.9,12.4,14.8,17.0,2374.0,99.2223,97.5,6.2317429405,160.3736572265625,140.83609008789062,208.4711456298828,1.5533007383346558,323.4101058768188,8.172744310598889,6.337744272451916,-0.12725588013597466,6.465000152587891,14.405172939958243,ukraine
2024-03-04,82.80000305175781,7.195799827575684,1.084269404411316,8.34000015258789,1.9160000085830688,26.88500022888184,22.174999237060547,1.47,60.64,501.29,3069.4,416082800.0,33.9,11.0,15.4,14.9,2374.0,99.2223,97.5,6.2317429405,160.3736572265625,140.83609008789062,208.4711456298828,1.5533007383346558,323.4101058768188,8.543196699363978,6.6271966907809094,0.20319654677608767,6.424000144004822,14.275862595130658,ukraine
2024-03-05,82.04000091552734,7.19890022277832,1.0855170488357544,8.380000114440918,1.9570000171661377,27.468000411987305,23.280000686645508,1.48,60.42,499.43,3156.0000000000005,416371025.0,49.3,9.9,20.2,16.9,2374.0,99.2223,97.5,6.2317429405,160.3736572265625,140.83609008789062,208.4711456298828,1.5533007383346558,323.4101058768188,8.738499224721068,6.78149920755493,0.3584991102801496,6.42300009727478,14.144827744056439,ukraine
2024-03-06,82.95999908447266,7.196000099182129,1.0855995416641235,8.414999961853027,1.9290000200271609,26.57200050354004,22.774999618530277,1.51,60.14,497.18,3267.7999999999997,419500851.0,40.0,10.4,15.8,24.0,2374.0,99.2223,97.5,6.2317429405,160.3736572265625,140.83609008789062,208.4711456298828,1.5533007383346558,323.4101058768188,8.454093785056278,6.525093765029117,0.03909382320325072,6.485999941825867,14.303448118012527,ukraine
2024-03-07,82.95999908447266,7.195899963378906,1.089953899383545,8.399999618530273,1.8179999589920044,25.992000579833984,23.045000076293945,1.67,59.83,494.55,3046.3,425588635.0,37.1,9.6,13.2,17.5,2334.0,99.2223,97.5,6.2317429405,160.3736572265625,140.83609008789062,208.4711456298828,1.5533007383346558,276.9823379691897,8.302731536446164,6.484731577454159,-0.09726808208410986,6.581999659538269,14.303448118012527,ukraine
2024-03-08,82.08000183105469,7.192299842834473,1.0950144529342651,8.460000038146973,1.8049999475479128,26.392000198364254,22.66900062561035,1.56,59.56,492.32,3018.5,419904784.0,38.9,8.3,8.0,17.1,2334.0,99.2223,97.5,6.2317429405,160.3736572265625,140.83609008789062,208.4711456298828,1.5533007383346558,276.9823379691897,8.469647100955076,6.664647153407163,0.009647062808102902,6.65500009059906,14.151724453630118,ukraine
2024-03-11,82.20999908447266,7.185200214385986,1.0942955017089844,8.46500015258789,1.758999943733215,24.93000030517578,21.7549991607666,1.54,59.23,489.6,2853.7000000000003,415737838.0,32.3,11.7,13.6,14.0,2334.0,99.2223,97.5,6.2317429405,160.3736572265625,140.83609008789062,208.4711456298828,1.5533007383346558,276.9823379691897,7.995213324059818,6.236213380326602,-0.46978682852807285,6.706000208854675,14.174137773184942,ukraine
2024-03-12,81.91999816894531,7.183800220489502,1.093135118484497,8.46500015258789,1.7139999866485596,24.774999618530277,22.125,1.54,58.99,487.62,3096.3,416167977.0,31.5,12.6,14.0,17.1,2334.0,99.2223,97.5,6.2317429405,146.59817504882812,140.2446746826172,171.18118286132812,1.720866322517395,276.9823379691897,7.937078239303037,6.223078252654477,-0.527921913284854,6.751000165939331,14.1241376153354,ukraine
2024-03-13,84.02999877929688,7.181000232696533,1.0927767753601074,8.475000381469727,1.6579999923706057,24.902999877929688,21.690000534057617,1.57,58.75,485.64,3145.4000000000005,422634886.0,42.1,13.0,12.2,18.3,2334.0,99.2223,97.5,6.2317429405,146.59817504882812,140.2446746826172,171.18118286132812,1.720866322517395,276.9823379691897,7.975469911374431,6.317469919003826,-0.49953047009529516,6.817000389099121,14.487930824016702,ukraine
2024-03-14,85.41999816894531,7.186600208282471,1.0955302715301514,8.489999771118164,1.741000056266785,26.048999786376957,22.87800025939941,1.25,58.57,484.13,2959.5999999999995,422265203.0,45.4,10.4,13.3,17.7,2325.0,99.2223,97.5,6.2317429405,146.59817504882812,140.2446746826172,171.18118286132812,1.720866322517395,276.9823379691897,8.363510233770713,6.622510177503928,-0.12648953734745128,6.748999714851379,14.727585891197467,ukraine
2024-03-15,85.33999633789062,7.192200183868408,1.0883406400680542,8.520999908447266,1.6549999713897705,27.025999069213867,23.08699989318848,1.26,58.62,484.59,2901.2,422981875.0,51.9,9.4,16.1,15.7,2325.0,99.2223,97.5,6.2317429405,146.59817504882812,140.2446746826172,171.18118286132812,1.720866322517395,276.9823379691897,8.620248033629,6.96524806223923,0.09924812518173454,6.865999937057495,14.713792472050109,ukraine
2024-03-18,86.88999938964844,7.195000171661377,1.0882576704025269,9.880000114440918,1.7029999494552612,28.82200050354004,23.86000061035156,1.38,58.53,483.81,2561.8,420191819.0,41.5,7.3,6.8,14.0,2325.0,100.285,97.6,9.7058823536,146.59817504882812,140.2446746826172,171.18118286132812,1.720866322517395,276.9823379691897,9.192402165304747,7.489402215849486,-0.6875979491361708,8.177000164985657,14.981034377525592,ukraine
2024-03-19,87.37999725341797,7.197199821472168,1.087393879890442,9.899999618530272,1.74399995803833,28.86599922180176,23.63999938964844,1.54,58.43,482.92,2697.8,420685222.0,44.5,5.7,9.0,12.8,2325.0,100.285,97.6,9.7058823536,146.59817504882812,140.2446746826172,171.18118286132812,1.720866322517395,276.9823379691897,9.199127494976612,7.4551275369382815,-0.7008721235536601,8.155999660491942,15.065516767830685,ukraine
2024-03-20,85.94999694824219,7.197999954223633,1.0863306522369385,9.56999969482422,1.6990000009536743,27.742000579833984,23.32999992370605,1.55,58.33,482.15,2830.3,430893748.0,50.9,6.2,13.7,12.5,2325.0,100.285,97.6,9.7058823536,146.59817504882812,140.2446746826172,171.18118286132812,1.720866322517395,276.9823379691897,8.832282844270335,7.13328284331666,-0.7377168505538858,7.870999693870546,14.818964991076239,ukraine
2024-03-21,85.77999877929688,7.1975998878479,1.0937210321426392,9.28499984741211,1.6829999685287476,26.402000427246094,22.964000701904297,1.58,58.28,481.75,2863.5999999999995,431921088.0,36.9,10.5,11.0,8.7,2332.0,100.285,97.6,9.7058823536,146.59817504882812,140.2446746826172,171.18118286132812,1.720866322517395,276.9823379691897,8.462848288147027,6.77984831961828,-0.8221515592650821,7.601999878883362,14.789654961947738,ukraine
2024-03-22,85.43000030517578,7.198200225830078,1.0862362384796145,9.44499969482422,1.659000039100647,27.775999069213867,23.875,1.55,58.26,481.6,2819.9999999999995,432110537.0,30.9,8.8,14.8,13.6,2332.0,100.285,97.6,9.7058823536,146.59817504882812,140.2446746826172,171.18118286132812,1.720866322517395,276.9823379691897,8.84233845884288,7.183338419742233,-0.6026612359813406,7.7859996557235736,14.7293103974441,ukraine
2024-03-25,86.75,7.228099822998047,1.0807539224624634,9.71500015258789,1.6150000095367432,28.48900032043457,25.040000915527344,1.5,58.35,482.3,2578.7,420072449.0,22.0,7.7,14.6,15.4,2332.0,100.285,97.6,9.7058823536,146.59817504882812,140.2446746826172,171.18118286132812,1.720866322517395,276.9823379691897,9.023545002064404,7.408544992527661,-0.6914551505234865,8.100000143051147,14.956896551724139,ukraine
2024-03-26,86.25,7.208399772644043,1.0838228464126587,9.574999809265137,1.5750000476837158,27.131999969482425,24.40999984741211,1.46,58.21,481.12,2881.3,420761694.0,37.7,9.2,18.7,13.8,2332.0,100.285,97.6,9.7058823536,146.59817504882812,140.2446746826172,171.18118286132812,1.720866322517395,276.9823379691897,8.618134495006831,7.043134447323116,-0.9568653142583052,7.999999761581421,14.870689655172415,ukraine
2024-03-27,86.08999633789062,7.217700004577637,1.0832358598709106,9.399999618530272,1.718000054359436,27.687000274658203,24.25,1.48,58.12,480.39,2856.2000000000003,432616019.0,40.0,8.8,16.6,7.9,2332.0,100.285,97.6,9.7058823536,146.59817504882812,140.2446746826172,171.18118286132812,1.720866322517395,276.9823379691897,8.789660315744817,7.0716602613853805,-0.6103393027854551,7.681999564170836,14.843102816877694,ukraine
2024-03-28,87.4800033569336,7.225800037384033,1.0813382863998413,9.53499984741211,1.7630000114440918,27.34000015258789,24.1299991607666,1.43,58.02,479.56,2965.7,429046631.0,44.7,11.8,17.4,8.1,2296.0,100.285,97.6,9.7058823536,146.59817504882812,140.2446746826172,171.18118286132812,1.720866322517395,276.9823379691897,8.664295402641976,6.901295391197884,-0.8707044447701335,7.771999835968018,15.08275919947131,ukraine
2024-03-29,87.4800033569336,7.226500034332275,1.0794472694396973,9.53499984741211,1.7630000114440918,27.34000015258789,24.1299991607666,1.54,57.91,478.68,2572.0,424108099.0,46.9,11.4,16.2,5.5,2296.0,100.285,97.6,9.7058823536,146.59817504882812,140.2446746826172,171.18118286132812,1.720866322517395,276.9823379691897,8.649143502667506,6.8861434912234145,-0.8858563447446031,7.771999835968018,15.08275919947131,ukraine
2024-04-01,87.41999816894531,7.220300197601318,1.0792726278305054,9.53499984741211,1.837000012397766,27.34000015258789,24.024999618530277,1.54,57.25,473.23,2415.4,422647471.0,24.6,8.4,15.9,8.7,2296.0,100.285,97.6,9.7058823536,146.59817504882812,140.2446746826172,171.18118286132812,1.720866322517395,276.9823379691897,8.647744175083657,6.810744162685891,-0.8872556723284521,7.697999835014343,15.072413477404364,ukraine
2024-04-02,88.91999816894531,7.229700088500977,1.0737217664718628,9.46500015258789,1.861999988555908,26.202999114990234,22.88500022888184,1.64,58.53,477.92,2428.5,416458058.0,31.4,9.8,15.0,10.2,2296.0,100.285,97.6,9.7058823536,146.59817504882812,140.2446746826172,171.18118286132812,1.720866322517395,276.9823379691897,8.245479522120421,6.383479533564513,-1.2195206304674695,7.603000164031982,15.331034167059537,ukraine
2024-04-03,89.3499984741211,7.232399940490723,1.076855182647705,9.5,1.840999960899353,25.5629997253418,22.424999237060547,1.65,58.68,479.15,2920.5000000000005,420363460.0,40.8,7.5,14.6,11.9,2296.0,100.285,97.6,9.7058823536,146.59817504882812,140.2446746826172,171.18118286132812,1.720866322517395,276.9823379691897,8.06756133636257,6.226561375463216,-1.4324386636374307,7.659000039100647,15.405172150710534,ukraine
2024-04-04,90.6500015258789,7.234399795532227,1.0838346481323242,9.545000076293944,1.77400004863739,26.20599937438965,22.700000762939453,1.86,58.74,479.77,3204.3,428445859.0,25.7,9.6,9.4,11.7,2259.0,100.285,97.6,9.7058823536,146.59817504882812,140.2446746826172,171.18118286132812,1.720866322517395,276.9823379691897,8.324092830568944,6.5500927819315535,-1.2209072457249999,7.771000027656553,15.629310607910156,ukraine
2024-04-05,91.16999816894533,7.23390007019043,1.0837054252624512,9.545000076293944,1.784999966621399,26.606000900268555,23.709999084472656,1.78,58.77,480.0,3130.4,446478808.0,25.1,8.3,13.8,9.9,2259.0,100.285,97.6,9.7058823536,146.59817504882812,140.2446746826172,171.18118286132812,1.720866322517395,231.31777719185536,8.450141998909393,6.665142032287994,-1.0948580773845507,7.760000109672545,15.718965201542298,ukraine
2024-04-08,90.37999725341795,7.231400012969971,1.0830481052398682,9.574999809265137,1.843999981880188,27.90800094604492,24.65800094604492,1.58,60.04,487.67,2952.4,436682421.0,30.9,7.4,15.7,5.9,2259.0,100.285,97.6,9.7058823536,146.59817504882812,140.2446746826172,171.18118286132812,1.720866322517395,231.31777719185536,8.858284696890045,7.0142847150098575,-0.7167151123750912,7.730999827384949,15.582758147141027,ukraine
2024-04-09,89.41999816894531,7.229700088500977,1.0863661766052246,9.585000038146973,1.871999979019165,27.35099983215332,24.893999099731445,1.73,60.31,489.92,2797.1,411123206.0,42.4,6.9,15.2,4.8,2259.0,100.285,97.6,9.7058823536,146.59817504882812,140.2446746826172,171.18118286132812,1.720866322517395,231.31777719185536,8.708083816603816,6.836083837584651,-0.8769162215431567,7.713000059127808,15.417241063611261,ukraine
2024-04-10,90.4800033569336,7.230700016021728,1.0859296321868896,9.585000038146973,1.8849999904632568,27.100000381469727,24.44499969482422,1.83,60.15,491.26,2816.1000000000004,453172962.0,49.8,5.0,13.8,8.0,2259.0,100.285,97.6,9.7058823536,133.21316528320312,121.53968048095705,151.81399536132812,1.5797885656356812,231.31777719185536,8.624702810117402,6.739702819654145,-0.960297228029571,7.700000047683716,15.600000578781655,ukraine
2024-04-11,89.73999786376953,7.231500148773193,1.074171543121338,9.609999656677246,1.7640000581741333,29.37700080871582,26.71500015258789,1.9,60.3,492.5,2885.9,435457744.0,46.1,0.7,14.4,8.1,2283.0,100.285,97.6,9.7058823536,133.21316528320312,121.53968048095705,151.81399536132812,1.5797885656356812,231.31777719185536,9.24813703159163,7.484136973417497,-0.3618626250856156,7.845999598503113,15.47241342478785,ukraine
2024-04-12,90.4499969482422,7.235899925231934,1.0726851224899292,9.645000457763672,1.7699999809265137,30.73200035095215,27.96999931335449,1.62,60.85,494.24,2839.0,419427470.0,48.2,3.3,11.9,5.5,2283.0,100.285,97.6,9.7058823536,133.21316528320312,121.53968048095705,151.81399536132812,1.5797885656356812,231.31777719185536,9.661315057653454,7.89131507672694,0.01631459988978179,7.875000476837158,15.594827060041759,ukraine
2024-04-15,90.0999984741211,7.235599994659424,1.0649627447128296,9.687000274658203,1.690999984741211,31.14299964904785,27.28499984741211,1.36,61.92,502.95,2903.8,444460007.0,45.2,7.3,8.1,5.9,2283.0,100.4575,96.9,1.8832391758,133.21316528320312,121.53968048095705,151.81399536132812,1.5797885656356812,231.31777719185536,9.720039149870958,8.029039165129747,0.03303887521275506,7.996000289916992,15.53448249553812,ukraine
2024-04-16,90.0199966430664,7.236999988555908,1.0625749826431274,11.260000228881836,1.7319999933242798,33.138999938964844,28.834999084472656,1.41,62.13,504.7,2945.4,438505145.0,49.9,5.0,8.7,5.4,2283.0,100.4575,96.9,1.8832391758,133.21316528320312,121.53968048095705,151.81399536132812,1.5797885656356812,231.31777719185536,10.31982048947469,8.58782049615041,-0.9401797394071458,9.528000235557556,15.52068907639076,ukraine
2024-04-17,87.29000091552734,7.236199855804443,1.0621461868286133,10.744999885559082,1.712000012397766,31.28899955749512,27.315000534057617,1.38,61.92,505.72,3027.3,437593855.0,45.7,3.9,7.4,3.7,2283.0,100.4575,96.9,1.8832391758,133.21316528320312,121.53968048095705,151.81399536132812,1.5797885656356812,231.31777719185536,9.739779601562542,8.027779589164776,-1.0052202839965396,9.032999873161316,15.050000157849542,ukraine
2024-04-18,87.11000061035156,7.237400054931641,1.0669398307800293,10.880000114440918,1.756999969482422,32.30899810791016,27.834999084472656,1.5,61.92,505.9,2969.3,418693072.0,46.2,2.9,7.0,1.2,2333.0,100.4575,96.9,1.8832391758,133.21316528320312,121.53968048095705,151.81399536132812,1.5797885656356812,231.31777719185536,10.102679542435526,8.345679572953104,-0.777320572005392,9.123000144958496,15.018965622474408,ukraine
2024-04-19,87.29000091552734,7.236700057983398,1.0644185543060305,10.5,1.7519999742507937,30.757999420166016,26.770000457763672,1.59,61.91,505.87,2755.1000000000004,418407103.0,39.9,7.7,0.7,0.0,2333.0,100.4575,96.9,1.8832391758,133.21316528320312,121.53968048095705,151.81399536132812,1.5797885656356812,231.31777719185536,9.594971272034218,7.842971297783425,-0.9050287279657816,8.748000025749207,15.050000157849542,ukraine
2024-04-22,87.0,7.239399909973144,1.065825343132019,10.529999732971191,1.7910000085830688,29.309999465942383,25.875,1.43,62.14,507.72,2878.6,409831796.0,24.0,12.0,0.4,5.3,2333.0,100.4575,96.9,1.8832391758,133.21316528320312,121.53968048095705,151.81399536132812,1.5797885656356812,231.31777719185536,9.15535125697871,7.364351248395641,-1.3746484759924815,8.738999724388123,15.0,ukraine
2024-04-23,88.41999816894531,7.242499828338623,1.065405249595642,10.225000381469728,1.812000036239624,28.41699981689453,25.809999465942383,1.64,62.06,507.03,3211.4,404041641.0,32.7,10.9,7.2,3.4,2333.0,100.4575,96.9,1.8832391758,133.21316528320312,121.53968048095705,151.81399536132812,1.5797885656356812,231.31777719185536,8.872912829683962,7.060912793444338,-1.3520875517857665,8.413000345230104,15.244827270507812,ukraine
2024-04-24,88.0199966430664,7.244500160217285,1.0704345703125,10.4350004196167,1.652999997138977,29.01799964904785,26.0,1.59,61.91,505.88,3155.9,427469429.0,52.8,9.9,9.3,2.4,2333.0,100.4575,96.9,1.8832391758,133.21316528320312,121.53968048095705,151.81399536132812,1.5797885656356812,231.31777719185536,9.10333983531063,7.450339838171653,-1.3316605843060696,8.782000422477722,15.175861490183864,ukraine
2024-04-25,89.01000213623047,7.244200229644775,1.0699878931045532,10.43000030517578,1.6380000114440918,29.770999908447266,26.625,1.6,61.8,504.94,3161.5,416402633.0,27.8,11.2,12.4,4.6,2425.0,100.4575,96.9,1.8832391758,133.21316528320312,121.53968048095705,151.81399536132812,1.5797885656356812,231.31777719185536,9.335668954865668,7.697668943421576,-1.094331350310112,8.792000293731688,15.34655209245353,ukraine
2024-04-26,89.5,7.23859977722168,1.072961449623108,10.324999809265137,1.6139999628067017,28.88599967956543,26.295000076293945,1.46,61.69,504.02,3116.9,414609115.0,28.2,11.8,12.1,2.0,2425.0,100.4575,96.9,1.8832391758,133.21316528320312,121.53968048095705,151.81399536132812,1.5797885656356812,231.31777719185536,9.083321343789866,7.469321380983164,-1.241678465475271,8.710999846458435,15.431034482758621,ukraine
2024-04-29,88.4000015258789,7.24459981918335,1.0706866979599,10.210000038146973,2.0299999713897705,27.99399948120117,25.670000076293945,1.4,62.07,507.18,2842.9,432348420.0,35.2,11.8,12.1,5.9,2425.0,100.4575,96.9,1.8832391758,133.21316528320312,121.53968048095705,151.81399536132812,1.5797885656356812,231.31777719185536,8.784165616656535,6.754165645266765,-1.4258344214904373,8.180000066757202,15.241379573427398,ukraine
2024-04-30,87.86000061035156,7.23769998550415,1.0715701580047607,10.335000038146973,1.991000056266785,29.118000030517575,27.16399955749512,1.55,62.28,508.83,3205.1,423492786.0,22.0,12.0,12.9,5.3,2425.0,100.4575,96.9,1.8832391758,133.21316528320312,121.53968048095705,151.81399536132812,1.5797885656356812,231.31777719185536,9.144402015592663,7.153401959325878,-1.19059802255431,8.343999981880188,15.148275967301995,ukraine
2024-05-01,83.44000244140625,7.240699768066406,1.0666552782058716,10.234999656677246,1.932000041007996,28.729999542236328,26.459999084472656,1.68,62.54,511.02,3015.1000000000004,424147383.0,15.0,11.0,9.1,2.6,2425.0,100.4575,96.9,1.8832391758,133.21316528320312,121.53968048095705,151.81399536132812,1.5797885656356812,231.31777719185536,8.981168901211163,7.049168860203167,-1.2538307554660832,8.30299961566925,14.386207317483837,ukraine
2024-05-02,83.66999816894531,7.2399001121521,1.0721560716629028,10.40999984741211,2.0350000858306885,30.913000106811523,28.354999542236328,1.63,62.85,513.52,2452.4,443933557.0,21.6,7.7,0.0,2.2,2484.0,100.4575,96.9,1.8832391758,133.21316528320312,121.53968048095705,151.81399536132812,1.5797885656356812,231.31777719185536,9.713423469680007,7.678423383849319,-0.6965763777321019,8.374999761581421,14.425861753266433,ukraine
2024-05-03,82.95999908447266,7.238399982452393,1.073306918144226,10.470000267028809,2.1419999599456787,30.527999877929688,28.030000686645508,1.66,63.03,515.86,2595.9,449343963.0,43.1,5.9,0.0,0.0,2484.0,100.4575,96.9,1.8832391758,133.21316528320312,121.53968048095705,151.81399536132812,1.5797885656356812,231.31777719185536,9.60274592076762,7.46074596082194,-0.8672543462611895,8.32800030708313,14.303448118012527,ukraine
2024-05-06,83.33000183105469,7.236199855804443,1.0758124589920044,10.470000267028809,2.194999933242798,31.801000595092773,28.739999771118164,1.67,63.71,522.0,2418.0,446981664.0,44.7,0.0,0.0,2.2,2484.0,100.4575,96.9,1.8832391758,133.21316528320312,121.53968048095705,151.81399536132812,1.5797885656356812,268.17149670882725,10.026526651489373,7.831526718246575,-0.44347361553943543,8.27500033378601,14.36724169500943,ukraine
2024-05-07,83.16000366210938,7.208000183105469,1.0767507553100586,10.5,2.2070000171661377,31.066999435424805,27.545000076293945,1.88,63.85,523.14,2240.5,443910796.0,51.0,1.2,2.1,2.0,2484.0,100.4575,96.9,1.8832391758,133.21316528320312,121.53968048095705,151.81399536132812,1.5797885656356812,268.17149670882725,9.803646716521252,7.596646699355114,-0.6963532834787483,8.292999982833862,14.337931665880927,ukraine
2024-05-08,83.58000183105469,7.218400001525879,1.0750491619110107,10.460000038146973,2.187000036239624,30.608999252319336,27.975000381469727,1.95,63.97,524.18,2345.6,443544292.0,36.3,6.5,2.0,0.0,2484.0,100.4575,96.9,1.8832391758,133.21316528320312,121.53968048095705,151.81399536132812,1.5797885656356812,268.17149670882725,9.64385370856432,7.456853672324696,-0.8161463295826525,8.273000001907349,14.41034514328529,ukraine
2024-05-09,83.87999725341797,7.223800182342529,1.0746910572052002,10.460000038146973,2.3010001182556152,30.864999771118164,28.729999542236328,2.01,64.08,525.05,2255.4,445591926.0,22.9,6.5,3.9,0.0,2569.0,100.4575,96.9,1.8832391758,133.21316528320312,121.53968048095705,151.81399536132812,1.5797885656356812,268.17149670882725,9.721271470297596,7.420271352041981,-0.7387285678493765,8.158999919891357,14.462068491968616,ukraine
2024-05-10,82.79000091552734,7.218699932098389,1.078515887260437,10.475000381469728,2.252000093460083,30.02899932861328,28.01499938964844,2.03,64.38,527.52,2684.0,450789682.0,28.5,5.7,4.4,2.0,2569.0,100.4575,96.9,1.8832391758,133.21316528320312,121.53968048095705,151.81399536132812,1.5797885656356812,268.17149670882725,9.491624861360442,7.239624767900359,-0.983375520109286,8.223000288009645,14.274138088884024,ukraine
2024-05-13,83.36000061035156,7.225800037384033,1.077040672302246,10.449999809265137,2.38100004196167,29.577999114990234,27.315000534057617,2.14,65.5,536.67,2673.4,452247287.0,16.8,5.9,0.6,4.3,2569.0,100.4575,96.9,1.8832391758,163.9473419189453,170.697998046875,165.99069213867188,1.8289982080459597,268.17149670882725,9.336283989567931,6.955283947606262,-1.1137158196972052,8.068999767303467,14.372413898336477,ukraine
2024-05-14,82.37999725341797,7.2322998046875,1.079354166984558,10.449999809265137,2.344000101089477,29.66900062561035,27.309999465942383,2.11,65.84,539.48,2728.5,438249955.0,11.1,6.3,5.2,3.9,2569.0,100.4575,96.9,1.8832391758,163.9473419189453,170.697998046875,165.99069213867188,1.8289982080459597,268.17149670882725,9.385124718071355,7.041124616981877,-1.064875091193782,8.10599970817566,14.203447802313443,ukraine
2024-05-15,82.75,7.2322998046875,1.0814552307128906,10.468999862670898,2.4159998893737797,29.733999252319336,26.899999618530277,2.14,66.18,542.23,2604.0,442670978.0,12.3,4.1,6.1,2.0,2569.0,100.4575,96.9,1.8832391758,163.9473419189453,170.697998046875,165.99069213867188,1.8289982080459597,268.17149670882725,9.423994625494243,7.007994736120464,-1.045005237176655,8.05299997329712,14.267241379310345,ukraine
2024-05-16,83.2699966430664,7.217700004577637,1.0889805555343628,11.045000076293944,2.494999885559082,30.24799919128418,27.614999771118164,2.12,66.47,544.61,2559.2,433934875.0,23.5,2.7,4.0,2.9,2640.0,100.2434,97.6,7.0881226028,163.9473419189453,170.697998046875,165.99069213867188,1.8289982080459597,268.17149670882725,9.653614143360942,7.15861425780186,-1.3913859329330016,8.550000190734862,14.356895972942484,ukraine
2024-05-17,83.9800033569336,7.217000007629394,1.0867793560028076,11.15999984741211,2.625999927520752,30.768999099731445,27.5,2.32,66.69,546.45,2290.7,441846742.0,41.6,0.0,2.6,2.4,2640.0,100.2434,97.6,7.0881226028,163.9473419189453,170.697998046875,165.99069213867188,1.8289982080459597,268.17149670882725,9.800041330794489,7.174041403273737,-1.3599585166176205,8.533999919891357,14.47931092360924,ukraine
2024-05-20,83.70999908447266,7.222700119018555,1.0875475406646729,11.505000114440918,2.750999927520752,31.76799964904785,29.0049991607666,2.44,67.58,553.76,2112.4,444902745.0,53.0,2.2,6.3,7.6,2640.0,100.2434,97.6,7.0881226028,163.9473419189453,170.697998046875,165.99069213867188,1.8289982080459597,268.17149670882725,10.125378762348022,7.3743788348272705,-1.3796213520928955,8.754000186920166,14.432758462840114,ukraine
2024-05-21,82.87999725341797,7.23169994354248,1.086082935333252,11.824999809265137,2.6710000038146973,33.00400161743164,29.709999084472656,2.52,67.84,555.85,2012.2,430285640.0,43.3,2.7,3.4,5.6,2640.0,100.2434,97.6,7.0881226028,163.9473419189453,170.697998046875,165.99069213867188,1.8289982080459597,268.17149670882725,10.505161849866521,7.834161846051824,-1.3198379593986154,9.15399980545044,14.289654698865167,ukraine
2024-05-22,81.9000015258789,7.237599849700928,1.0855170488357544,11.975000381469728,2.8420000076293945,34.388999938964844,29.888999938964844,2.52,67.95,556.74,2347.1,430725463.0,42.8,2.7,0.7,1.5,2640.0,100.2434,97.6,7.0881226028,163.9473419189453,170.697998046875,165.99069213867188,1.8289982080459597,268.17149670882725,10.940303072604891,8.098303064975497,-1.0346973088648372,9.133000373840334,14.120689918254984,ukraine
2024-05-23,81.36000061035156,7.240300178527832,1.0825204849243164,12.255000114440918,2.657000064849853,35.22800064086914,29.790000915527344,2.51,68.13,558.24,2129.4,427798453.0,25.7,0.9,0.0,0.4,2719.0,100.2434,97.6,7.0881226028,163.9473419189453,170.697998046875,165.99069213867188,1.8289982080459597,268.17149670882725,11.176280087179245,8.519280022329392,-1.0787200272616726,9.598000049591064,14.02758631212958,ukraine
2024-05-24,82.12000274658203,7.241499900817871,1.0812681913375854,11.9399995803833,2.5199999809265137,34.1150016784668,29.625,2.64,68.35,560.06,2499.7,431978423.0,35.4,1.7,0.0,0.0,2719.0,100.2434,97.6,7.0881226028,163.9473419189453,170.697998046875,165.99069213867188,1.8289982080459597,268.17149670882725,10.81065435836586,8.290654377439346,-1.1293452220174416,9.419999599456787,14.158621163203799,ukraine
2024-05-27,82.12000274658203,7.241499900817871,1.0847634077072144,11.9399995803833,2.5199999809265137,34.1150016784668,29.625,2.22,69.15,566.6,2225.9999999999995,435635639.0,31.5,2.4,0.0,0.3,2719.0,100.2434,97.6,7.0881226028,163.9473419189453,170.697998046875,165.99069213867188,1.8289982080459597,268.17149670882725,10.845599967958812,8.325599987032298,-1.094399612424489,9.419999599456787,14.158621163203799,ukraine
2024-05-28,84.22000122070312,7.241499900817871,1.0861891508102417,11.954999923706056,2.5899999141693115,33.53400039672852,29.1299991607666,2.22,69.38,568.48,2165.3,439112496.0,21.1,3.1,0.0,0.3,2719.0,100.2434,97.6,7.0881226028,163.9473419189453,170.697998046875,165.99069213867188,1.8289982080459597,268.17149670882725,10.674904140566584,8.084904226397272,-1.2800957831394726,9.365000009536745,14.52068986563847,ukraine
2024-05-29,83.5999984741211,7.244999885559082,1.0851871967315674,11.829999923706056,2.493000030517578,33.87900161743164,28.900999069213867,2.29,69.58,570.15,2145.2000000000003,435178203.0,24.1,3.0,0.0,0.0,2719.0,100.2434,97.6,7.0881226028,163.9473419189453,170.697998046875,165.99069213867188,1.8289982080459597,268.17149670882725,10.774780282545523,8.281780252027945,-1.0552196411605337,9.336999893188478,14.413792840365707,ukraine
2024-05-30,81.86000061035156,7.24940013885498,1.0801819562911987,11.960000038146973,2.572000026702881,35.19200134277344,29.448999404907227,2.2,69.77,571.71,2115.7,433045776.0,30.0,3.3,0.0,0.0,2804.0,100.2434,97.6,7.0881226028,163.9473419189453,170.697998046875,165.99069213867188,1.8289982080459597,268.17149670882725,11.14074007990279,8.568740053199909,-0.8192599582441833,9.388000011444092,14.113793208681304,ukraine
2024-05-31,81.62000274658203,7.233500003814697,1.0835410356521606,11.904999732971191,2.586999893188477,34.222999572753906,28.989999771118164,1.87,69.98,573.44,2193.3,440842998.0,22.5,2.7,1.2,0.5,2804.0,100.2434,97.6,7.0881226028,163.9473419189453,170.697998046875,165.99069213867188,1.8289982080459597,268.17149670882725,10.867673776628514,8.280673883440038,-1.037325956342677,9.317999839782715,14.072414266652075,ukraine
2024-06-03,78.36000061035156,7.241000175476074,1.0853049755096436,12.050000190734863,2.75600004196167,36.013999938964844,29.21999931335449,1.78,70.6,579.59,1784.1,475980369.0,37.5,3.4,3.9,0.0,2804.0,100.2434,97.6,7.0881226028,163.9473419189453,170.697998046875,165.99069213867188,1.8289982080459597,268.17149670882725,11.45503212698264,8.69903208502097,-0.5949680637522228,9.294000148773193,13.510344932819235,ukraine
2024-06-04,77.5199966430664,7.242000102996826,1.0907385349273682,11.989999771118164,2.5859999656677246,33.797000885009766,28.424999237060547,2.55,70.74,580.73,1995.1,467523309.0,17.6,4.3,5.4,0.0,2804.0,100.2434,97.6,7.0881226028,163.9473419189453,170.697998046875,165.99069213867188,1.8289982080459597,268.17149670882725,10.80368661023713,8.217686644569405,-1.186313160881035,9.40399980545044,13.365516662597656,ukraine
2024-06-05,78.41000366210938,7.242000102996826,1.0881866216659546,11.970000267028809,2.756999969482422,33.35499954223633,28.155000686645508,2.58,70.9,582.06,2106.3,451050907.0,27.2,2.8,1.9,0.0,2804.0,100.2434,97.6,7.0881226028,163.9473419189453,170.697998046875,165.99069213867188,1.8289982080459597,290.83528480079724,10.637448717677355,7.880448748194933,-1.3325515493514537,9.213000297546387,13.518966148639548,ukraine
2024-06-06,79.87000274658203,7.246699810028076,1.087453007698059,11.984999656677246,2.821000099182129,33.68600082397461,27.96999931335449,2.27,71.09,583.6,2055.7,452273911.0,39.3,2.7,0.3,0.0,2900.0,100.2434,97.6,7.0881226028,163.9473419189453,170.697998046875,165.99069213867188,1.8289982080459597,290.83528480079724,10.735767850484002,7.9147677513018735,-1.2492318061932437,9.163999557495117,13.770690128721041,ukraine
2024-06-07,79.62000274658203,7.244100093841553,1.0894432067871094,11.970000267028809,2.9179999828338623,33.10900115966797,27.989999771118164,2.3,71.35,585.77,2274.2,459849834.0,39.3,4.3,1.0,0.0,2900.0,100.2434,97.6,7.0881226028,163.9473419189453,170.697998046875,165.99069213867188,1.8289982080459597,290.83528480079724,10.571188871765752,7.65318888893189,-1.3988113952630563,9.052000284194946,13.727586680445178,ukraine
2024-06-10,81.62999725341797,7.246799945831299,1.077888250350952,11.96500015258789,2.9059998989105225,34.257999420166016,27.809999465942383,2.46,72.23,592.97,1905.1,459783871.0,38.9,5.6,0.0,0.0,2900.0,100.2434,97.6,7.0881226028,130.52186584472656,131.44712829589844,133.154296875,1.718864679336548,290.83528480079724,10.822033989087984,7.916034090177462,-1.1429661634999064,9.059000253677368,14.074137457485858,ukraine
2024-06-11,81.91999816894531,7.246799945831299,1.0764262676239014,12.0,3.128999948501587,34.28499984741211,27.57999992370605,2.61,72.51,594.65,1773.2,443950461.0,28.0,5.5,0.0,0.0,2900.0,100.2434,97.6,7.0881226028,130.52186584472656,131.44712829589844,133.154296875,1.718864679336548,290.83528480079724,10.815873446352096,7.6868734978505096,-1.1841265536479035,8.871000051498413,14.1241376153354,ukraine
2024-06-12,82.5999984741211,7.246699810028076,1.07403302192688,12.029999732971191,3.0450000762939453,35.29399871826172,27.54700088500977,2.71,72.67,595.95,1689.8,464243083.0,32.9,4.8,0.0,0.0,2900.0,100.2434,97.6,7.0881226028,130.52186584472656,131.44712829589844,133.154296875,1.718864679336548,290.83528480079724,11.109426957644782,8.064426881350837,-0.9205727753264092,8.984999656677246,14.241379047262258,ukraine
2024-06-13,82.75,7.238100051879883,1.0813149213790894,12.095000267028809,2.9590001106262207,35.7239990234375,27.690000534057617,2.8,72.83,597.25,2059.9999999999995,456369103.0,41.6,5.0,0.0,0.0,2974.0,100.2434,97.6,7.0881226028,130.52186584472656,131.44712829589844,133.154296875,1.718864679336548,290.83528480079724,11.32101648683084,8.36201637620462,-0.7739837801979679,9.136000156402588,14.267241379310345,ukraine
2024-06-14,82.62000274658203,7.2515997886657715,1.0738831758499146,12.137999534606934,2.88100004196167,35.36000061035156,26.95499992370605,2.79,73.0,598.65,1930.2,461563624.0,45.3,5.5,0.0,0.0,2974.0,100.2434,97.6,7.0881226028,130.52186584472656,131.44712829589844,133.154296875,1.718864679336548,290.83528480079724,11.128649397005766,8.247649355044096,-1.0093501376011673,9.256999492645264,14.244828059755523,ukraine
2024-06-17,84.25,7.254300117492676,1.0702168941497805,12.574999809265137,2.7880001068115234,34.209999084472656,26.790000915527344,2.74,73.56,603.9,1896.2,459545513.0,33.9,6.9,0.0,0.0,2974.0,100.863,96.3,3.2139577604,130.52186584472656,131.44712829589844,133.154296875,1.718864679336548,290.83528480079724,10.72995802313245,7.941957916320927,-1.8450417861326862,9.786999702453613,14.525862068965518,ukraine
2024-06-18,85.33000183105469,7.255000114440918,1.0740677118301392,12.600000381469728,2.9089999198913574,34.70000076293945,26.84000015258789,2.5,74.06,607.99,1922.1,451038440.0,26.5,4.6,0.0,0.0,2974.0,100.863,96.3,3.2139577604,130.52186584472656,131.44712829589844,133.154296875,1.718864679336548,290.83528480079724,10.922808096958056,8.013808177066698,-1.6771922845116727,9.691000461578371,14.712069281216326,ukraine
2024-06-19,85.33000183105469,7.252699851989746,1.0742292404174805,12.600000381469728,2.9089999198913574,34.70000076293945,26.84000015258789,2.43,74.27,609.7,2220.1,458916940.0,31.3,3.3,0.0,0.0,2974.0,100.863,96.3,3.2139577604,130.52186584472656,131.44712829589844,133.154296875,1.718864679336548,290.83528480079724,10.924450773432053,8.015450853540695,-1.6755496080376755,9.691000461578371,14.712069281216326,ukraine
2024-06-20,85.70999908447266,7.25629997253418,1.0751532316207886,12.600000381469728,2.740999937057495,34.4640007019043,27.059999465942383,2.43,74.51,611.62,2204.1,460825807.0,42.7,4.4,0.0,0.0,3045.0,100.863,96.3,3.2139577604,130.52186584472656,131.44712829589844,133.154296875,1.718864679336548,290.83528480079724,10.859484584229701,8.118484647172206,-1.7405157972400271,9.859000444412233,14.77758604904701,ukraine
2024-06-21,85.23999786376953,7.259099960327148,1.0706409215927124,12.46500015258789,2.7049999237060547,33.93600082397461,26.73500061035156,2.39,74.7,613.21,2070.0,463351479.0,36.5,3.9,0.0,0.0,3045.0,100.863,96.3,3.2139577604,130.52186584472656,131.44712829589844,133.154296875,1.718864679336548,290.83528480079724,10.648235769151096,7.943235845445042,-1.8167643834367944,9.760000228881836,14.696551355822333,ukraine
2024-06-24,86.01000213623047,7.259200096130371,1.0687757730484009,12.609999656677246,2.811000108718872,34.08000183105469,26.46999931335449,2.44,75.54,620.1,1729.9999999999998,467548700.0,23.1,3.3,0.0,0.0,3045.0,100.863,96.3,3.2139577604,130.52186584472656,131.44712829589844,133.154296875,1.718864679336548,290.83528480079724,10.674790689267262,7.86379058054839,-1.9352089674099844,9.798999547958374,14.829310713143185,ukraine
2024-06-25,85.01000213623047,7.257699966430664,1.0732723474502563,12.734999656677246,2.75600004196167,34.85300064086914,26.530000686645508,2.58,75.75,621.86,1809.2,461280662.0,12.1,3.2,0.0,0.0,3045.0,100.863,96.3,3.2139577604,130.52186584472656,131.44712829589844,133.154296875,1.718864679336548,290.83528480079724,10.96284496342791,8.20684492146624,-1.7721546932493357,9.978999614715576,14.656896920039737,ukraine
2024-06-26,85.25,7.26140022277832,1.0709619522094729,12.619999885559082,2.628000020980835,33.82400131225586,26.34000015258789,2.61,75.98,623.74,1858.6,463895007.0,29.1,2.5,0.0,0.0,3045.0,100.863,96.3,3.2139577604,130.52186584472656,131.44712829589844,133.154296875,1.718864679336548,290.83528480079724,10.616275556369114,7.988275535388279,-2.003724329189968,9.991999864578247,14.698275862068966,ukraine
2024-06-27,86.38999938964844,7.263500213623047,1.068010926246643,12.65999984741211,2.684999942779541,34.564998626708984,25.6299991607666,2.45,76.23,625.74,2056.2,454411813.0,21.2,2.1,0.0,0.0,3102.0,100.863,96.3,3.2139577604,130.52186584472656,131.44712829589844,133.154296875,1.718864679336548,290.83528480079724,10.818957076504894,8.133957133725353,-1.8410427709072152,9.974999904632568,14.894827480973868,ukraine
2024-06-28,86.41000366210938,7.267199993133545,1.0708472728729248,12.635000228881836,2.6010000705718994,34.47999954223633,26.44499969482422,2.55,76.48,627.87,2169.6000000000004,448348531.0,16.4,0.7,0.0,0.0,3102.0,100.863,96.3,3.2139577604,130.52186584472656,131.44712829589844,133.154296875,1.718864679336548,290.83528480079724,10.821013639083821,8.220013568511922,-1.8139865897980147,10.034000158309937,14.898276493467135,ukraine
2024-07-01,86.5999984741211,7.265799999237059,1.0735257863998413,12.53499984741211,2.4779999256134038,33.48500061035156,26.725000381469727,2.42,77.43,635.6,1862.7000000000005,454774242.0,26.2,0.0,0.0,0.0,3102.0,100.863,96.3,3.2139577604,130.52186584472656,131.44712829589844,133.154296875,1.718864679336548,290.83528480079724,10.535034205169433,8.05703427955603,-1.9999656422426764,10.056999921798706,14.931034219676052,ukraine
2024-07-02,86.23999786376953,7.266900062561035,1.0737102031707764,12.5600004196167,2.434999942779541,33.685001373291016,27.739999771118164,2.21,77.67,637.6,2075.3,427207426.0,26.1,0.0,0.0,0.0,3102.0,100.863,96.3,3.2139577604,130.52186584472656,131.44712829589844,133.154296875,1.718864679336548,290.83528480079724,10.599778927102692,8.164778984323151,-1.9602214925140071,10.125000476837158,14.868965148925781,ukraine
2024-07-03,87.33999633789062,7.269400119781494,1.0748412609100342,12.420000076293944,2.4179999828338623,32.691001892089844,27.86000061035156,2.06,77.92,639.66,1995.1000000000004,431255227.0,36.0,1.6,0.0,0.0,3102.0,100.863,96.3,3.2139577604,130.52186584472656,131.44712829589844,133.154296875,1.718864679336548,290.83528480079724,10.297830011109205,7.879830028275343,-2.122170065184738,10.002000093460081,15.058620058257004,ukraine
2024-07-04,87.33999633789062,7.268599987030029,1.0793308019638062,12.420000076293944,2.4179999828338623,32.691001892089844,27.86000061035156,2.02,78.17,641.69,2222.1,429692488.0,20.0,0.0,0.0,0.0,3134.0,100.863,96.3,3.2139577604,130.52186584472656,131.44712829589844,133.154296875,1.718864679336548,290.83528480079724,10.340843367854085,7.922843385020222,-2.079156708439859,10.002000093460081,15.058620058257004,ukraine
2024-07-05,86.54000091552734,7.265799999237059,1.0810693502426147,12.484999656677246,2.319000005722046,33.06700134277344,27.59000015258789,2.02,78.45,643.95,2040.1,432212450.0,24.9,1.4,0.0,0.0,3134.0,100.863,96.3,3.2139577604,130.52186584472656,131.44712829589844,133.154296875,1.718864679336548,290.83528480079724,10.476628056323523,8.157628050601478,-2.0083716003537226,10.1659996509552,14.920689813021957,ukraine
2024-07-08,85.75,7.267799854278564,1.082602620124817,12.390000343322754,2.365999937057495,32.2859992980957,27.155000686645508,2.02,79.3,651.39,1831.2,441268879.0,31.0,4.7,0.0,0.0,3134.0,100.863,96.3,3.2139577604,130.52186584472656,131.44712829589844,133.154296875,1.718864679336548,327.5062611150888,10.243690890018113,7.877690952960618,-2.1463094533046405,10.024000406265259,14.78448275862069,ukraine
2024-07-09,84.66000366210938,7.267099857330322,1.0830950736999512,12.364999771118164,2.344000101089477,31.334999084472656,26.959999084472656,2.1,79.6,653.84,2277.7000000000003,431550162.0,50.4,2.7,0.0,0.0,3134.0,100.863,96.3,3.2139577604,130.52186584472656,131.44712829589844,133.154296875,1.718864679336548,327.5062611150888,9.946480256608702,7.602480155519224,-2.4185195145094625,10.020999670028687,14.5965523555361,ukraine
2024-07-10,85.08000183105469,7.271699905395508,1.0814785957336426,12.350000381469728,2.3289999961853027,30.78400039672852,26.69499969482422,2.42,79.88,656.16,2323.3,431451479.0,41.0,2.2,0.0,0.0,3134.0,100.863,96.3,3.2139577604,130.52186584472656,131.44712829589844,133.154296875,1.718864679336548,327.5062611150888,9.75699634836726,7.427996352181957,-2.593004033102469,10.021000385284426,14.668965832940463,ukraine
2024-07-11,85.4000015258789,7.274499893188477,1.083329677581787,12.364999771118164,2.2679998874664307,31.11199951171875,26.950000762939453,2.4,80.13,658.27,2220.4,440639959.0,52.5,2.4,0.0,0.0,3199.0,100.863,96.3,3.2139577604,113.0927963256836,125.71302795410156,109.73841094970705,1.4709612131118774,327.5062611150888,9.87783396928467,7.609834081818239,-2.487165801833495,10.096999883651733,14.724138194117053,ukraine
2024-07-12,85.02999877929688,7.254799842834473,1.0872756242752075,12.329999923706056,2.3289999961853027,31.7189998626709,27.200000762939453,2.23,80.35,660.12,2222.5,432839352.0,40.0,4.3,0.0,0.0,3199.0,100.863,96.3,3.2139577604,113.0927963256836,125.71302795410156,109.73841094970705,1.4709612131118774,327.5062611150888,10.10723340105351,7.778233404868207,-2.222766522652547,10.000999927520754,14.66034461712015,ukraine
2024-07-15,84.8499984741211,7.24940013885498,1.0885539054870603,12.321000099182127,2.157999992370605,31.371000289916992,26.51499938964844,2.17,81.18,666.94,1828.1,428771473.0,31.8,0.0,0.0,0.0,3199.0,100.863,96.3,3.2139577604,113.0927963256836,125.71302795410156,109.73841094970705,1.4709612131118774,327.5062611150888,10.008096058375344,7.850096066004738,-2.3129040408067834,10.163000106811522,14.629310081745016,ukraine
2024-07-16,83.7300033569336,7.258900165557861,1.0901559591293335,12.300000190734863,2.187999963760376,32.797000885009766,26.691999435424805,2.12,81.43,669.0,1958.2,430894486.0,25.7,1.5,0.0,0.0,3199.0,100.894,97.6,4.5197740112,113.0927963256836,125.71302795410156,109.73841094970705,1.4709612131118774,327.5062611150888,10.478422912413741,8.290422948653365,-1.8215772783211222,10.112000226974487,14.43620747533338,ukraine
2024-07-17,85.08000183105469,7.260600090026855,1.0902509689331057,12.09000015258789,2.0350000858306885,31.89299964904785,26.11000061035156,2.1,81.67,670.95,1963.3,427251069.0,27.5,3.5,0.0,0.0,3199.0,100.894,97.6,4.5197740112,113.0927963256836,125.71302795410156,109.73841094970705,1.4709612131118774,327.5062611150888,10.190488599400265,8.155488513569576,-1.8995115531876259,10.055000066757202,14.668965832940463,ukraine
2024-07-18,85.11000061035156,7.259399890899658,1.094020128250122,12.199999809265137,2.125,32.67399978637695,26.01000022888184,1.98,81.9,672.79,2092.3,416528771.0,39.7,3.5,0.0,0.0,3209.0,100.894,97.6,4.5197740112,113.0927963256836,125.71302795410156,109.73841094970705,1.4709612131118774,327.5062611150888,10.476127426405885,8.351127426405885,-1.723872382859252,10.074999809265137,14.674138036267511,ukraine
2024-07-19,82.62999725341797,7.258900165557861,1.0901559591293335,12.114999771118164,2.128000020980835,32.16999816894531,26.0,2.0,82.09,674.4,2192.2,427483857.0,51.4,2.1,0.0,0.0,3209.0,100.894,97.6,4.5197740112,113.0927963256836,125.71302795410156,109.73841094970705,1.4709612131118774,327.5062611150888,10.27809972892539,8.150099707944555,-1.8369000421927737,9.986999750137329,14.246551250589306,ukraine
2024-07-22,82.4000015258789,7.269000053405762,1.0899182558059692,12.095000267028809,2.250999927520752,31.839000701904297,25.614999771118164,1.88,83.0,681.89,2065.8,425267992.0,32.8,1.0,0.0,0.0,3209.0,100.894,97.6,4.5197740112,113.0927963256836,125.71302795410156,109.73841094970705,1.4709612131118774,327.5062611150888,10.170130214945624,7.919130287424872,-1.9248700520831843,9.844000339508057,14.206896814806708,ukraine
2024-07-23,81.01000213623047,7.27269983291626,1.0889805555343628,12.010000228881836,2.187000036239624,31.621999740600582,25.905000686645508,2.19,83.25,683.9,2056.0,411727159.0,9.5,0.0,0.0,0.0,3209.0,100.894,97.6,4.5197740112,113.0927963256836,125.71302795410156,109.73841094970705,1.4709612131118774,327.5062611150888,10.092124837968752,7.905124801729128,-1.9178753909130837,9.823000192642212,13.967241747625943,ukraine
2024-07-24,81.70999908447266,7.274300098419189,1.0850694179534912,12.234999656677246,2.117000102996826,32.62099838256836,27.15999984741211,2.13,83.46,685.66,2020.7,425638043.0,21.7,0.0,0.0,0.0,3209.0,100.894,97.6,4.5197740112,113.0927963256836,125.71302795410156,109.73841094970705,1.4709612131118774,327.5062611150888,10.373562552543339,8.256562449546513,-1.8614371041339073,10.11799955368042,14.087930876633218,ukraine
2024-07-25,82.37000274658203,7.261199951171875,1.0839520692825315,12.074999809265137,2.0409998893737797,31.77899932861328,26.44499969482422,2.0,83.59,687.45,2211.7,433183056.0,34.4,0.0,0.0,0.0,3231.0,100.894,97.6,4.5197740112,113.0927963256836,125.71302795410156,109.73841094970705,1.4709612131118774,327.5062611150888,10.095398219879181,8.054398330505402,-1.9796015893859558,10.033999919891357,14.20172461147966,ukraine
2024-07-26,81.12999725341797,7.230100154876709,1.0851283073425293,12.204999923706056,2.00600004196167,32.474998474121094,26.70499992370605,2.0,83.8,689.14,2059.3,439634031.0,24.3,0.0,0.0,0.0,3231.0,100.894,97.6,4.5197740112,113.0927963256836,125.71302795410156,109.73841094970705,1.4709612131118774,327.5062611150888,10.327694679929383,8.321694637967713,-1.8773052437766733,10.198999881744387,13.987930560934133,ukraine
2024-07-29,79.77999877929688,7.250100135803223,1.0853756666183472,12.44499969482422,1.906999945640564,33.87300109863281,27.104999542236328,1.98,84.58,695.55,1646.1,432230576.0,25.3,1.1,0.0,0.0,3231.0,100.894,97.6,4.5197740112,113.0927963256836,125.71302795410156,109.73841094970705,1.4709612131118774,327.5062611150888,10.774742873326591,8.867742927686027,-1.6702568214976292,10.537999749183657,13.755172203327048,ukraine
2024-07-30,78.62999725341797,7.258299827575684,1.081946611404419,12.475000381469728,2.125999927520752,34.36100006103516,27.059999465942383,1.9,84.79,697.32,1795.1,428092729.0,27.7,0.0,0.0,0.0,3231.0,100.894,97.6,4.5197740112,113.0927963256836,125.71302795410156,109.73841094970705,1.4709612131118774,327.5062611150888,10.89544027516574,8.769440347644988,-1.5795601063039886,10.349000453948976,13.556896078175512,ukraine
2024-07-31,80.72000122070312,7.250699996948242,1.081607222557068,12.524999618530272,2.0360000133514404,35.86800003051758,27.34000015258789,1.81,84.99,698.97,1868.4,423329127.0,27.6,0.0,0.0,0.0,3231.0,100.894,97.6,4.5197740112,113.0927963256836,125.71302795410156,109.73841094970705,1.4709612131118774,327.5062611150888,11.36972336764756,9.33372335429612,-1.1552762508827108,10.488999605178831,13.9172415897764,ukraine
2024-08-01,79.5199966430664,7.217199802398682,1.082391619682312,12.489999771118164,1.968000054359436,36.96900177001953,28.024999618530277,1.94,85.2,700.68,1844.7,444720663.0,8.7,0.5,0.0,0.0,3249.0,100.894,97.6,4.5197740112,113.0927963256836,125.71302795410156,109.73841094970705,1.4709612131118774,327.5062611150888,11.727226228668725,9.759226174309289,-0.7627735424494393,10.521999716758728,13.710344248804553,ukraine
2024-08-02,76.80999755859375,7.242800235748291,1.078760266304016,12.520000457763672,1.9670000076293943,36.64899826049805,27.795000076293945,1.95,85.28,701.52,1784.7,432781852.0,20.3,0.3,0.0,0.0,3249.0,100.894,97.6,4.5197740112,113.0927963256836,125.71302795410156,109.73841094970705,1.4709612131118774,327.5062611150888,11.58671189437429,9.619711886744895,-0.9332885633893824,10.553000450134277,13.24310302734375,ukraine
2024-08-05,76.30000305175781,7.157199859619141,1.0910836458206177,12.44499969482422,1.9420000314712524,35.49800109863281,27.18000030517578,1.89,86.12,708.51,1859.5,432355827.0,20.8,0.0,0.0,0.0,3249.0,100.894,97.6,4.5197740112,113.0927963256836,125.71302795410156,109.73841094970705,1.4709612131118774,361.8537868862849,11.351025590403847,9.409025558932594,-1.093974104420374,10.502999663352968,13.155172939958243,ukraine
2024-08-06,76.4800033569336,7.120200157165527,1.0950982570648191,12.510000228881836,2.009999990463257,36.67599868774414,27.565000534057617,1.83,86.37,710.54,1628.7,431379348.0,23.4,0.0,0.0,0.0,3249.0,100.894,97.6,4.5197740112,113.0927963256836,125.71302795410156,109.73841094970705,1.4709612131118774,361.8537868862849,11.770859999607344,9.760860009144087,-0.7391402292744917,10.500000238418579,13.18620747533338,ukraine
2024-08-07,78.33000183105469,7.156300067901611,1.0926215648651123,12.53499984741211,2.111999988555908,38.45100021362305,27.895000457763672,1.83,86.55,712.32,1707.9,417501648.0,16.9,0.0,0.0,0.0,3249.0,100.894,97.6,4.5197740112,113.0927963256836,125.71302795410156,109.73841094970705,1.4709612131118774,361.8537868862849,12.312622584078492,10.200622595522583,-0.22237726333361785,10.422999858856201,13.505172729492188,ukraine
2024-08-08,79.16000366210938,7.180300235748291,1.0928125381469729,12.5649995803833,2.127000093460083,40.095001220703125,27.920000076293945,1.96,86.79,714.31,1628.6,386110797.0,25.5,0.0,0.0,0.0,3270.0,100.894,97.6,4.5197740112,113.0927963256836,125.71302795410156,109.73841094970705,1.4709612131118774,361.8537868862849,12.841301954492652,10.714301861032569,0.2763023741093509,10.437999486923218,13.648276493467135,ukraine
2024-08-09,79.66000366210938,7.173699855804443,1.0915720462799072,12.550000190734863,2.1429998874664307,40.39599990844727,27.665000915527344,1.85,87.03,716.24,1546.6,371440625.0,29.0,1.2,0.0,0.0,3270.0,100.894,97.6,4.5197740112,113.0927963256836,125.71302795410156,109.73841094970705,1.4709612131118774,361.8537868862849,12.923017309250715,10.780017421784285,0.3730171185158522,10.407000303268433,13.734483390018859,ukraine
2024-08-12,82.30000305175781,7.166299819946289,1.091381311416626,12.625,2.188999891281128,39.65800094604492,28.774999618530277,1.94,87.97,723.96,1527.6,391930611.0,23.2,0.0,0.0,0.0,3270.0,100.894,97.6,4.5197740112,92.3948745727539,95.1602783203125,95.11029815673828,0.9915013909339904,361.8537868862849,12.68470844709077,10.495708555809642,0.05970844709077028,10.436000108718872,14.189655698578933,ukraine
2024-08-13,80.69000244140625,7.173999786376953,1.0936251878738403,12.654999732971191,2.1480000019073486,39.47999954223633,28.155000686645508,2.1,88.15,725.51,1867.4,384836248.0,26.1,0.0,0.0,0.0,3270.0,100.894,97.6,4.5197740112,92.3948745727539,95.1602783203125,95.11029815673828,0.9915013909339904,361.8537868862849,12.653736926573158,10.50573692466581,-0.0012628063980333337,10.506999731063843,13.912069386449353,ukraine
2024-08-14,79.76000213623047,7.152900218963623,1.0996986627578735,12.720000267028809,2.219000101089477,38.96699905395508,28.350000381469727,2.16,88.43,727.86,1867.1,425426632.0,49.0,0.0,0.0,0.0,3270.0,100.894,97.6,4.5197740112,92.3948745727539,95.1602783203125,95.11029815673828,0.9915013909339904,361.8537868862849,12.558674834948661,10.339674733859184,-0.16132543208014738,10.501000165939331,13.751724506246633,ukraine
2024-08-15,81.04000091552734,7.13730001449585,1.101321578025818,12.777999877929688,2.197000026702881,39.60100173950195,28.395999908447266,2.18,88.66,730.09,1860.8,414535831.0,36.9,0.0,0.0,0.0,3264.0,99.9757,96.9,3.3557046991,92.3948745727539,95.1602783203125,95.11029815673828,0.9915013909339904,361.8537868862849,12.781842986264179,10.584842959561298,0.0038431083344914185,10.580999851226807,13.97241395095299,ukraine
2024-08-16,79.68000030517578,7.173399925231934,1.0972732305526731,14.515000343322754,2.122999906539917,39.64400100708008,28.584999084472656,2.19,88.97,732.8,1948.0,417770215.0,16.2,0.0,0.0,0.0,3264.0,99.9757,96.9,3.3557046991,92.3948745727539,95.1602783203125,95.11029815673828,0.9915013909339904,361.8537868862849,12.74868588541859,10.625685978878673,-1.7663144579041639,12.392000436782837,13.737931087099273,ukraine
2024-08-19,77.66000366210938,7.164000034332275,1.1024993658065796,14.46500015258789,2.234999895095825,39.845001220703125,28.94499969482422,2.01,90.02,741.4,1862.9,412378354.0,16.0,0.0,0.0,0.0,3264.0,99.9757,96.9,3.3557046991,92.3948745727539,95.1602783203125,95.11029815673828,0.9915013909339904,361.8537868862849,12.874351162727082,10.639351267631257,-1.5906489898608083,12.230000257492065,13.389655803811962,ukraine
2024-08-20,77.19999694824219,7.140500068664551,1.1086474657058716,13.9350004196167,2.197999954223633,37.95700073242188,28.95499992370605,2.12,90.28,743.61,1553.7,410633931.0,27.6,0.0,0.0,0.0,3264.0,99.9757,96.9,3.3557046991,92.3948745727539,95.1602783203125,95.11029815673828,0.9915013909339904,361.8537868862849,12.332709873509126,10.134709919285493,-1.6022905461075734,11.737000465393066,13.310344301421067,ukraine
2024-08-21,76.05000305175781,7.131999969482422,1.112792730331421,13.789999961853027,2.177000045776367,37.0099983215332,28.709999084472656,2.18,90.54,745.76,1444.0,413901898.0,21.7,0.0,0.0,0.0,3264.0,99.9757,96.9,3.3557046991,92.3948745727539,95.1602783203125,95.11029815673828,0.9915013909339904,361.8537868862849,12.069978688383314,9.892978642606947,-1.7200212734697136,11.61299991607666,13.112069491682382,ukraine
2024-08-22,77.22000122070312,7.131800174713135,1.115536093711853,13.75,2.052999973297119,36.58700180053711,28.540000915527344,2.14,90.8,747.93,1438.6,409332598.0,8.5,0.0,0.0,0.0,3299.0,99.9757,96.9,3.3557046991,92.3948745727539,95.1602783203125,95.11029815673828,0.9915013909339904,361.8537868862849,11.961443864905807,9.908443891608687,-1.7885561350941934,11.69700002670288,13.313793313914333,ukraine
2024-08-23,79.0199966430664,7.144400119781494,1.111716389656067,13.81999969482422,2.0220000743865967,36.86299896240234,28.170000076293945,1.93,91.05,750.03,1696.9,411097467.0,19.2,0.8,0.0,0.0,3299.0,99.9757,96.9,3.3557046991,92.3948745727539,95.1602783203125,95.11029815673828,0.9915013909339904,361.8537868862849,12.010409924087893,9.988409849701297,-1.809589770736327,11.797999620437624,13.624137352252829,ukraine
2024-08-26,81.43000030517578,7.124000072479248,1.118793487548828,13.81999969482422,1.955999970436096,37.65599822998047,27.8700008392334,1.82,91.98,758.4,1510.9,406667155.0,46.6,1.6,0.2,0.0,3299.0,99.9757,96.9,3.3557046991,92.3948745727539,95.1602783203125,95.11029815673828,0.9915013909339904,361.8537868862849,12.346880722025574,10.390880751589478,-1.4731189727986465,11.863999724388124,14.039655225030307,ukraine
2024-08-27,79.55000305175781,7.118100166320801,1.1164700984954834,14.05500030517578,1.9040000438690183,38.68899917602539,28.38999938964844,2.13,92.12,759.58,1715.7,406141334.0,52.9,0.0,0.0,0.0,3299.0,99.9757,96.9,3.3557046991,92.3948745727539,95.1602783203125,95.11029815673828,0.9915013909339904,361.8537868862849,12.65924338413686,10.75524334026784,-1.3957569210389202,12.151000261306761,13.715517767544451,ukraine
2024-08-28,78.6500015258789,7.1230998039245605,1.117793083190918,14.0649995803833,1.9299999475479128,38.52000045776367,27.920000076293945,1.91,92.32,761.18,2219.3,410808414.0,54.9,0.0,0.0,0.0,3299.0,99.9757,96.9,3.3557046991,92.3948745727539,95.1602783203125,95.11029815673828,0.9915013909339904,361.8537868862849,12.618881428135781,10.688881480587868,-1.4461181522475197,12.134999632835388,13.560345090668777,ukraine
2024-08-29,79.94000244140625,7.124300003051758,1.1124955415725708,14.010000228881836,2.13700008392334,38.60100173950195,28.065000534057617,1.89,92.2,762.75,2080.2,411255128.0,32.4,0.0,0.0,0.0,3334.0,99.9757,96.9,3.3557046991,92.3948745727539,95.1602783203125,95.11029815673828,0.9915013909339904,361.8537868862849,12.585486625821618,10.448486541898278,-1.424513603060218,11.873000144958496,13.782759041621768,ukraine
2024-08-30,78.80000305175781,7.0954999923706055,1.10804545879364,14.09000015258789,2.127000093460083,39.823001861572266,27.799999237060547,1.85,92.33,763.94,2102.2,413937486.0,42.8,1.6,0.0,0.0,3334.0,99.9757,96.9,3.3557046991,92.3948745727539,95.1602783203125,95.11029815673828,0.9915013909339904,361.8537868862849,12.931971246269443,10.80497115280936,-1.1580289063184477,11.963000059127808,13.586207422716864,ukraine
2024-09-02,78.80000305175781,7.092100143432617,1.1044842004776,14.09000015258789,2.127000093460083,39.823001861572266,27.799999237060547,1.93,92.62,769.24,1798.3,405810816.0,30.2,0.0,0.0,0.0,3334.0,99.9757,96.9,3.3557046991,92.3948745727539,95.1602783203125,95.11029815673828,0.9915013909339904,361.8537868862849,12.89040788821579,10.763407794755707,-1.1995922643721002,11.963000059127808,13.586207422716864,ukraine
2024-09-03,73.75,7.116600036621094,1.1067456007003784,13.824999809265137,2.203000068664551,37.19300079345703,26.96500015258789,1.93,92.75,770.28,2319.5,404922345.0,22.9,0.0,0.0,0.0,3334.0,99.9757,96.9,3.3557046991,92.3948745727539,95.1602783203125,95.11029815673828,0.9915013909339904,361.8537868862849,12.063745920449998,9.860745851785447,-1.7612538888151388,11.621999740600586,12.715517241379311,ukraine
2024-09-04,72.69999694824219,7.120399951934815,1.1048868894577026,13.78499984741211,2.1449999809265137,35.79800033569336,26.450000762939453,1.93,92.8,770.73,2357.8,408038828.0,15.6,1.1,0.0,0.0,3334.0,99.9757,96.9,3.3557046991,92.3948745727539,95.1602783203125,95.11029815673828,0.9915013909339904,361.8537868862849,11.591769751449247,9.446769770522733,-2.1932300959628623,11.639999866485596,12.53448223245555,ukraine
2024-09-05,72.69000244140625,7.1118998527526855,1.10804545879364,13.8149995803833,2.253999948501587,36.19499969482422,26.18000030517578,2.05,92.83,771.0,2403.1,410352179.0,27.5,0.0,0.0,0.0,3347.0,99.9757,96.9,3.3557046991,92.3948745727539,95.1602783203125,95.11029815673828,0.9915013909339904,263.4282465939542,11.753827522577375,9.499827574075788,-2.0611720578059263,11.560999631881714,12.532759041621768,ukraine
2024-09-06,71.05999755859375,7.091300010681152,1.1111111640930176,13.789999961853027,2.275000095367432,36.479000091552734,26.32999992370605,2.02,92.91,771.61,2172.2,418966419.0,40.9,0.0,0.0,0.0,3347.0,99.9757,96.9,3.3557046991,92.3948745727539,95.1602783203125,95.11029815673828,0.9915013909339904,263.4282465939542,11.878828024839091,9.60382792947166,-1.9111719370139362,11.514999866485596,12.251723716998923,ukraine
2024-09-09,71.83999633789062,7.087900161743164,1.1087212562561035,13.779999732971191,2.1700000762939453,37.33300018310547,26.28499984741211,2.09,93.21,774.21,1680.1,405729960.0,11.6,0.3,0.0,0.0,3347.0,99.9757,96.9,3.3557046991,92.3948745727539,95.1602783203125,95.11029815673828,0.9915013909339904,263.4282465939542,12.130771557679942,9.960771481385997,-1.649228175291249,11.609999656677246,12.386206265153556,ukraine
2024-09-10,69.19000244140625,7.11359977722168,1.1037527322769165,13.78499984741211,2.2320001125335693,35.28200149536133,25.948999404907227,2.03,93.32,775.07,2033.3,405123527.0,44.5,0.0,0.0,0.0,3347.0,99.9757,96.9,3.3557046991,140.97506713867188,124.80498504638672,165.17947387695312,1.5508291721343994,263.4282465939542,11.412956546537751,9.180956434004182,-2.372043300874358,11.55299973487854,11.929310765759698,ukraine
2024-09-11,70.61000061035156,7.120800018310547,1.1020983457565308,13.734999656677246,2.2699999809265137,36.141998291015625,26.28700065612793,2.13,93.42,775.93,2149.7000000000003,411311782.0,48.8,0.0,0.0,0.0,3347.0,99.9757,96.9,3.3557046991,140.97506713867188,124.80498504638672,165.17947387695312,1.5508291721343994,263.4282465939542,11.673623159912454,9.40362317898594,-2.061376496764792,11.464999675750732,12.174138036267511,ukraine
2024-09-12,71.97000122070312,7.119699954986572,1.1010911464691162,13.6850004196167,2.3570001125335693,35.191001892089844,25.934999465942383,2.13,93.47,776.31,2112.2000000000003,408141918.0,23.1,0.0,3.8,0.0,3387.0,99.9757,96.9,3.3557046991,140.97506713867188,124.80498504638672,165.17947387695312,1.5508291721343994,263.4282465939542,11.356069979179647,8.999069866646078,-2.328930440437052,11.32800030708313,12.408620900121228,ukraine
2024-09-13,71.61000061035156,7.116600036621094,1.1077877283096311,13.673999786376951,2.305000066757202,35.64799880981445,25.780000686645508,2.13,93.45,776.19,2170.7000000000003,411698686.0,18.5,0.0,2.9,0.0,3387.0,99.9757,96.9,3.3557046991,140.97506713867188,124.80498504638672,165.17947387695312,1.5508291721343994,263.4282465939542,11.573503906729732,9.26850383997253,-2.1004958796472195,11.36899971961975,12.34655182937096,ukraine
2024-09-16,72.75,7.092700004577637,1.1088441610336304,13.130000114440918,2.372999906539917,34.08100128173828,25.145000457763672,2.25,93.59,777.36,1722.2,407872787.0,30.7,7.1,0.0,0.0,3387.0,100.4309,97.4,4.3198529466,140.97506713867188,124.80498504638672,165.17947387695312,1.5508291721343994,263.4282465939542,11.075313226724333,8.702313320184416,-2.054686887716585,10.757000207901001,12.543103448275863,ukraine
2024-09-17,73.69999694824219,7.09250020980835,1.1129536628723145,13.300000190734863,2.3239998817443848,35.547000885009766,25.48900032043457,2.23,93.6,777.42,2037.9,404083296.0,23.2,7.9,0.0,0.0,3387.0,100.4309,97.4,4.3198529466,140.97506713867188,124.80498504638672,165.17947387695312,1.5508291721343994,263.4282465939542,11.594531537128319,9.270531655383934,-1.7054686536065446,10.976000308990479,12.706896025558999,ukraine
2024-09-18,73.6500015258789,7.09250020980835,1.1123099327087402,13.220000267028809,2.2839999198913574,35.244998931884766,25.32999992370605,2.33,93.62,777.55,2076.2,399878361.0,32.7,6.4,0.0,0.0,3387.0,100.4309,97.4,4.3198529466,140.97506713867188,124.80498504638672,165.17947387695312,1.5508291721343994,263.4282465939542,11.489376869133261,9.205376949241904,-1.7306233978955472,10.936000347137451,12.698276125151535,ukraine
2024-09-19,74.87999725341797,7.080999851226807,1.1114816665649414,12.829999923706056,2.3480000495910645,33.08300018310547,25.024999618530277,2.31,93.66,777.92,2113.9,401698943.0,22.6,5.8,0.0,0.0,3445.0,100.4309,97.4,4.3198529466,140.97506713867188,124.80498504638672,165.17947387695312,1.5508291721343994,263.4282465939542,10.776564906037363,8.428564856446298,-2.0534350176686935,10.481999874114992,12.910344354037582,ukraine
2024-09-20,74.48999786376953,7.066999912261963,1.1161960363388062,12.970000267028809,2.434000015258789,34.444000244140625,25.20599937438965,2.24,93.7,778.27,2369.5,401557851.0,20.4,4.3,0.0,0.0,3445.0,100.4309,97.4,4.3198529466,140.97506713867188,124.80498504638672,165.17947387695312,1.5508291721343994,263.4282465939542,11.26749094356112,8.83349092830233,-1.7025093234676891,10.53600025177002,12.843103079960265,ukraine
2024-09-23,73.9000015258789,7.050899982452393,1.1160838603973389,13.204999923706056,2.61299991607666,36.21099853515625,25.47599983215332,2.2,94.01,780.84,1691.7000000000005,399776851.0,30.0,1.1,0.0,0.0,3445.0,100.4309,97.4,4.3198529466,140.97506713867188,124.80498504638672,165.17947387695312,1.5508291721343994,263.4282465939542,11.844329668172927,9.231329752096267,-1.3606702555331296,10.592000007629396,12.741379573427398,ukraine
2024-09-24,75.16999816894531,7.051300048828125,1.111172795295715,13.05500030517578,2.5510001182556152,35.41299819946289,25.474000930786133,2.4,94.04,781.08,1992.3,392187108.0,31.1,0.8,0.0,0.0,3445.0,100.4309,97.4,4.3198529466,140.97506713867188,124.80498504638672,165.17947387695312,1.5508291721343994,263.4282465939542,11.532340466422628,8.981340348167013,-1.5226598387531514,10.504000186920164,12.960344511887124,ukraine
2024-09-25,73.45999908447266,7.030200004577637,1.1191190481185913,13.095000267028809,2.63700008392334,37.31900024414063,25.94499969482422,2.61,94.1,781.62,2019.0,405441710.0,38.6,0.5,0.0,0.0,3445.0,100.4309,97.4,4.3198529466,140.97506713867188,124.80498504638672,165.17947387695312,1.5508291721343994,263.4282465939542,12.239944442478954,9.602944358555614,-0.8550558245498543,10.458000183105469,12.66551708352977,ukraine
2024-09-26,71.5999984741211,7.032299995422363,1.1131023168563845,13.1899995803833,2.5850000381469727,37.88999938964844,26.209999084472656,2.62,94.18,782.29,1947.5,405931561.0,30.3,0.8,0.0,0.0,3493.0,100.4309,97.4,4.3198529466,140.97506713867188,124.80498504638672,165.17947387695312,1.5508291721343994,263.4282465939542,12.360409041336132,9.775409003189159,-0.8295905390471692,10.604999542236328,12.344827323124328,ukraine
2024-09-27,71.9800033569336,7.008999824523926,1.117717981338501,13.204999923706056,2.9019999504089355,38.11399841308594,26.34499931335449,2.64,94.2,782.66,1786.6,398041994.0,17.7,0.3,0.0,0.0,3493.0,100.4309,97.4,4.3198529466,140.97506713867188,124.80498504638672,165.17947387695312,1.5508291721343994,263.4282465939542,12.485039115339125,9.58303916493019,-0.7199608083669311,10.302999973297121,12.410345406367862,ukraine
2024-09-30,71.7699966430664,7.010300159454346,1.1169815063476562,13.125,2.9230000972747803,39.04399871826172,25.979999542236328,2.53,94.53,785.37,1834.7,405789055.0,35.6,4.1,0.1,0.0,3493.0,100.4309,97.4,4.3198529466,140.97506713867188,124.80498504638672,165.17947387695312,1.5508291721343994,263.4282465939542,12.78125296797902,9.85825287070424,-0.3437470320209801,10.20199990272522,12.374137352252829,ukraine
2024-10-01,73.55999755859375,7.017499923706055,1.113660216331482,13.175000190734863,2.8959999084472656,39.27299880981445,25.334999084472656,2.65,94.56,785.64,2092.5,403148757.0,40.2,2.9,0.6,0.0,3493.0,100.4309,97.4,4.3198529466,140.97506713867188,124.80498504638672,165.17947387695312,1.5508291721343994,263.4282465939542,12.817989985910307,9.921990077463041,-0.35701020482455625,10.279000282287598,12.682758199757544,ukraine
2024-10-02,73.9000015258789,7.030399799346924,1.1063904762268066,13.09000015258789,2.885999917984009,38.617000579833984,24.899999618530277,2.67,94.53,785.89,2069.7,414194611.0,69.0,5.9,0.0,0.0,3493.0,100.4309,97.4,4.3198529466,140.97506713867188,124.80498504638672,165.17947387695312,1.5508291721343994,263.4282465939542,12.521608627422495,9.635608709438486,-0.5683915251653957,10.204000234603882,12.741379573427398,ukraine
2024-10-03,77.62000274658203,7.037700176239014,1.1048502922058103,13.095000267028809,2.970000028610229,39.9119987487793,24.729999542236328,2.77,94.51,785.66,2483.3,407218160.0,45.9,7.5,0.1,0.0,3548.0,100.4309,97.4,4.3198529466,140.97506713867188,124.80498504638672,165.17947387695312,1.5508291721343994,263.4282465939542,12.92349771114513,9.9534976825349,-0.1715025558836789,10.125000238418579,13.382759094238281,ukraine
2024-10-04,78.05000305175781,7.045100212097168,1.103557825088501,13.09000015258789,2.8540000915527344,40.97999954223633,24.45499992370605,2.75,94.53,785.88,2403.2,410437695.0,26.6,7.8,0.0,0.0,3548.0,100.4309,97.4,4.3198529466,140.97506713867188,124.80498504638672,165.17947387695312,1.5508291721343994,263.4282465939542,13.25379356267858,10.399793471125845,0.1637934100906886,10.236000061035156,13.456897077889279,ukraine
2024-10-07,80.93000030517578,7.017499923706055,1.0974539518356323,13.135000228881836,2.746000051498413,40.24399948120117,24.78300094604492,2.49,94.83,788.38,1920.5,413838124.0,43.3,6.1,3.1,5.7,3548.0,100.4309,97.4,4.3198529466,140.97506713867188,124.80498504638672,165.17947387695312,1.5508291721343994,345.05095744927473,12.943764402490919,10.197764350992506,-0.1912358263909173,10.389000177383423,13.953448328478583,ukraine
2024-10-08,77.18000030517578,7.019100189208984,1.0975743532180786,13.095000267028809,2.7330000400543213,38.91899871826172,23.98500061035156,2.51,94.88,788.81,2143.9,409875205.0,32.4,7.9,1.7,4.0,3548.0,100.4309,97.4,4.3198529466,140.97506713867188,124.80498504638672,165.17947387695312,1.5508291721343994,345.05095744927473,12.518974850413915,9.785974810359594,-0.5760254166148933,10.362000226974487,13.306896604340652,ukraine
2024-10-09,76.58000183105469,7.057799816131592,1.0975743532180786,13.06999969482422,2.6600000858306885,38.34099960327149,24.84499931335449,2.51,94.99,789.64,1984.5,406804620.0,12.2,9.2,0.1,3.7,3548.0,100.4309,97.4,4.3198529466,140.97506713867188,124.80498504638672,165.17947387695312,1.5508291721343994,345.05095744927473,12.333051352317113,9.673051266486425,-0.7369483425071071,10.409999608993532,13.203448591561154,ukraine
2024-10-10,79.4000015258789,7.080100059509277,1.0943313837051392,13.074999809265137,2.674999952316284,40.292999267578125,25.93000030517578,2.43,95.09,790.51,2069.7,413821915.0,16.9,9.1,0.0,3.5,3630.0,100.4309,97.4,4.3198529466,140.97506713867188,124.80498504638672,165.17947387695312,1.5508291721343994,345.05095744927473,12.922650782828057,10.247650830511773,-0.15234902643707926,10.399999856948853,13.689655435496364,ukraine
2024-10-11,79.04000091552734,7.080100059509277,1.0933860540390017,13.079999923706056,2.631999969482422,39.87900161743164,25.774999618530277,2.26,95.16,791.08,2275.1000000000004,412924905.0,37.6,7.3,0.0,3.6,3630.0,100.4309,97.4,4.3198529466,130.35877990722656,134.03704833984375,135.5546112060547,1.4442782402038574,345.05095744927473,12.778826254930497,10.146826285448075,-0.30117366877555973,10.447999954223635,13.627586364746094,ukraine
2024-10-14,77.45999908447266,7.065199851989746,1.0925379991531372,13.104999542236328,2.49399995803833,40.55899810791016,26.229999542236328,2.31,95.38,792.91,2038.7000000000005,417674290.0,31.0,4.6,3.3,1.0,3630.0,100.4309,97.4,4.3198529466,130.35877990722656,134.03704833984375,135.5546112060547,1.4442782402038574,345.05095744927473,12.986643760359202,10.492643802320872,-0.11835578187712592,10.610999584197998,13.355172255943561,ukraine
2024-10-15,74.25,7.087200164794922,1.0909169912338257,13.109000205993652,2.497999906539917,39.97299957275391,25.96500015258789,2.31,95.31,792.44,2472.7000000000003,410656664.0,42.4,6.5,2.3,2.3,3630.0,100.4309,97.4,4.3198529466,130.35877990722656,134.03704833984375,135.5546112060547,1.4442782402038574,345.05095744927473,12.780022046135182,10.282022139595265,-0.3289781598584707,10.611000299453735,12.801724137931036,ukraine
2024-10-16,74.22000122070312,7.117800235748291,1.0884116888046265,13.46500015258789,2.367000102996826,39.24100112915039,25.09499931335449,2.37,95.32,792.58,2535.1,409573448.0,38.5,9.3,0.0,2.8,3630.0,99.8084,96.7,1.2567324891,130.35877990722656,134.03704833984375,135.5546112060547,1.4442782402038574,345.05095744927473,12.51717816659423,10.150178063597403,-0.9478219859936612,11.098000049591064,12.796551934603988,ukraine
2024-10-17,74.44999694824219,7.118400096893311,1.0862481594085691,13.494999885559082,2.3469998836517334,39.650001525878906,25.075000762939453,2.21,95.39,793.13,2416.5,413563588.0,41.5,9.0,0.4,3.0,3706.0,99.8084,96.7,1.2567324891,130.35877990722656,134.03704833984375,135.5546112060547,1.4442782402038574,345.05095744927473,12.622501180500484,10.27550129684875,-0.8724987050585984,11.148000001907349,12.836206370386584,ukraine
2024-10-18,73.05999755859375,7.123000144958496,1.0829542875289917,13.274999618530272,2.257999897003174,39.20399856567383,24.854999542236328,2.19,95.45,793.61,2476.3,406330098.0,56.1,7.6,2.8,0.2,3706.0,99.8084,96.7,1.2567324891,130.35877990722656,134.03704833984375,135.5546112060547,1.4442782402038574,345.05095744927473,12.44267185255497,10.184671955551796,-0.8323277659753021,11.016999721527098,12.59655130320582,ukraine
2024-10-21,74.29000091552734,7.100800037384033,1.0868619680404663,13.34000015258789,2.312000036239624,40.02399826049805,24.57999992370605,1.82,95.73,795.98,1966.6,401778079.0,52.3,2.4,10.2,3.2,3706.0,99.8084,96.7,1.2567324891,130.35877990722656,134.03704833984375,135.5546112060547,1.4442782402038574,345.05095744927473,12.748762219092155,10.436762182852531,-0.5912379334957354,11.028000116348267,12.808620847504715,ukraine
2024-10-22,76.04000091552734,7.118000030517578,1.0817828178405762,13.524999618530272,2.311000108718872,40.70399856567383,24.799999237060547,1.76,95.76,796.22,2320.1000000000004,401569666.0,34.9,2.3,9.4,0.0,3706.0,99.8084,96.7,1.2567324891,130.35877990722656,134.03704833984375,135.5546112060547,1.4442782402038574,345.05095744927473,12.90477127719068,10.593771168471807,-0.6202283413395921,11.2139995098114,13.110344985435749,ukraine
2024-10-23,74.95999908447266,7.121699810028076,1.079727053642273,13.595000267028809,2.3420000076293945,41.380001068115234,25.905000686645508,1.76,95.76,796.24,2196.0,403045825.0,23.7,3.1,6.7,2.3,3706.0,99.8084,96.7,1.2567324891,130.35877990722656,134.03704833984375,135.5546112060547,1.4442782402038574,345.05095744927473,13.094159862429493,10.752159854800098,-0.500840404599316,11.253000259399414,12.924137773184942,ukraine
2024-10-24,74.37999725341797,7.12529993057251,1.0780508518218994,13.720000267028809,2.5220000743865967,42.15399932861328,26.53499984741211,1.9,95.7,795.76,2326.6000000000004,407535946.0,21.6,3.6,5.7,4.0,3785.0,99.8084,96.7,1.2567324891,130.35877990722656,134.03704833984375,135.5546112060547,1.4442782402038574,345.05095744927473,13.318373479374037,10.79637340498744,-0.4016267876547719,11.198000192642212,12.824137457485858,ukraine
2024-10-25,76.05000305175781,7.11870002746582,1.0824151039123535,13.795000076293944,2.559999942779541,43.51300048828125,26.57999992370605,2.04,95.68,795.53,2282.1,406763287.0,49.4,2.5,2.9,6.5,3785.0,99.8084,96.7,1.2567324891,130.35877990722656,134.03704833984375,135.5546112060547,1.4442782402038574,345.05095744927473,13.803398730726535,11.243398787946994,0.008398654432591357,11.235000133514403,13.112069491682382,ukraine
2024-10-28,71.41999816894531,7.120100021362305,1.0796570777893066,13.755000114440918,2.309000015258789,42.51900100708008,26.48600006103516,1.93,95.82,796.75,1831.5,421482104.0,25.1,7.0,1.8,8.3,3785.0,99.8084,96.7,1.2567324891,130.35877990722656,134.03704833984375,135.5546112060547,1.4442782402038574,345.05095744927473,13.453709513040105,11.144709497781315,-0.30129060140081343,11.446000099182129,12.313792787749192,ukraine
2024-10-29,71.12000274658203,7.127500057220459,1.0816774368286133,13.6850004196167,2.345999956130981,42.86899948120117,26.6299991607666,2.03,95.84,796.93,2090.4,417913857.0,29.7,7.8,7.6,7.2,3785.0,99.8084,96.7,1.2567324891,130.35877990722656,134.03704833984375,135.5546112060547,1.4442782402038574,345.05095744927473,13.589837895934176,11.243837939803194,-0.09516252368252331,11.339000463485718,12.262069439065868,ukraine
2024-10-30,72.55000305175781,7.130099773406982,1.0820636749267578,13.520000457763672,2.845000028610229,40.90299987792969,26.21500015258789,1.82,95.72,795.97,2170.5,410967328.0,19.4,4.9,4.7,4.8,3785.0,99.8084,96.7,1.2567324891,130.35877990722656,134.03704833984375,135.5546112060547,1.4442782402038574,345.05095744927473,12.971229305785029,10.126229277174799,-0.5487711519786433,10.675000429153442,12.508621215820312,ukraine
2024-10-31,73.16000366210938,7.114799976348877,1.085917830467224,13.619999885559082,2.7070000171661377,40.5880012512207,25.45499992370605,2.03,95.75,796.19,2253.2000000000003,437198922.0,24.5,4.5,8.2,2.3,3864.0,99.8084,96.7,1.2567324891,130.35877990722656,134.03704833984375,135.5546112060547,1.4442782402038574,345.05095744927473,12.917182255630355,10.210182238464217,-0.7028176299287274,10.912999868392944,12.613793734846444,ukraine
2024-11-01,73.0999984741211,7.118500232696533,1.0886130332946775,13.475000381469728,2.6630001068115234,39.17499923706055,25.4950008392334,1.82,95.7,795.83,2274.1000000000004,413331138.0,26.4,5.2,10.0,4.4,3864.0,99.8084,96.7,1.2567324891,130.35877990722656,134.03704833984375,135.5546112060547,1.4442782402038574,345.05095744927473,12.498436391464935,9.835436284653412,-0.9765639900047933,10.812000274658205,12.603448012779499,ukraine
2024-11-04,75.08000183105469,7.121699810028076,1.087453007698059,13.475000381469728,2.7809998989105225,40.30099868774414,26.049999237060547,1.42,95.75,796.22,2457.8,452979554.0,21.8,5.4,0.0,5.6,3864.0,99.8084,96.7,1.2567324891,130.35877990722656,134.03704833984375,135.5546112060547,1.4442782402038574,345.05095744927473,12.84397540435706,10.062975505446538,-0.6310249771126681,10.694000482559206,12.944827901905981,ukraine
2024-11-05,75.52999877929688,7.097799777984619,1.0874056816101074,13.539999961853027,2.6700000762939453,40.492000579833984,25.59499931335449,1.35,95.55,794.57,2726.1,452309346.0,43.4,7.0,0.0,5.0,3864.0,99.8084,96.7,1.2567324891,130.35877990722656,134.03704833984375,135.5546112060547,1.4442782402038574,392.0771522150653,12.90428631013711,10.234286233843164,-0.6357136517159176,10.869999885559082,13.022413582637393,ukraine
2024-11-06,74.91999816894531,7.102200031280518,1.093445897102356,13.494999885559082,2.746999979019165,40.38800048828125,25.540000915527344,1.62,95.27,792.22,2723.4999999999995,446849790.0,40.1,5.8,10.7,4.3,3864.0,99.8084,96.7,1.2567324891,130.35877990722656,134.03704833984375,135.5546112060547,1.4442782402038574,392.0771522150653,12.942638176065191,10.195638197046026,-0.5523617094938906,10.747999906539917,12.917241063611261,ukraine
2024-11-07,75.62999725341797,7.1768999099731445,1.073306918144226,13.494999885559082,2.693000078201294,41.2760009765625,26.450000762939453,1.8,94.92,789.34,2641.6000000000004,438649805.0,15.7,7.4,10.5,3.2,3931.0,99.8084,96.7,1.2567324891,130.35877990722656,134.03704833984375,135.5546112060547,1.4442782402038574,392.0771522150653,12.983587250661568,10.290587172460274,-0.5114126348975141,10.801999807357788,13.039654698865167,ukraine
2024-11-08,73.87000274658203,7.141200065612793,1.0795172452926636,13.550000190734863,2.6689999103546143,42.40900039672852,26.989999771118164,1.49,94.55,786.29,2569.4,438331460.0,16.2,11.5,6.8,1.7,3931.0,99.8084,96.7,1.2567324891,130.35877990722656,134.03704833984375,135.5546112060547,1.4442782402038574,392.0771522150653,13.417165557067369,10.748165646712755,-0.13283463366749437,10.881000280380249,12.73620737010035,ukraine
2024-11-11,71.83000183105469,7.178199768066406,1.0714898109436035,13.550000190734863,2.9200000762939453,43.72800064086914,27.0,1.21,93.83,780.23,2376.7,435137294.0,7.1,8.9,4.8,13.4,3931.0,99.8084,96.7,1.2567324891,130.689208984375,128.40969848632812,142.81838989257812,1.3663904666900637,392.0771522150653,13.73158989362296,10.811589817329015,0.18158970288809684,10.630000114440918,12.384483074319775,ukraine
2024-11-12,71.88999938964844,7.211100101470947,1.066439151763916,13.5649995803833,2.907000064849853,44.255001068115234,26.68600082397461,1.21,93.54,777.82,2521.4,451463674.0,20.1,11.1,8.3,13.2,3931.0,99.8084,96.7,1.2567324891,130.689208984375,128.40969848632812,142.81838989257812,1.3663904666900637,392.0771522150653,13.83157367528648,10.924573610436626,0.26657409490317896,10.657999515533447,12.394827480973868,ukraine
2024-11-13,72.27999877929688,7.231599807739258,1.061672568321228,13.55500030517578,2.9830000400543213,43.66600036621094,26.420000076293945,1.92,93.1,774.19,2640.8,443165620.0,35.2,13.3,8.6,10.0,3931.0,99.8084,96.7,1.2567324891,130.689208984375,128.40969848632812,142.81838989257812,1.3663904666900637,392.0771522150653,13.58648670837388,10.603486668319558,0.03148640319809992,10.572000265121458,12.462068755051186,ukraine
2024-11-14,72.55999755859375,7.223499774932861,1.0564124584197998,13.5649995803833,2.7850000858306885,46.2239990234375,27.21500015258789,2.06,92.6,770.01,2661.1,439043045.0,24.1,11.9,7.8,7.2,3972.0,99.8084,96.7,1.2567324891,130.689208984375,128.40969848632812,142.81838989257812,1.3663904666900637,392.0771522150653,14.311138595234672,11.526138509403983,0.7461390148513711,10.779999494552612,12.510344406654095,ukraine
2024-11-15,71.04000091552734,7.229199886322021,1.0530084371566772,13.57900047302246,2.822999954223633,46.55099868774414,26.905000686645508,2.11,92.14,766.24,2552.5,444856516.0,23.9,9.8,5.8,6.6,3972.0,99.4695,96.8,4.5662100433,130.689208984375,128.40969848632812,142.81838989257812,1.3663904666900637,392.0771522150653,14.36593878805207,11.542938833828437,0.7869383150296105,10.756000518798826,12.248276019918508,ukraine
2024-11-18,73.30000305175781,7.230999946594238,1.0533745288848877,14.649999618530272,2.9730000495910645,46.900001525878906,27.757999420166016,1.65,91.19,758.32,2000.2,440257063.0,33.1,8.7,11.0,5.1,3972.0,99.4695,96.8,4.5662100433,130.689208984375,128.40969848632812,142.81838989257812,1.3663904666900637,392.0771522150653,14.478675263038213,11.505675213447148,-0.17132435549205915,11.676999568939207,12.6379315606479,ukraine
2024-11-19,73.30999755859375,7.235400199890137,1.059490442276001,14.399999618530272,2.997999906539917,45.667999267578125,27.27199935913086,2.08,90.72,754.39,2690.3,435523458.0,39.3,7.5,7.4,5.1,3972.0,99.4695,96.8,4.5662100433,130.689208984375,128.40969848632812,142.81838989257812,1.3663904666900637,392.0771522150653,14.180194465017976,11.18219455847806,-0.21980515351229535,11.401999711990355,12.63965475148168,ukraine
2024-11-20,72.80999755859375,7.238100051879883,1.0607603788375854,14.65999984741211,3.193000078201294,46.79600143432617,27.31399917602539,2.1,90.25,750.54,2337.4,442636904.0,34.2,8.6,8.3,3.2,3972.0,99.4695,96.8,4.5662100433,130.689208984375,128.40969848632812,142.81838989257812,1.3663904666900637,392.0771522150653,14.547862693078251,11.354862614876957,-0.11213715433385829,11.466999769210815,12.553447854929956,ukraine
2024-11-21,74.2300033569336,7.24399995803833,1.0546187162399292,15.074999809265137,3.33899998664856,48.303001403808594,28.101999282836918,2.32,89.76,746.49,2331.5,442433769.0,47.3,7.7,9.6,4.5,3969.0,99.4695,96.8,4.5662100433,130.689208984375,128.40969848632812,142.81838989257812,1.3663904666900637,392.0771522150653,14.929413602906129,11.59041361625757,-0.14558620635900787,11.735999822616577,12.79827644085062,ukraine
2024-11-22,75.16999816894531,7.233699798583984,1.0469341278076172,14.78499984741211,3.128999948501587,47.01800155639648,27.59499931335449,2.84,89.14,741.39,2416.2,442297451.0,50.0,10.9,7.9,14.3,3969.0,99.4695,96.8,4.5662100433,130.689208984375,128.40969848632812,142.81838989257812,1.3663904666900637,392.0771522150653,14.426357198328068,11.297357249826481,-0.3586426490840413,11.655999898910522,12.960344511887124,ukraine
2024-11-25,73.01000213623047,7.242000102996826,1.0479873418807983,15.015000343322754,3.36899995803833,47.733001708984375,27.89900016784668,2.41,87.97,731.63,2008.8,438918211.0,23.5,16.0,10.3,12.4,3969.0,99.4695,96.8,4.5662100433,130.689208984375,128.40969848632812,142.81838989257812,1.3663904666900637,392.0771522150653,14.660471604620602,11.291471646582272,-0.35452873870215207,11.646000385284424,12.587931402798358,ukraine
2024-11-26,72.80999755859375,7.239500045776367,1.0444300174713137,14.9399995803833,3.430999994277954,47.21599960327149,27.44499969482422,2.78,87.71,729.46,2403.9,439014527.0,34.6,16.5,16.9,10.6,3969.0,99.4695,96.8,4.5662100433,130.689208984375,128.40969848632812,142.81838989257812,1.3663904666900637,392.0771522150653,14.452457194186167,11.021457199908212,-0.4875423861971342,11.508999586105347,12.553447854929956,ukraine
2024-11-27,72.83000183105469,7.251999855041504,1.0491198301315308,15.020000457763672,3.2039999961853027,46.762001037597656,27.277999877929688,3.19,87.33,726.31,2832.7,445527015.0,43.6,15.6,12.7,14.1,3969.0,99.4695,96.8,4.5662100433,130.689208984375,128.40969848632812,142.81838989257812,1.3663904666900637,392.0771522150653,14.377763686476792,11.173763690291489,-0.6422367712868802,11.81600046157837,12.556896867423223,ukraine
2024-11-28,72.83000183105469,7.246200084686279,1.0562450885772705,15.020000457763672,3.2039999961853027,46.762001037597656,27.277999877929688,3.39,86.92,722.88,2733.7,455110263.0,51.5,14.1,12.8,13.2,3967.0,99.4695,96.8,4.5662100433,130.689208984375,128.40969848632812,142.81838989257812,1.3663904666900637,392.0771522150653,14.475412476629844,11.27141248044454,-0.5445879811338283,11.81600046157837,12.556896867423223,ukraine
2024-11-29,72.94000244140625,7.2428998947143555,1.0563008785247805,14.925000190734863,3.36299991607666,47.81100082397461,27.30500030517578,3.39,86.47,719.13,2610.7000000000003,430673893.0,74.2,3.2,13.4,12.4,3967.0,99.4695,96.8,4.5662100433,130.689208984375,128.40969848632812,142.81838989257812,1.3663904666900637,392.0771522150653,14.800917363740462,11.437917447663802,-0.12408282699440143,11.562000274658203,12.575862489897629,ukraine
2024-12-02,71.83000183105469,7.240699768066406,1.0545074939727783,15.114999771118164,3.213000059127808,48.65499877929688,27.40999984741211,3.39,85.29,709.33,2331.4,402975748.0,43.9,10.8,15.3,19.7,3967.0,99.4695,96.8,4.5662100433,130.689208984375,128.40969848632812,142.81838989257812,1.3663904666900637,392.0771522150653,15.036622422293618,11.82362236316581,-0.07837734882454583,11.901999711990356,12.384483074319775,ukraine
2024-12-03,73.62000274658203,7.270899772644043,1.0501223802566528,15.125,3.0420000553131104,48.55699920654297,27.295000076293945,3.05,84.87,705.82,2830.3,405019165.0,45.0,10.8,17.5,21.3,3967.0,99.4695,96.8,4.5662100433,130.689208984375,128.40969848632812,142.81838989257812,1.3663904666900637,392.0771522150653,14.943933011217391,11.90193295590428,-0.18106698878260907,12.08299994468689,12.693103921824488,ukraine
2024-12-04,72.30999755859375,7.28380012512207,1.0510826110839844,15.074999809265137,3.0429999828338623,47.04600143432617,27.07999992370605,2.94,84.35,701.54,2828.5,411076853.0,26.2,14.5,21.4,19.5,3967.0,99.4695,96.8,4.5662100433,130.689208984375,128.40969848632812,142.81838989257812,1.3663904666900637,392.0771522150653,14.492146872242179,11.449146889408317,-0.5828529370229578,12.031999826431274,12.467240958378234,ukraine
2024-12-05,72.08999633789062,7.263000011444092,1.051414132118225,15.0649995803833,3.0789999961853027,46.55099868774414,26.941999435424805,2.75,83.78,696.76,2700.8,417661088.0,36.1,14.1,24.3,17.6,3937.0,99.4695,96.8,4.5662100433,130.689208984375,128.40969848632812,142.81838989257812,1.3663904666900637,392.0771522150653,14.344188070979252,11.265188074793949,-0.720811509404049,11.985999584197998,12.429309713429419,ukraine
2024-12-06,71.12000274658203,7.259200096130371,1.058559536933899,15.074999809265137,3.075999975204468,46.47999954223633,27.440000534057617,2.95,83.29,692.65,2967.5000000000005,421115716.0,37.2,11.7,24.6,14.7,3937.0,99.4695,96.8,4.5662100433,130.689208984375,128.40969848632812,142.81838989257812,1.3663904666900637,479.9887264759378,14.419644795382816,11.343644820178348,-0.6553550138823212,11.998999834060669,12.262069439065868,ukraine
2024-12-09,72.13999938964844,7.269299983978271,1.056546330451965,15.0600004196167,3.181999921798706,44.85499954223633,26.6200008392334,2.83,82.25,683.98,2106.4999999999995,416114120.0,18.9,13.4,19.7,17.9,3937.0,99.4695,96.8,4.5662100433,130.689208984375,128.40969848632812,142.81838989257812,1.3663904666900637,479.9887264759378,13.889050615969559,10.707050694170853,-1.1709498036471402,11.878000497817993,12.437930929249731,ukraine
2024-12-10,72.19000244140625,7.259500026702881,1.0555204153060913,15.020000457763672,3.1630001068115234,45.55199813842773,27.291000366210938,3.05,81.73,679.68,2417.5,415475518.0,53.0,11.0,24.2,16.3,3937.0,99.4695,96.8,4.5662100433,130.689208984375,128.40969848632812,142.81838989257812,1.3663904666900637,479.9887264759378,14.09117562383007,10.928175517018547,-0.9288248339336018,11.857000350952148,12.446552145070044,ukraine
2024-12-11,73.5199966430664,7.248700141906738,1.0532968044281006,15.0,3.378000020980835,44.69400024414063,27.507999420166016,2.9,81.02,673.8,2825.5,430366032.0,41.9,9.7,23.7,18.7,3937.0,99.4695,96.8,4.5662100433,128.90164184570312,139.14866638183594,127.42887115478516,1.970908641815185,479.9887264759378,13.79663426303202,10.418634242051185,-1.2033657369679798,11.621999979019165,12.675861490183863,ukraine
2024-12-12,73.41000366210938,7.261099815368652,1.0506850481033323,14.949999809265137,3.4549999237060547,42.80400085449219,26.280000686645508,2.9,80.25,667.48,3279.1,428682136.0,43.3,10.5,18.4,20.1,3747.0,99.4695,96.8,4.5662100433,128.90164184570312,139.14866638183594,127.42887115478516,1.970908641815185,479.9887264759378,13.180445027700271,9.725445103994216,-1.7695547815648656,11.494999885559082,12.656897183122306,ukraine
2024-12-13,74.48999786376953,7.267600059509277,1.0474056005477903,14.876999855041504,3.2799999713897705,41.21500015258789,25.80500030517578,3.12,79.48,661.02,3349.1,429537419.0,42.5,11.7,11.4,19.9,3747.0,99.4695,96.8,4.5662100433,128.90164184570312,139.14866638183594,127.42887115478516,1.970908641815185,479.9887264759378,12.651538912939854,9.371538941550083,-2.22546094210165,11.596999883651733,12.843103079960265,ukraine
2024-12-16,73.91000366210938,7.275100231170654,1.051005244255066,12.765000343322754,3.21399998664856,40.277000427246094,25.30500030517578,3.15,77.88,647.76,2659.3,419509842.0,17.4,14.4,19.6,18.6,3747.0,99.2925,96.8,0.0897666015,128.90164184570312,139.14866638183594,127.42887115478516,1.970908641815185,479.9887264759378,12.406096664233933,9.192096677585374,-0.3589036790888205,9.551000356674194,12.74310407967403,ukraine
2024-12-17,73.19000244140625,7.282400131225586,1.0517348051071167,13.31999969482422,3.308000087738037,42.06499862670898,25.104999542236328,2.87,77.47,644.36,2781.6,408835507.0,22.3,13.6,28.9,18.8,3747.0,99.2925,96.8,0.0897666015,128.90164184570312,139.14866638183594,127.42887115478516,1.970908641815185,479.9887264759378,12.965828814905866,9.657828727167828,-0.35417087991835494,10.011999607086183,12.618965938173492,ukraine
2024-12-18,73.38999938964844,7.284599781036377,1.0495051145553589,13.005000114440918,3.374000072479248,41.00699996948242,25.118000030517575,2.85,77.06,640.94,3044.9,410565550.0,21.1,15.9,27.0,19.4,3747.0,99.2925,96.8,0.0897666015,128.90164184570312,139.14866638183594,127.42887115478516,1.970908641815185,479.9887264759378,12.612922154584293,9.238922082105045,-0.39207795985662486,9.63100004196167,12.65344817062904,ukraine
2024-12-19,72.87999725341797,7.285399913787842,1.0350252389907837,13.460000038146973,3.5840001106262207,43.07799911499024,26.280000686645508,3.01,76.7,637.93,2754.3,416585006.0,37.4,13.8,19.9,19.5,3622.0,99.2925,96.8,0.0897666015,128.90164184570312,139.14866638183594,127.42887115478516,1.970908641815185,479.9887264759378,13.067112231396585,9.483112120770365,-0.39288780675038737,9.875999927520752,12.565516767830685,ukraine
2024-12-20,72.94000244140625,7.295400142669678,1.0364949703216553,13.664999961853027,3.747999906539917,44.130001068115234,26.229999542236328,3.15,76.45,635.84,2654.7,409683260.0,53.9,9.0,13.3,18.8,3622.0,99.2925,96.8,0.0897666015,128.90164184570312,139.14866638183594,127.42887115478516,1.970908641815185,479.9887264759378,13.405230778159957,9.65723087162004,-0.25976918369307,9.91700005531311,12.575862489897629,ukraine
2024-12-23,72.62999725341797,7.295400142669678,1.0433076620101929,13.984999656677246,3.6559998989105225,45.54499816894531,27.024999618530277,3.1,75.71,629.66,2609.4,414142394.0,64.4,7.4,17.6,22.3,3622.0,99.2925,96.8,0.0897666015,128.90164184570312,139.14866638183594,127.42887115478516,1.970908641815185,479.9887264759378,13.925995286213594,10.269995387303071,-0.05900437046365248,10.328999757766724,12.522413319554822,ukraine
2024-12-24,73.58000183105469,7.296999931335449,1.0405826568603516,13.96500015258789,3.946000099182129,45.73099899291992,27.06999969482422,2.89,75.37,626.84,2534.6000000000004,421187032.0,57.9,10.0,20.3,20.1,3622.0,99.2925,96.8,0.0897666015,128.90164184570312,139.14866638183594,127.42887115478516,1.970908641815185,479.9887264759378,13.946345821956507,10.000345722774378,-0.01865433063138333,10.019000053405762,12.686207212250808,ukraine
2024-12-25,73.58000183105469,7.294600009918213,1.0402579307556152,13.96500015258789,3.946000099182129,45.73099899291992,27.06999969482422,2.95,75.05,624.22,2307.8,424078856.0,54.6,11.5,18.2,18.0,3622.0,99.2925,96.8,0.0897666015,128.90164184570312,139.14866638183594,127.42887115478516,1.970908641815185,479.9887264759378,13.94199370007151,9.995993600889381,-0.02300645251638045,10.019000053405762,12.686207212250808,ukraine
2024-12-26,73.26000213623047,7.2972002029418945,1.0399551391601562,13.96500015258789,3.714999914169312,45.73099899291992,27.09000015258789,2.95,74.83,622.41,2275.0,414279627.0,56.0,9.8,24.2,22.2,3529.0,99.2925,96.8,0.0897666015,128.90164184570312,139.14866638183594,127.42887115478516,1.970908641815185,479.9887264759378,13.937935554114135,10.222935639944824,-0.027064598473755197,10.250000238418579,12.631034851074219,ukraine
2024-12-27,74.16999816894531,7.297299861907959,1.0423181056976318,14.289999961853027,3.513999938964844,47.73099899291992,27.809999465942383,2.96,74.52,619.82,2446.0,413351361.0,49.3,12.6,23.4,24.0,3529.0,99.2925,96.8,0.0897666015,128.90164184570312,139.14866638183594,127.42887115478516,1.970908641815185,479.9887264759378,14.580551927340574,11.06655198837573,0.2905519654875466,10.776000022888184,12.787930718783675,ukraine
2024-12-30,74.38999938964844,7.297800064086914,1.0429377555847168,14.154999732971191,3.936000108718872,47.632999420166016,27.98500061035156,2.91,73.08,607.78,2396.3,409424463.0,34.5,8.6,17.0,17.0,3529.0,99.2925,96.8,0.0897666015,128.90164184570312,139.14866638183594,127.42887115478516,1.970908641815185,479.9887264759378,14.55926588798703,10.623265779268158,0.4042661550158382,10.21899962425232,12.825861963732489,ukraine
2024-12-31,74.63999938964844,7.298099994659424,1.040615200996399,14.239999771118164,3.632999897003174,48.88899993896485,28.429000854492188,3.39,72.39,602.1,2550.0,407736035.0,21.0,10.2,13.7,21.6,3529.0,99.2925,96.8,0.0897666015,128.90164184570312,139.14866638183594,127.42887115478516,1.970908641815185,479.9887264759378,14.909891299301565,11.276891402298391,0.6698915281834008,10.60699987411499,12.868965412008352,ukraine
2025-01-01,74.63999938964844,7.298099994659424,1.040615200996399,14.239999771118164,3.632999897003174,48.88899993896485,28.429000854492188,3.4,72.09,599.57,2499.9,388500101.0,14.6,14.8,11.5,21.6,3529.0,99.2925,96.8,0.0897666015,128.90164184570312,139.14866638183594,127.42887115478516,1.970908641815185,479.9887264759378,14.909891299301565,11.276891402298391,0.6698915281834008,10.60699987411499,12.868965412008352,ukraine
2025-01-02,75.93000030517578,7.298099994659424,1.0351860523223877,14.380000114440918,3.660000085830689,50.27299880981445,29.04400062561035,3.4,71.75,596.72,2353.1,0.0,20.7,15.7,9.0,21.3,3413.0,99.2925,96.8,0.0897666015,128.90164184570312,139.14866638183594,127.42887115478516,1.970908641815185,479.9887264759378,15.251984729917272,11.591984644086583,0.8719846154763538,10.72000002861023,13.091379362961343,ukraine
2025-01-03,76.51000213623047,7.298600196838379,1.0268205404281616,14.359999656677246,3.3540000915527344,49.62200164794922,29.461000442504883,3.65,71.26,592.68,2673.6,0.0,43.6,12.1,12.5,17.5,3413.0,99.2925,96.8,0.0897666015,128.90164184570312,139.14866638183594,127.42887115478516,1.970908641815185,479.9887264759378,14.932825308830923,11.578825217278188,0.5728256521536768,11.005999565124512,13.191379678660427,ukraine
2025-01-06,76.30000305175781,7.3196001052856445,1.030534744262695,14.28499984741211,3.671999931335449,47.32600021362305,28.799999237060547,3.4,69.59,578.75,2334.5,0.0,78.4,9.6,18.4,17.7,3413.0,99.2925,96.8,0.0897666015,128.90164184570312,139.14866638183594,127.42887115478516,1.970908641815185,484.4153085319344,14.293401656181247,10.621401724845798,0.008401808769137986,10.61299991607666,13.155172939958243,ukraine
2025-01-07,77.05000305175781,7.322299957275391,1.0386372804641724,14.270000457763672,3.4489998817443848,47.4739990234375,28.84000015258789,4.05,69.19,575.49,2437.6,0.0,43.2,14.2,20.6,19.7,3413.0,99.2925,96.8,0.0897666015,128.90164184570312,139.14866638183594,127.42887115478516,1.970908641815185,484.4153085319344,14.450832978266396,11.001833096522011,0.18083252050272414,10.821000576019287,13.28448328478583,ukraine
2025-01-08,76.16000366210938,7.326399803161621,1.034554123878479,14.225000381469728,3.651000022888184,45.55899810791016,28.125,3.8,68.67,571.13,2838.2,0.0,52.3,15.5,22.0,20.6,3413.0,99.2925,96.8,0.0897666015,128.90164184570312,139.14866638183594,127.42887115478516,1.970908641815185,484.4153085319344,13.813398445641235,10.162398422753052,-0.411601935828493,10.574000358581545,13.13103511415679,ukraine
2025-01-09,76.91999816894531,7.331500053405762,1.0314701795578003,14.1899995803833,3.700999975204468,44.98699951171875,28.125,3.75,68.04,565.89,2720.3,0.0,29.2,16.6,25.8,18.4,3373.0,99.2925,96.8,0.0897666015,128.90164184570312,139.14866638183594,127.42887115478516,1.970908641815185,484.4153085319344,13.599309660248176,9.898309685043708,-0.5906899201351248,10.488999605178833,13.262068649818158,ukraine
2025-01-10,79.76000213623047,7.332099914550781,1.0297601222991943,14.154999732971191,3.989000082015991,45.007999420166016,29.100000381469727,3.94,67.37,560.31,2866.3,0.0,42.4,13.0,25.4,18.0,3373.0,99.2925,96.8,0.0897666015,142.36643981933594,128.26246643066406,164.81373596191406,2.295013666152954,484.4153085319344,13.583101217227965,9.594101135211973,-0.5718985157432268,10.1659996509552,13.751724506246633,ukraine
2025-01-13,81.01000213623047,7.331699848175049,1.0244431495666504,14.140000343322754,3.934000015258789,48.26100158691406,29.92200088500977,4.13,65.35,543.5,2377.2,0.0,48.6,14.9,24.9,24.0,3373.0,99.2925,96.8,0.0897666015,142.36643981933594,128.26246643066406,164.81373596191406,2.295013666152954,484.4153085319344,14.48963186356344,10.555631848304651,0.34963152024068656,10.206000328063965,13.967241747625943,ukraine
2025-01-14,79.91999816894531,7.329800128936768,1.026525378227234,14.135000228881836,3.9679999351501465,46.946998596191406,30.016000747680664,4.4,64.48,536.32,2889.1000000000004,0.0,25.7,15.8,25.7,29.3,3373.0,99.2925,96.8,0.0897666015,142.36643981933594,128.26246643066406,164.81373596191406,2.295013666152954,484.4153085319344,14.123771442727675,10.155771507577528,-0.011228786154161341,10.16700029373169,13.779310029128503,ukraine
2025-01-15,82.02999877929688,7.330900192260742,1.030683517456055,14.128999710083008,4.083000183105469,47.00600051879883,30.38999938964844,4.32,63.56,528.61,3118.4,0.0,33.2,15.4,22.4,25.5,3373.0,100.3273,96.5,5.1771117109,142.36643981933594,128.26246643066406,164.81373596191406,2.295013666152954,484.4153085319344,14.198804842783916,10.115804659678448,0.0698051327009086,10.045999526977539,14.143103237809806,ukraine
2025-01-16,81.29000091552734,7.330100059509277,1.0295268297195437,13.744999885559082,4.257999897003174,46.24100112915039,30.36000061035156,4.45,62.68,521.36,3057.6,0.0,30.2,16.6,21.3,23.3,3115.0,100.3273,96.5,5.1771117109,142.36643981933594,128.26246643066406,164.81373596191406,2.295013666152954,484.4153085319344,13.952050998948472,9.694051101945298,0.2070511133893902,9.486999988555908,14.015517399228854,ukraine
2025-01-17,80.79000091552734,7.330999851226807,1.0301949977874756,13.779999732971191,3.947999954223633,46.887001037597656,30.92099952697754,4.3,61.83,514.21,3088.7,0.0,17.7,15.7,19.5,21.0,3115.0,100.3273,96.5,5.1771117109,142.36643981933594,128.26246643066406,164.81373596191406,2.295013666152954,484.4153085319344,14.156146562037105,10.208146607813472,0.3761468290659131,9.831999778747559,13.92931050267713,ukraine
2025-01-20,80.79000091552734,7.323999881744385,1.0277386903762815,13.779999732971191,3.947999954223633,46.887001037597656,30.92099952697754,9.86,59.21,492.47,2201.6,0.0,21.8,11.4,31.0,22.0,3115.0,100.3273,96.5,5.1771117109,142.36643981933594,128.26246643066406,164.81373596191406,2.295013666152954,484.4153085319344,14.12239387658536,10.174393922361727,0.3423941436141682,9.831999778747559,13.92931050267713,ukraine
2025-01-21,79.29000091552734,7.313300132751465,1.0420682430267334,14.40999984741211,3.75600004196167,50.027000427246094,31.13500022888184,9.86,58.24,484.42,3107.9,0.0,30.7,13.2,22.1,20.3,3115.0,100.3273,96.5,5.1771117109,142.36643981933594,128.26246643066406,164.81373596191406,2.295013666152954,484.4153085319344,15.27825600330525,11.52225596134358,0.8682561558931408,10.65399980545044,13.670689813021957,ukraine
2025-01-22,79.0,7.271200180053711,1.040593504905701,14.114999771118164,3.9600000381469727,48.71599960327149,30.799999237060547,4.4,57.21,475.79,2968.5,0.0,29.1,15.9,18.6,19.9,3115.0,100.3273,96.5,5.1771117109,142.36643981933594,128.26246643066406,164.81373596191406,2.295013666152954,484.4153085319344,14.856820872576453,10.89682083442948,0.7418211014582887,10.154999732971191,13.620689655172415,ukraine
2025-01-23,78.29000091552734,7.271200180053711,1.0410159826278689,13.975000381469728,3.944999933242798,49.12300109863281,31.46500015258789,3.91,56.34,468.6,2997.0,0.0,16.0,18.9,18.0,18.5,2892.0,100.3273,96.5,5.1771117109,142.36643981933594,128.26246643066406,164.81373596191406,2.295013666152954,484.4153085319344,14.987025520149562,11.042025586906764,1.0120251386798333,10.03000044822693,13.498276019918508,ukraine
2025-01-24,78.5,7.286200046539307,1.041601538658142,14.109999656677246,4.026999950408936,49.70199966430664,31.71299934387207,3.91,55.73,463.52,2683.2,0.0,12.0,19.0,28.9,16.3,2892.0,100.3273,96.5,5.1771117109,142.36643981933594,128.26246643066406,164.81373596191406,2.295013666152954,484.4153085319344,15.172202583929224,11.145202633520288,1.0622029272519775,10.08299970626831,13.53448275862069,ukraine
2025-01-27,77.08000183105469,7.243100166320801,1.0467586517333984,14.020000457763672,3.697000026702881,47.86199951171875,30.8799991607666,3.84,54.35,453.15,2339.4,0.0,24.0,17.1,31.6,18.3,2892.0,100.3273,96.5,5.1771117109,142.36643981933594,128.26246643066406,164.81373596191406,2.295013666152954,484.4153085319344,14.682856529377837,10.985856502674956,0.6628560716141649,10.323000431060791,13.289655488112878,ukraine
2025-01-28,77.48999786376953,7.250699996948242,1.0445064306259155,13.984999656677246,3.470999956130981,48.2239990234375,31.34499931335449,3.71,54.07,449.72,2554.0,0.0,42.9,12.9,25.1,18.6,2892.0,100.3273,96.5,5.1771117109,142.36643981933594,128.26246643066406,164.81373596191406,2.295013666152954,484.4153085319344,14.762078077241362,11.291078121110381,0.7770784205641164,10.513999700546265,13.360344459270609,ukraine
2025-01-29,76.58000183105469,7.250199794769287,1.04290509223938,14.295000076293944,3.5350000858306885,51.15599822998047,32.459999084472656,3.4,53.66,446.25,2557.6,0.0,59.5,10.4,30.8,16.4,2892.0,100.3273,96.5,5.1771117109,142.36643981933594,128.26246643066406,164.81373596191406,2.295013666152954,484.4153085319344,15.63559849614475,12.100598410314062,1.3405984198508065,10.759999990463255,13.203448591561154,ukraine
2025-01-30,76.87000274658203,7.169000148773193,1.0425245761871338,14.225000381469728,3.046999931335449,51.72600173950195,32.185001373291016,3.38,53.2,442.49,2622.5000000000005,0.0,35.3,13.0,22.2,15.4,2571.0,100.3273,96.5,5.1771117109,142.36643981933594,128.26246643066406,164.81373596191406,2.295013666152954,484.4153085319344,15.804049083955881,12.757049152620432,1.579048702486153,11.17800045013428,13.253448749410696,ukraine
2025-01-31,76.76000213623047,7.180900096893311,1.0397279262542725,14.4399995803833,3.0439999103546143,53.23699951171875,32.60200119018555,3.12,52.64,437.79,2991.8,0.0,28.1,14.5,21.7,15.5,2571.0,100.3273,96.5,5.1771117109,142.36643981933594,128.26246643066406,164.81373596191406,2.295013666152954,484.4153085319344,16.222076205055785,13.178076294701171,1.7820766246724844,11.395999670028687,13.234483126936288,ukraine
2025-02-03,75.95999908447266,7.185800075531006,1.024779200553894,14.404999732971191,3.351999998092652,53.79399871826172,31.569000244140625,2.93,50.9,424.44,3143.1000000000004,0.0,42.2,11.3,13.5,25.0,2571.0,100.3273,96.5,5.1771117109,142.36643981933594,128.26246643066406,164.81373596191406,2.295013666152954,484.4153085319344,16.15612811933199,12.804128121239337,1.7511283863607972,11.05299973487854,13.09655156628839,ukraine
2025-02-04,76.19999694824219,7.195000171661377,1.0327378511428833,14.494999885559082,3.253000020980835,52.04800033569336,31.506999969482425,3.3,50.3,418.38,3567.5,0.0,36.5,12.8,15.8,21.3,2571.0,100.3273,96.5,5.1771117109,142.36643981933594,128.26246643066406,164.81373596191406,2.295013666152954,484.4153085319344,15.753146126175372,12.500146105194537,1.2581462406162895,11.241999864578247,13.137930508317618,ukraine
2025-02-05,74.61000061035156,7.181900024414063,1.0372798442840576,14.43000030517578,3.359999895095825,53.4379997253418,31.513999938964844,3.25,49.47,412.51,3629.8,0.0,27.9,14.9,14.7,19.6,2571.0,100.3273,96.5,5.1771117109,142.36643981933594,128.26246643066406,164.81373596191406,2.295013666152954,479.9040246452613,16.24498409618423,12.884984201088404,1.8149837910084496,11.070000410079954,12.863793208681304,ukraine
2025-02-06,74.29000091552734,7.270500183105469,1.0400848388671875,14.515000343322754,3.407999992370605,54.50199890136719,31.96199989318848,3.22,48.85,406.38,3566.8,0.0,14.7,17.0,18.7,17.7,2397.0,100.3273,96.5,5.1771117109,142.36643981933594,128.26246643066406,164.81373596191406,2.295013666152954,479.9040246452613,16.61324058956201,13.205240597191406,2.098240246239257,11.107000350952148,12.808620847504715,ukraine
2025-02-07,74.66000366210938,7.287799835205078,1.0385725498199463,14.725000381469728,3.309000015258789,55.72299957275391,32.03499984741211,3.31,48.18,400.74,3448.8,0.0,18.0,18.4,15.6,18.4,2397.0,100.3273,96.5,5.1771117109,142.36643981933594,128.26246643066406,164.81373596191406,2.295013666152954,479.9040246452613,16.96072779835845,13.651727783099663,2.2357274168887233,11.41600036621094,12.872414424501617,ukraine
2025-02-10,75.87000274658203,7.286799907684326,1.0311616659164429,14.789999961853027,3.444000005722046,58.03900146484375,32.345001220703125,3.32,46.56,388.26,3111.6000000000004,0.0,33.9,12.6,20.9,26.9,2397.0,100.3273,96.5,5.1771117109,113.233154296875,117.08644104003906,109.50493621826172,1.1258443593978882,479.9040246452613,17.53960665113833,14.095606645416286,2.7496066892853044,11.345999956130981,13.081034956307247,ukraine
2025-02-11,77.0,7.304500102996826,1.0301525592803955,14.890000343322754,3.5190000534057617,57.76599884033203,32.025001525878906,3.48,46.07,383.26,3391.7,0.0,28.4,14.6,17.9,24.0,2397.0,100.3273,96.5,5.1771117109,113.233154296875,117.08644104003906,109.50493621826172,1.1258443593978882,479.9040246452613,17.44002049879442,13.92102044538866,2.5500201554716675,11.371000289916992,13.275862068965518,ukraine
2025-02-12,75.18000030517578,7.307199954986572,1.0364949703216553,14.920000076293944,3.565000057220459,55.6609992980957,31.55500030517578,3.65,45.41,377.72,3374.3,0.0,50.6,15.4,21.2,28.8,2397.0,100.3273,96.5,5.1771117109,113.233154296875,117.08644104003906,109.50493621826172,1.1258443593978882,479.9040246452613,16.90796562144384,13.34296556422338,1.9879655451498959,11.355000019073485,12.962069018133755,ukraine
2025-02-13,75.0199966430664,7.308800220489502,1.039198637008667,14.9350004196167,3.628000020980835,51.382999420166016,30.413000106811523,3.97,44.62,372.01,3436.3,0.0,43.8,14.2,19.5,26.4,2297.0,100.3273,96.5,5.1771117109,113.233154296875,117.08644104003906,109.50493621826172,1.1258443593978882,479.9040246452613,15.649165322306134,12.021165301325299,0.7141649026894346,11.307000398635864,12.934482179839035,ukraine
2025-02-14,74.73999786376953,7.28879976272583,1.0461673736572266,14.949999809265137,3.724999904632568,50.685001373291016,31.084999084472656,4.43,44.02,366.14,3605.8,0.0,37.8,14.6,20.2,23.8,2297.0,100.3273,96.5,5.1771117109,113.233154296875,117.08644104003906,109.50493621826172,1.1258443593978882,479.9040246452613,15.540099401111556,11.815099496478988,0.5900995918464194,11.224999904632568,12.886206528236126,ukraine
2025-02-17,74.73999786376953,7.252999782562256,1.0489217042922974,14.949999809265137,3.724999904632568,50.685001373291016,31.084999084472656,4.6,42.12,350.33,2884.1,0.0,41.6,14.7,21.5,20.3,2297.0,100.0647,97.6,4.3079743408,113.233154296875,117.08644104003906,109.50493621826172,1.1258443593978882,479.9040246452613,15.581013095163108,11.85601319053054,0.6310132858979713,11.224999904632568,12.886206528236126,ukraine
2025-02-18,75.83999633789062,7.252999782562256,1.048536777496338,14.550000190734863,4.006999969482422,49.21500015258789,29.56999969482422,4.6,41.34,343.84,3122.0,0.0,28.7,17.1,25.0,17.7,2297.0,100.0647,97.6,4.3079743408,113.233154296875,117.08644104003906,109.50493621826172,1.1258443593978882,479.9040246452613,15.123569860696303,11.116569891213882,0.5735696699614401,10.543000221252441,13.07586143756735,ukraine
2025-02-19,76.04000091552734,7.278600215911865,1.044833779335022,14.114999771118164,4.28000020980835,48.26399993896485,28.729999542236328,6.4,40.56,337.36,3124.6000000000004,0.0,12.0,17.5,30.8,16.7,2297.0,100.0647,97.6,4.3079743408,113.233154296875,117.08644104003906,109.50493621826172,1.1258443593978882,479.9040246452613,14.778953226436757,10.498953016628407,0.6639534553185928,9.834999561309814,13.110344985435749,ukraine
2025-02-20,76.4800033569336,7.283299922943115,1.0421009063720703,14.25,4.151999950408936,47.49399948120117,28.270000457763672,7.15,39.77,331.72,3197.9,0.0,12.6,16.8,20.0,16.3,2101.0,100.0647,97.6,4.3079743408,113.233154296875,117.08644104003906,109.50493621826172,1.1258443593978882,479.9040246452613,14.505131649520354,10.353131699111419,0.2551316495203544,10.098000049591064,13.18620747533338,ukraine
2025-02-21,74.43000030517578,7.255499839782715,1.050056219100952,14.175000190734863,4.234000205993652,47.19499969482422,28.899999618530277,5.62,39.25,327.4,3100.3,0.0,25.8,17.6,21.0,16.4,2101.0,100.0647,97.6,4.3079743408,113.233154296875,117.08644104003906,109.50493621826172,1.1258443593978882,479.9040246452613,14.52384806602827,10.289847860034618,0.3488478752934068,9.940999984741211,12.83275867330617,ukraine
2025-02-24,74.77999877929688,7.25,1.0474823713302612,14.335000038146973,3.99399995803833,47.14400100708008,28.82900047302246,4.43,38.63,322.11,2996.5,0.0,45.4,17.2,32.6,21.7,2101.0,100.0647,97.6,4.3079743408,113.233154296875,117.08644104003906,109.50493621826172,1.1258443593978882,479.9040246452613,14.472591971282675,10.478592013244345,0.1375919331357025,10.341000080108643,12.893103237809806,ukraine
2025-02-25,73.0199966430664,7.247600078582764,1.0461344718933103,13.854999542236328,4.173999786376953,44.29100036621094,27.709999084472656,3.86,38.38,320.0,3296.2,0.0,44.0,11.5,30.5,21.5,2101.0,100.0647,97.6,4.3079743408,113.233154296875,117.08644104003906,109.50493621826172,1.1258443593978882,479.9040246452613,13.579261776402051,9.405261990025098,-0.2757377658342772,9.680999755859375,12.58965459363214,ukraine
2025-02-26,72.52999877929688,7.247600078582764,1.0524100065231323,13.489999771118164,3.9059998989105225,41.33599853515625,27.863000869750977,3.88,38.03,317.13,3522.7,0.0,48.2,5.1,27.1,20.9,2101.0,100.0647,97.6,4.3079743408,113.233154296875,117.08644104003906,109.50493621826172,1.1258443593978882,479.9040246452613,12.74930644347066,8.843306544560138,-0.7406933276475041,9.583999872207642,12.505172203327048,ukraine
2025-02-27,74.04000091552734,7.257999897003174,1.0488777160644531,13.984999656677246,3.934000015258789,44.93000030517578,28.475000381469727,3.9,37.67,314.13,3687.5,0.0,39.9,8.1,24.2,21.2,1840.0,100.0647,97.6,4.3079743408,113.233154296875,117.08644104003906,109.50493621826172,1.1258443593978882,479.9040246452613,13.81129616688294,9.87729615162415,-0.17370348979430617,10.050999641418457,12.765517399228854,ukraine
2025-02-28,73.18000030517578,7.285299777984619,1.039511799812317,13.850000381469728,3.8340001106262207,44.31999969482422,27.71699905395508,3.91,37.27,310.77,3665.2,0.0,41.3,8.3,19.6,21.8,1840.0,100.0647,97.6,4.3079743408,113.233154296875,117.08644104003906,109.50493621826172,1.1258443593978882,479.9040246452613,13.502131404469939,9.668131293843718,-0.3478689769997896,10.016000270843508,12.617241431926859,ukraine
2025-03-03,71.62000274658203,7.282800197601318,1.0413846969604492,13.96500015258789,4.122000217437744,45.2130012512207,27.871000289916992,3.91,36.08,300.52,3270.0,0.0,19.4,11.0,14.4,17.2,1840.0,100.0647,97.6,4.3079743408,113.233154296875,117.08644104003906,109.50493621826172,1.1258443593978882,479.9040246452613,13.799002270327385,9.677002052889641,-0.1659978822605055,9.842999935150146,12.348276335617593,ukraine
2025-03-04,71.04000091552734,7.284299850463867,1.0485037565231323,13.829999923706056,4.349999904632568,43.4640007019043,26.78199958801269,3.8,35.7,297.37,3564.5,0.0,23.8,12.5,13.8,13.8,1840.0,100.0647,97.6,4.3079743408,113.233154296875,117.08644104003906,109.50493621826172,1.1258443593978882,479.9040246452613,13.355890441034282,9.005890536401713,-0.4741094826717749,9.480000019073488,12.248276019918508,ukraine
2025-03-05,69.30000305175781,7.265100002288818,1.062699317932129,13.729999542236328,4.449999809265137,41.507999420166016,26.67200088500977,4.39,35.38,294.68,3425.4,0.0,27.3,13.1,12.2,14.0,1840.0,100.0647,97.6,4.3079743408,113.233154296875,117.08644104003906,109.50493621826172,1.1258443593978882,479.9040246452613,12.927524272901355,8.477524463636218,-0.8024752693349733,9.279999732971191,11.948276388234106,ukraine
2025-03-06,69.45999908447266,7.2505998611450195,1.0794938802719116,13.6899995803833,4.302000045776367,38.2400016784668,26.16699981689453,4.4,35.13,292.63,3366.4000000000005,0.0,17.9,14.5,19.0,12.7,1760.0,100.0647,97.6,4.3079743408,113.233154296875,117.08644104003906,109.50493621826172,1.1258443593978882,479.9040246452613,12.097934959729828,7.795934913953461,-1.5920646206534723,9.387999534606934,11.975861911115976,ukraine
2025-03-07,70.36000061035156,7.2505998611450195,1.0787951946258545,13.760000228881836,4.39900016784668,39.97100067138672,26.655000686645508,4.39,34.95,291.11,3285.5000000000005,0.0,33.3,15.9,21.8,14.1,1760.0,100.0647,97.6,4.3079743408,113.233154296875,117.08644104003906,109.50493621826172,1.1258443593978882,479.9040246452613,12.6373840020277,8.23838383418102,-1.1226162268541362,9.361000061035156,12.13103458799165,ukraine
2025-03-10,69.27999877929688,7.234000205993652,1.086059331893921,13.760000228881836,4.491000175476074,41.23199844360352,26.98500061035156,4.39,34.81,289.95,3040.2000000000003,0.0,51.8,11.8,10.6,15.8,1760.0,100.0647,97.6,4.3079743408,113.233154296875,117.08644104003906,109.50493621826172,1.1258443593978882,396.8071464857469,13.123845059789817,8.632844884313743,-0.6361551690920191,9.269000053405762,11.944827375740841,ukraine
2025-03-11,69.55999755859375,7.259099960327148,1.0839403867721558,13.6899995803833,4.453000068664551,42.709999084472656,26.75,4.23,34.62,288.38,3341.1000000000004,0.0,35.2,9.9,18.0,15.2,1760.0,100.0647,97.6,4.3079743408,113.233154296875,117.08644104003906,109.50493621826172,1.1258443593978882,396.8071464857469,13.567758921574645,9.114758852910095,-0.12224065880865531,9.23699951171875,11.99310302734375,ukraine
2025-03-12,70.94999694824219,7.259099960327148,1.0914170742034912,13.6850004196167,4.084000110626221,42.25400161743164,27.11000061035156,4.57,34.33,285.93,3457.6,0.0,27.1,7.7,17.0,14.1,1760.0,100.0647,97.6,4.3079743408,113.233154296875,117.08644104003906,109.50493621826172,1.1258443593978882,396.8071464857469,13.515488467263015,9.431488356636795,-0.16951195235368388,9.601000308990479,12.232758094524515,ukraine
2025-03-13,69.87999725341797,7.237100124359131,1.0886249542236328,13.664999961853027,4.111000061035156,42.07600021362305,27.5,4.18,33.95,282.75,3440.1000000000004,0.0,29.4,7.4,16.0,14.7,1698.0,100.0647,97.6,4.3079743408,136.9805908203125,138.7676544189453,140.7871551513672,1.953256607055664,396.8071464857469,13.42412204847074,9.313121987435585,-0.24087791338228648,9.553999900817871,12.04827538852034,ukraine
2025-03-14,70.58000183105469,7.237100124359131,1.085564136505127,13.644000053405762,4.104000091552734,42.290000915527344,27.67099952697754,3.89,33.55,279.43,3440.1,0.0,31.3,8.4,12.1,13.8,1698.0,100.0647,97.6,4.3079743408,136.9805908203125,138.7676544189453,140.7871551513672,1.953256607055664,396.8071464857469,13.454462104915235,9.3504620133625,-0.18953794849052663,9.539999961853027,12.168965832940463,ukraine
2025-03-17,71.06999969482422,7.237100124359131,1.0881274938583374,13.18000030517578,4.01800012588501,41.24800109863281,27.440000534057617,3.89,32.82,273.34,3310.8,0.0,24.3,13.5,14.7,11.8,1698.0,100.0647,97.6,4.3079743408,136.9805908203125,138.7676544189453,140.7871551513672,1.953256607055664,396.8071464857469,13.153939774487938,9.135939648602928,-0.02606053068784142,9.16200017929077,12.253448223245556,ukraine
2025-03-18,70.55999755859375,7.232699871063232,1.091917634010315,13.104999542236328,4.052000045776367,40.755001068115234,27.795000076293945,4.15,32.51,270.76,3930.2,0.0,28.7,14.9,13.8,10.1,1698.0,101.0993,98.6,1.787310094,136.9805908203125,138.7676544189453,140.7871551513672,1.953256607055664,396.8071464857469,13.041992515073897,8.98999246929753,-0.06300702716243123,9.052999496459961,12.165516820447198,ukraine
2025-03-19,70.77999877929688,7.22730016708374,1.093948245048523,13.755000114440918,4.247000217437744,43.35499954223633,29.09000015258789,4.17,32.25,268.61,3913.7,0.0,30.0,15.4,4.7,7.4,1698.0,101.0993,98.6,1.787310094,136.9805908203125,138.7676544189453,140.7871551513672,1.953256607055664,396.8071464857469,13.89981819717507,9.652817979737327,0.14481808273415275,9.507999897003174,12.203448065396014,ukraine
2025-03-20,72.0,7.230000019073486,1.0911908149719238,13.529999732971191,3.974999904632568,42.85499954223633,28.552000045776367,4.21,32.03,266.8,3771.9,0.0,20.9,15.0,0.8,8.6,1707.0,101.0993,98.6,1.787310094,136.9805908203125,138.7676544189453,140.7871551513672,1.953256607055664,396.8071464857469,13.70488370234348,9.729883797710912,0.17488396937228856,9.554999828338623,12.413793103448276,ukraine
2025-03-21,72.16000366210938,7.247700214385986,1.0856702327728271,13.385000228881836,3.9800000190734863,42.60499954223633,27.75,4.23,31.91,265.8,3694.6,0.0,27.9,14.7,14.5,16.5,1707.0,101.0993,98.6,1.787310094,136.9805908203125,138.7676544189453,140.7871551513672,1.953256607055664,396.8071464857469,13.556002910286773,9.576002891213287,0.17100268140493746,9.40500020980835,12.441379941742996,ukraine
2025-03-24,73.0,7.248499870300293,1.083576202392578,13.385000228881836,3.9140000343322754,42.74800109863281,27.989999771118164,3.93,32.06,266.99,3349.8,0.0,20.8,10.9,9.1,16.4,1707.0,101.0993,98.6,1.787310094,136.9805908203125,138.7676544189453,140.7871551513672,1.953256607055664,396.8071464857469,13.575268509009096,9.66126847467682,0.19026828012725971,9.47100019454956,12.586206896551724,ukraine
2025-03-25,73.0199966430664,7.252999782562256,1.0803569555282593,13.149999618530272,3.839999914169312,41.55500030517578,27.5049991607666,4.03,31.95,266.11,3577.7,0.0,18.8,7.8,15.6,11.0,1707.0,101.0993,98.6,1.787310094,136.9805908203125,138.7676544189453,140.7871551513672,1.953256607055664,396.8071464857469,13.157207387937069,9.317207473767757,0.0072077694067971265,9.30999970436096,12.58965459363214,ukraine
2025-03-26,73.79000091552734,7.256899833679199,1.0787487030029297,13.199999809265137,3.861000061035156,40.869998931884766,27.65999984741211,3.94,31.84,265.16,3708.7,0.0,40.9,4.9,13.6,9.0,1707.0,101.0993,98.6,1.787310094,136.9805908203125,138.7676544189453,140.7871551513672,1.953256607055664,396.8071464857469,12.921057852110938,9.060057791075781,-0.2789419571541991,9.33899974822998,12.72241395095299,ukraine
2025-03-27,74.02999877929688,7.256899833679199,1.0742061138153076,13.175000190734863,3.950000047683716,41.20199966430664,26.59000015258789,3.85,31.73,264.28,3694.6,0.0,65.4,4.1,13.3,7.8,1744.0,101.0993,98.6,1.787310094,136.9805908203125,138.7676544189453,140.7871551513672,1.953256607055664,396.8071464857469,12.971167636971064,9.021167589287348,-0.2038325537637995,9.225000143051147,12.76379289298222,ukraine
2025-03-28,73.62999725341797,7.263299942016602,1.080100178718567,13.085000038146973,4.065000057220459,40.58700180053711,26.899999618530277,3.88,31.69,263.92,3749.6,0.0,35.0,6.1,14.0,4.2,1744.0,101.0993,98.6,1.787310094,136.9805908203125,138.7676544189453,140.7871551513672,1.953256607055664,396.8071464857469,12.84766389960873,8.78266384238827,-0.2373361385382431,9.019999980926514,12.69482711265827,ukraine
2025-03-31,74.73999786376953,7.262800216674805,1.082391619682312,13.074999809265137,4.11899995803833,40.66699981689453,26.709999084472656,3.89,31.89,265.59,3399.5,0.0,27.1,9.9,15.3,2.2,1744.0,101.0993,98.6,1.787310094,136.9805908203125,138.7676544189453,140.7871551513672,1.953256607055664,396.8071464857469,12.900297115425733,8.781297157387403,-0.17470269383940362,8.955999851226807,12.886206528236126,ukraine
2025-04-01,74.48999786376953,7.256700038909912,1.0818880796432495,13.225000381469728,3.950999975204468,42.45000076293945,27.399999618530277,4.11,32.09,266.64,3759.7,0.0,38.0,10.3,10.7,8.2,1744.0,101.0993,98.6,1.787310094,136.9805908203125,138.7676544189453,140.7871551513672,1.953256607055664,396.8071464857469,13.45963231469724,9.508632339492772,0.23463193322751152,9.27400040626526,12.843103079960265,ukraine
2025-04-02,74.94999694824219,7.269700050354004,1.0795987844467163,13.1850004196167,4.054999828338623,41.26300048828125,26.864999771118164,3.96,32.48,265.97,3737.5,0.0,34.7,10.2,5.0,13.3,1744.0,101.0993,98.6,1.787310094,136.9805908203125,138.7676544189453,140.7871551513672,1.953256607055664,396.8071464857469,13.055585400884107,9.000585572545484,-0.1294150187325922,9.130000591278076,12.922413266938308,ukraine
2025-04-03,70.13999938964844,7.267499923706055,1.090869426727295,13.079999923706056,4.138000011444092,39.20299911499024,26.069000244140625,4.04,32.61,266.85,3945.900000000001,0.0,29.0,10.6,0.0,16.7,1773.0,101.0993,98.6,1.787310094,136.9805908203125,138.7676544189453,140.7871551513672,1.953256607055664,396.8071464857469,12.533293818706165,8.395293807262073,-0.5467061049998918,8.941999912261965,12.093103343042834,ukraine
2025-04-04,65.58000183105469,7.267499923706055,1.1043744087219238,12.914999961853027,3.836999893188477,36.4010009765625,25.018999099731445,4.21,32.69,267.56,3420.5,0.0,60.9,8.5,1.6,15.4,1773.0,101.0993,98.6,1.787310094,136.9805908203125,138.7676544189453,140.7871551513672,1.953256607055664,396.8071464857469,11.781560525176982,7.944560631988505,-1.1334394366760456,9.07800006866455,11.306896867423223,ukraine
2025-04-07,64.20999908447266,7.281300067901611,1.098454475402832,12.774999618530272,3.6549999713897705,37.0,24.542999267578125,4.04,33.31,272.61,3537.3,0.0,38.4,7.4,9.1,11.6,1773.0,101.0993,98.6,1.787310094,136.9805908203125,138.7676544189453,140.7871551513672,1.953256607055664,576.936630614579,11.911239160733377,8.256239189343606,-0.8637604577968947,9.119999647140501,11.070689497322872,ukraine
2025-04-08,62.81999969482422,7.30810022354126,1.0915361642837524,12.770000457763672,3.4649999141693115,36.23099899291992,24.249000549316406,3.97,33.34,272.85,3687.3,0.0,31.0,4.8,5.8,8.9,1773.0,101.0993,98.6,1.787310094,136.9805908203125,138.7676544189453,140.7871551513672,1.953256607055664,576.936630614579,11.590217772102056,8.125217857932745,-1.1797826856616158,9.30500054359436,10.831034430142108,ukraine
2025-04-09,65.4800033569336,7.338799953460693,1.0980443954467771,12.6850004196167,3.815999984741211,33.66600036621094,25.0049991607666,3.85,33.37,273.11,3463.9,0.0,25.8,5.7,11.8,8.5,1773.0,101.0993,98.6,1.787310094,136.9805908203125,138.7676544189453,140.7871551513672,1.953256607055664,576.936630614579,10.83389398419381,7.0178939994526,-1.8511064354228886,8.869000434875488,11.289655751195447,ukraine
2025-04-10,63.33000183105469,7.349999904632568,1.0952062606811523,12.604999542236328,3.556999921798706,33.292999267578125,24.44099998474121,3.42,33.43,273.62,3355.0,0.0,35.8,9.0,11.2,11.4,1830.0,101.0993,98.6,1.787310094,174.1120147705078,194.02442932128903,158.2345733642578,2.4599881172180176,576.936630614579,10.686167986865891,7.129168065067185,-1.9188315553704367,9.047999620437622,10.918965832940463,ukraine
2025-04-11,64.76000213623047,7.314000129699707,1.1257838010787964,12.545000076293944,3.5269999504089355,33.4630012512207,25.700000762939453,3.7,33.53,274.38,3648.2,0.0,21.4,10.7,13.2,9.8,1830.0,101.0993,98.6,1.787310094,174.1120147705078,194.02442932128903,158.2345733642578,2.4599881172180176,576.936630614579,11.040609337279175,7.51360938687024,-1.5043907390147684,9.018000125885008,11.16551760969491,ukraine
2025-04-14,64.87999725341797,7.291600227355957,1.1343141794204712,12.520000457763672,3.325000047683716,34.499000549316406,26.04700088500977,3.44,34.28,280.56,3450.6000000000004,0.0,28.5,10.7,15.0,7.3,1830.0,101.0993,98.6,1.787310094,174.1120147705078,194.02442932128903,158.2345733642578,2.4599881172180176,576.936630614579,11.468669368467948,8.143669320784232,-1.051331089295724,9.195000410079956,11.186206423003098,ukraine
2025-04-15,64.66999816894531,7.31190013885498,1.1339668035507202,12.461999893188477,3.3289999961853027,34.40700149536133,25.923999786376957,3.57,34.49,282.29,3588.2000000000003,0.0,28.8,8.9,14.4,6.1,1830.0,101.0404,100.7,7.7634011042,174.1120147705078,194.02442932128903,158.2345733642578,2.4599881172180176,576.936630614579,11.434582844039147,8.105582847853844,-1.0274170491493297,9.132999897003174,11.149999684300916,ukraine
2025-04-16,65.8499984741211,7.31190013885498,1.1292672157287598,11.859999656677246,3.246999979019165,35.3120002746582,26.045000076293945,3.27,34.72,284.12,3388.2000000000003,0.0,30.5,8.2,13.3,1.8,1830.0,101.0404,100.7,7.7634011042,174.1120147705078,194.02442932128903,158.2345733642578,2.4599881172180176,576.936630614579,11.686708116307205,8.43970813728804,-0.17329154037004102,8.612999677658081,11.353448012779499,ukraine
2025-04-17,67.95999908447266,7.31190013885498,1.1396790742874146,12.085000038146973,3.244999885559082,35.65700149536133,25.66399955749512,3.25,34.86,285.29,3425.1,0.0,26.8,3.8,11.8,8.3,1846.0,101.0404,100.7,7.7634011042,174.1120147705078,194.02442932128903,158.2345733642578,2.4599881172180176,576.936630614579,11.909692584741059,8.664692699181977,-0.1753074534059138,8.84000015258789,11.717241221460803,ukraine
2025-04-18,67.95999908447266,7.31190013885498,1.1396790742874146,12.085000038146973,3.244999885559082,35.65700149536133,25.66399955749512,2.94,35.0,286.43,3486.1,0.0,40.0,4.9,6.6,13.5,1846.0,101.0404,100.7,7.7634011042,174.1120147705078,194.02442932128903,158.2345733642578,2.4599881172180176,576.936630614579,11.909692584741059,8.664692699181977,-0.1753074534059138,8.84000015258789,11.717241221460803,ukraine
2025-04-21,66.26000213623047,7.31190013885498,1.1396790742874146,12.085000038146973,3.0160000324249268,35.65700149536133,25.770000457763672,2.94,35.84,293.3,3630.0,0.0,22.4,7.3,12.0,3.4,1846.0,101.0404,100.7,7.7634011042,174.1120147705078,194.02442932128903,158.2345733642578,2.4599881172180176,576.936630614579,11.909692584741059,8.893692552316132,-0.1753074534059138,9.069000005722046,11.424138299350082,ukraine
2025-04-22,67.44000244140625,7.298999786376953,1.1512778997421265,11.770000457763672,3.006999969482422,34.24399948120117,25.298999786376957,3.16,36.14,295.73,3657.7,0.0,24.4,8.2,8.1,0.5,1846.0,101.0404,100.7,7.7634011042,174.1120147705078,194.02442932128903,158.2345733642578,2.4599881172180176,576.936630614579,11.554144847951067,8.547144878468645,-0.2158556098126052,8.76300048828125,11.627586627828665,ukraine
2025-04-23,66.12000274658203,7.311800003051758,1.1351252794265747,11.65999984741211,3.0220000743865967,34.15999984741211,26.124000549316406,3.12,36.36,297.56,3761.3,0.0,26.4,8.1,0.0,2.0,1846.0,101.0404,100.7,7.7634011042,174.1120147705078,194.02442932128903,158.2345733642578,2.4599881172180176,576.936630614579,11.364093903534268,8.342093829147672,-0.2959059438778411,8.637999773025513,11.400000473548626,ukraine
2025-04-24,66.55000305175781,7.285999774932861,1.132733702659607,11.505000114440918,2.930000066757202,33.57400131225586,26.072999954223636,3.12,36.57,299.3,3761.3,0.0,25.1,9.2,4.8,5.6,1934.0,101.0404,100.7,7.7634011042,174.1120147705078,194.02442932128903,158.2345733642578,2.4599881172180176,576.936630614579,11.145616187943661,8.215616121186459,-0.3593839264972569,8.575000047683716,11.474138457199624,ukraine
2025-04-25,66.87000274658203,7.285999774932861,1.1371906995773315,11.270000457763672,2.937000036239624,32.43199920654297,26.035999298095703,2.87,36.77,300.89,3608.4,0.0,21.9,8.5,7.9,1.9,1934.0,101.0404,100.7,7.7634011042,174.1120147705078,194.02442932128903,158.2345733642578,2.4599881172180176,576.936630614579,10.808867123382997,7.871867087143373,-0.4611333343806745,8.333000421524048,11.529310818376212,ukraine
2025-04-28,65.86000061035156,7.286399841308594,1.1343141794204712,11.279999732971191,3.1700000762939453,32.39799880981445,25.47599983215332,2.71,37.61,307.8,3380.0999999999995,0.0,26.8,6.5,1.8,3.5,1934.0,101.0404,100.7,7.7634011042,174.1120147705078,194.02442932128903,158.2345733642578,2.4599881172180176,576.936630614579,10.770223213238637,7.600223136944692,-0.5097765197325543,8.109999656677246,11.355172519026132,ukraine
2025-04-29,64.25,7.294000148773193,1.1409143209457395,11.21500015258789,3.385999917984009,31.856000900268555,25.507999420166016,2.96,37.93,310.37,3338.4999999999995,0.0,32.1,7.6,3.5,6.4,1934.0,101.0404,100.7,7.7634011042,174.1120147705078,194.02442932128903,158.2345733642578,2.4599881172180176,576.936630614579,10.651663658342496,7.265663740358487,-0.5633364942453944,7.829000234603882,11.077586206896552,ukraine
2025-04-30,63.119998931884766,7.269000053405762,1.1389262676239014,11.21500015258789,3.325999975204468,32.31700134277344,26.22599983215332,3.17,38.23,312.79,3623.3,0.0,17.8,7.7,8.6,7.5,1934.0,101.0404,100.7,7.7634011042,174.1120147705078,194.02442932128903,158.2345733642578,2.4599881172180176,576.936630614579,10.786978764095718,7.46097878889125,-0.42802138849217286,7.889000177383423,10.882758436531857,ukraine
2025-05-01,62.130001068115234,7.270599842071533,1.1324899196624756,11.260000228881836,3.4790000915527344,32.14899826049805,26.15399932861328,3.12,38.58,315.65,3443.1000000000004,0.0,23.8,6.4,10.1,5.7,2041.0,101.0404,100.7,7.7634011042,174.1120147705078,194.02442932128903,158.2345733642578,2.4599881172180176,576.936630614579,10.670258681431742,7.191258589879007,-0.5897415474500942,7.781000137329102,10.71206914967504,ukraine
2025-05-02,61.290000915527344,7.270599842071533,1.1296498775482178,11.260000228881836,3.630000114440918,33.077999114990234,27.07099914550781,3.08,39.03,319.35,3465.0,0.0,23.6,4.4,8.8,5.6,2041.0,101.0404,100.7,7.7634011042,174.1120147705078,194.02442932128903,158.2345733642578,2.4599881172180176,576.936630614579,10.951062280501027,7.321062166060109,-0.3089379483808088,7.630000114440918,10.567241537159887,ukraine
2025-05-05,60.22999954223633,7.270599842071533,1.1323232650756836,11.260000228881836,3.549999952316284,32.93000030517578,26.488000869750977,3.1,40.38,330.38,3723.1,0.0,6.9,1.5,6.8,1.2,2041.0,101.0404,100.7,7.7634011042,174.1120147705078,194.02442932128903,158.2345733642578,2.4599881172180176,576.936630614579,10.92786505374923,7.3778651014329455,-0.33213517513260626,7.710000276565552,10.38448267969592,ukraine
2025-05-06,62.150001525878906,7.269999980926514,1.1313369274139404,11.3149995803833,3.463000059127808,34.74300003051758,27.34600067138672,3.26,40.65,332.58,3691.8,0.0,15.3,0.0,2.7,6.6,2041.0,101.0404,100.7,7.7634011042,174.1120147705078,194.02442932128903,158.2345733642578,2.4599881172180176,779.2677426963195,11.51946839920642,8.056468340078613,0.20446881882311985,7.851999521255493,10.71551750446188,ukraine
2025-05-07,61.119998931884766,7.216300010681152,1.1342755556106567,11.40999984741211,3.621000051498413,34.53099822998047,28.1299991607666,3.08,40.85,334.57,3818.1,0.0,24.8,1.0,6.4,5.4,2041.0,101.0404,100.7,7.7634011042,174.1120147705078,194.02442932128903,158.2345733642578,2.4599881172180176,779.2677426963195,11.478915637430381,7.857915585931968,0.06891579001827175,7.788999795913696,10.53793085032496,ukraine
2025-05-08,62.84000015258789,7.225200176239014,1.1306205987930298,11.449999809265137,3.5920000076293945,35.340999603271484,27.8700008392334,3.18,41.07,336.41,3840.8,0.0,28.3,6.0,10.4,8.0,2145.0,101.0404,100.7,7.7634011042,174.1120147705078,194.02442932128903,158.2345733642578,2.4599881172180176,779.2677426963195,11.710323179410878,8.118323171781483,0.26032337014574125,7.857999801635742,10.834482784928946,ukraine
2025-05-09,63.90999984741211,7.225200176239014,1.122422695159912,11.46500015258789,3.795000076293945,34.61800003051758,27.652999877929688,3.23,41.21,337.15,3688.9,0.0,36.6,8.3,10.6,5.9,2145.0,101.0404,100.7,7.7634011042,174.1120147705078,194.02442932128903,158.2345733642578,2.4599881172180176,779.2677426963195,11.387583421342459,7.592583345048514,-0.07741673124543169,7.670000076293945,11.018965490933123,ukraine
2025-05-12,64.95999908447266,7.236299991607666,1.12296462059021,11.4399995803833,3.6459999084472656,35.38999938964844,28.77199935913086,3.22,42.21,345.72,3196.4,0.0,25.2,7.6,4.4,4.8,2145.0,101.0404,100.7,7.7634011042,140.97369384765625,159.25746154785156,132.05572509765625,1.522688627243042,779.2677426963195,11.647153175802963,8.001153267355697,0.20715359541966194,7.793999671936035,11.199999842150458,ukraine
2025-05-13,66.62999725341797,7.2017998695373535,1.1095577478408811,11.460000038146973,3.6470000743865967,35.74399948120117,28.520000457763672,3.19,42.5,348.32,3153.0,0.0,22.9,5.7,8.7,1.1,2145.0,101.0404,100.7,7.7634011042,140.97369384765625,159.25746154785156,132.05572509765625,1.522688627243042,779.2677426963195,11.623213456419489,7.976213382032892,0.163213418272516,7.812999963760376,11.487930560934133,ukraine
2025-05-14,66.08999633789062,7.205699920654297,1.1185556650161743,11.475000381469728,3.492000102996826,35.04800033569336,28.357999801635746,3.27,42.78,350.62,3263.8,0.0,17.1,4.9,8.8,4.2,2145.0,101.0404,100.7,7.7634011042,140.97369384765625,159.25746154785156,132.05572509765625,1.522688627243042,779.2677426963195,11.489311494539669,7.997311391542842,0.014311113069940262,7.983000278472902,11.394826954808728,ukraine
2025-05-15,64.52999877929688,7.205699920654297,1.1181930303573608,11.498000144958496,3.361999988555908,35.29399871826172,28.774999618530277,3.31,43.1,353.2,3280.2,0.0,14.0,3.3,5.1,6.6,2255.0,101.0404,100.7,7.7634011042,140.97369384765625,159.25746154785156,132.05572509765625,1.522688627243042,779.2677426963195,11.566202846366762,8.204202857810854,0.06820270140826601,8.136000156402588,11.125861858499462,ukraine
2025-05-16,65.41000366210938,7.206500053405762,1.1192693710327148,11.895000457763672,3.3340001106262207,35.15599822998047,28.1200008392334,3.2,43.37,355.43,2967.0,0.0,36.1,0.1,6.1,4.5,2255.0,101.1279,97.9,4.2039356044,140.97369384765625,159.25746154785156,132.05572509765625,1.522688627243042,779.2677426963195,11.53206844587194,8.198068335245718,-0.36293201189173274,8.561000347137451,11.27758683829472,ukraine
2025-05-19,65.54000091552734,7.209000110626221,1.1187559366226196,11.96500015258789,3.11299991607666,35.224998474121094,27.59000015258789,3.01,44.37,363.58,3064.7,0.0,34.3,3.8,2.7,0.0,2255.0,101.1279,97.9,4.2039356044,140.97369384765625,159.25746154785156,132.05572509765625,1.522688627243042,779.2677426963195,11.5494018886815,8.43640197260484,-0.4155982639063911,8.85200023651123,11.300000157849542,ukraine
2025-05-20,65.37999725341797,7.209000110626221,1.123342990875244,12.515000343322754,3.427000045776367,36.979000091552734,28.825000762939453,2.96,44.62,365.67,3259.0000000000005,0.0,34.4,4.7,0.0,0.0,2255.0,101.1279,97.9,4.2039356044,140.97369384765625,159.25746154785156,132.05572509765625,1.522688627243042,779.2677426963195,12.174207553740693,8.747207507964326,-0.3407927895820606,9.088000297546387,11.272413319554822,ukraine
2025-05-21,64.91000366210938,7.219399929046631,1.128795504570007,12.479999542236328,3.368000030517578,36.62099838256836,28.434999465942383,3.15,44.88,367.78,3113.6000000000004,0.0,30.4,6.2,0.0,0.1,2255.0,101.1279,97.9,4.2039356044,140.97369384765625,159.25746154785156,132.05572509765625,1.522688627243042,779.2677426963195,12.114865845806053,8.746865815288475,-0.3651336964302754,9.11199951171875,11.191379941742996,ukraine
2025-05-22,64.44000244140625,7.201900005340576,1.133118748664856,12.350000381469728,3.253000020980835,36.35599899291992,28.45199966430664,3.2,44.98,368.59,3223.1000000000004,0.0,31.3,5.1,0.7,2.2,2375.0,101.1279,97.9,4.2039356044,140.97369384765625,159.25746154785156,132.05572509765625,1.522688627243042,779.2677426963195,12.073263138475616,8.82026311749478,-0.2767372429941126,9.097000360488893,11.11034524851832,ukraine
2025-05-23,64.77999877929688,7.203700065612793,1.1281843185424805,12.484999656677246,3.3340001106262207,36.45000076293945,28.16900062561035,3.0,45.16,370.07,3351.1,0.0,22.3,4.1,4.3,3.9,2375.0,101.1279,97.9,4.2039356044,140.97369384765625,159.25746154785156,132.05572509765625,1.522688627243042,779.2677426963195,12.051767885142386,8.717767774516165,-0.43323177153486014,9.150999546051025,11.168965306775323,ukraine
2025-05-26,64.77999877929688,7.203700065612793,1.1372811794281006,12.484999656677246,3.3340001106262207,36.45000076293945,28.16900062561035,2.93,46.06,377.72,3215.1000000000004,0.0,40.6,5.3,7.3,0.0,2375.0,101.1279,97.9,4.2039356044,140.97369384765625,159.25746154785156,132.05572509765625,1.522688627243042,779.2677426963195,12.14894460890554,8.814944498279319,-0.3360550477717066,9.150999546051025,11.168965306775323,ukraine
2025-05-27,64.08999633789062,7.203700065612793,1.1388484239578247,12.494999885559082,3.3980000019073486,37.00600051879883,27.940000534057617,2.93,46.37,380.3,3450.3,0.0,46.5,7.2,8.0,0.0,2375.0,101.1279,97.9,4.2039356044,140.97369384765625,159.25746154785156,132.05572509765625,1.522688627243042,779.2677426963195,12.351259141716486,8.953259139809138,-0.14374074384259572,9.096999883651733,11.049999368601831,ukraine
2025-05-28,64.9000015258789,7.203700065612793,1.1337097883224487,12.46500015258789,3.2039999961853027,36.6870002746582,28.3799991607666,3.2,46.69,382.89,3519.8,0.0,34.5,7.8,8.1,0.0,2375.0,101.1279,97.9,4.2039356044,140.97369384765625,159.25746154785156,132.05572509765625,1.522688627243042,779.2677426963195,12.189538329484831,8.985538333299528,-0.27546182310305944,9.261000156402588,11.189655435496363,ukraine
2025-05-29,64.1500015258789,7.203700065612793,1.123368263244629,12.295000076293944,3.5220000743865967,35.15800094604492,27.893999099731445,3.09,47.01,385.49,3461.4,0.0,35.9,5.7,7.2,3.6,2476.0,101.1279,97.9,4.2039356044,140.97369384765625,159.25746154785156,132.05572509765625,1.522688627243042,779.2677426963195,11.574959545010318,8.05295947062372,-0.720040531283626,8.773000001907347,11.060345090668777,ukraine
2025-05-30,63.900001525878906,7.203700065612793,1.1378376483917236,12.154999732971191,3.447000026702881,34.22800064086914,27.65800094604492,2.97,47.4,388.7,3391.1000000000004,0.0,44.9,3.0,6.2,1.5,2476.0,101.1279,97.9,4.2039356044,140.97369384765625,159.25746154785156,132.05572509765625,1.522688627243042,779.2677426963195,11.413924328531934,7.966924301829053,-0.7410754044392576,8.70799970626831,11.017241642392916,ukraine
2025-06-02,64.62999725341797,7.203700065612793,1.1353315114974976,12.300000190734863,3.694000005722046,35.01499938964844,28.06399917602539,2.86,48.92,401.17,3360.8,0.0,20.3,4.2,5.2,0.0,2476.0,101.1279,97.9,4.2039356044,140.97369384765625,159.25746154785156,132.05572509765625,1.522688627243042,779.2677426963195,11.650645103112275,7.956645097390229,-0.6493550876225882,8.606000185012817,11.143102974727237,ukraine
2025-06-03,65.62999725341797,7.203700065612793,1.1453442573547363,12.329999923706056,3.721999883651733,35.847999572753906,28.677000045776367,3.0,49.28,404.15,3281.4,0.0,33.6,3.9,4.0,0.0,2476.0,101.1279,97.9,4.2039356044,140.97369384765625,159.25746154785156,132.05572509765625,1.522688627243042,779.2677426963195,12.03300581110644,8.311005927454707,-0.2969941125996165,8.608000040054323,11.315516767830685,ukraine
2025-06-04,64.86000061035156,7.203700065612793,1.1384464502334597,12.369999885559082,3.7160000801086426,35.650001525878906,28.61100006103516,2.84,49.62,406.94,3401.9,0.0,44.9,2.0,0.4,0.0,2476.0,101.1279,97.9,4.2039356044,140.97369384765625,159.25746154785156,132.05572509765625,1.522688627243042,779.2677426963195,11.894476102373954,8.178476022265311,-0.4755237831851282,8.65399980545044,11.182758725922683,ukraine
2025-06-05,65.33999633789062,7.203700065612793,1.1422044038772583,12.414999961853027,3.677000045776367,36.39300155639648,28.729999542236328,2.8,49.97,409.78,3357.7000000000003,0.0,16.3,0.0,4.0,0.0,2598.0,101.1279,97.9,4.2039356044,140.97369384765625,159.25746154785156,132.05572509765625,1.522688627243042,579.6649673621728,12.18245636111882,8.505456315342453,-0.232543600734207,8.73799991607666,11.265516609981143,ukraine
2025-06-06,66.47000122070312,7.175000190734863,1.1453834772109983,12.44499969482422,3.783999919891357,36.2509994506836,29.02899932861328,2.86,50.25,412.07,3362.4,0.0,35.9,1.8,5.5,0.0,2598.0,101.1279,97.9,4.2039356044,140.97369384765625,159.25746154785156,132.05572509765625,1.522688627243042,579.6649673621728,12.168696420193184,8.384696500301827,-0.27630327463103654,8.660999774932863,11.460345038052264,ukraine
2025-06-09,67.04000091552734,7.188600063323975,1.1407841444015503,12.4399995803833,3.634999990463257,35.60499954223633,29.18899917602539,2.68,51.56,422.81,3448.3,0.0,35.1,2.6,0.0,0.0,2598.0,101.1279,97.9,4.2039356044,140.97369384765625,159.25746154785156,132.05572509765625,1.522688627243042,579.6649673621728,11.903854747814469,8.268854757351212,-0.5361448325688318,8.804999589920044,11.558620847504715,ukraine
2025-06-10,66.87000274658203,7.180200099945068,1.1428048610687256,12.40999984741211,3.532999992370605,34.63800048828125,28.75,3.13,51.97,426.21,3702.7,0.0,35.1,3.2,4.1,0.0,2598.0,101.1279,97.9,4.2039356044,166.0472412109375,203.87728881835935,149.2124481201172,1.49236261844635,579.6649673621728,11.601070101375882,8.068070109005276,-0.8089297460362275,8.876999855041504,11.529310818376212,ukraine
2025-06-11,69.7699966430664,7.180200099945068,1.143746018409729,12.44499969482422,3.506999969482422,35.91299819946289,29.30299949645996,2.79,52.33,429.18,3666.6,0.0,43.7,3.1,2.2,0.0,2598.0,101.1279,97.9,4.2039356044,166.0472412109375,203.87728881835935,149.2124481201172,1.49236261844635,579.6649673621728,12.038002162804412,8.53100219332199,-0.40699753201980826,8.937999725341799,12.029309766045932,ukraine
2025-06-12,69.36000061035156,7.192800045013428,1.1509333848953247,12.460000038146973,3.492000102996826,36.17699813842773,29.950000762939453,2.73,52.68,432.07,3775.5,0.0,15.2,4.8,1.7,0.0,2707.0,101.1279,97.9,4.2039356044,166.0472412109375,203.87728881835935,149.2124481201172,1.49236261844635,579.6649673621728,12.202698284013108,8.710698181016282,-0.2573017541338647,8.967999935150146,11.958620794888201,ukraine
2025-06-13,74.2300033569336,7.192800045013428,1.1600254774093628,12.503999710083008,3.5810000896453857,37.89400100708008,29.7450008392334,2.9,53.03,434.88,3524.4000000000005,0.0,29.1,5.5,0.0,0.0,2707.0,101.1279,97.9,4.2039356044,166.0472412109375,203.87728881835935,149.2124481201172,1.49236261844635,579.6649673621728,12.882826205603799,9.301826115958413,0.37882649552079073,8.922999620437622,12.79827644085062,ukraine
2025-06-16,73.2300033569336,7.181000232696533,1.1556684970855713,13.585000038146973,3.747999906539917,37.90599822998047,29.51000022888184,2.65,54.16,444.17,3141.2,0.0,19.8,3.3,0.0,0.0,2707.0,100.9655,98.9,1.2455516035,166.0472412109375,203.87728881835935,149.2124481201172,1.49236261844635,579.6649673621728,12.838502524799644,9.090502618259727,-0.7464975133473288,9.837000131607056,12.625862647747171,ukraine
2025-06-17,76.44999694824219,7.178999900817871,1.1551345586776731,14.005000114440918,3.8510000705718994,39.30899810791016,29.381000518798828,2.9,54.47,446.7,3315.9,0.0,37.6,0.0,0.0,0.0,2707.0,100.9655,98.9,1.2455516035,166.0472412109375,203.87728881835935,149.2124481201172,1.49236261844635,579.6649673621728,13.307537844708099,9.4565377741362,-0.697462269732819,10.154000043869019,13.181033956593481,ukraine
2025-06-18,76.69999694824219,7.184500217437744,1.1482638120651243,13.880000114440918,3.989000082015991,38.69300079345703,29.405000686645508,2.9,54.79,449.34,3385.9,0.0,43.9,0.0,0.0,0.0,2707.0,100.9655,98.9,1.2455516035,166.0472412109375,203.87728881835935,149.2124481201172,1.49236261844635,579.6649673621728,13.021087233036702,9.032087151020711,-0.8589128814042155,9.891000032424927,13.224137404869342,ukraine
2025-06-19,76.69999694824219,7.188799858093262,1.1477497816085815,13.880000114440918,3.989000082015991,38.69300079345703,29.405000686645508,3.43,55.13,452.13,3481.5,0.0,33.8,0.0,0.6,0.0,2802.0,100.9655,98.9,1.2455516035,166.0472412109375,203.87728881835935,149.2124481201172,1.49236261844635,579.6649673621728,13.015258228112264,9.026258146096273,-0.8647418863286536,9.891000032424927,13.224137404869342,ukraine
2025-06-20,77.01000213623047,7.188000202178955,1.1512778997421265,14.255000114440918,3.846999883651733,40.92900085449219,28.649999618530277,3.43,55.47,454.89,3285.6000000000004,0.0,32.1,1.1,0.0,0.0,2802.0,100.9655,98.9,1.2455516035,166.0472412109375,203.87728881835935,149.2124481201172,1.49236261844635,579.6649673621728,13.809707146337333,9.9627072626856,-0.4452929681035851,10.408000230789185,13.27758657521215,ukraine
2025-06-23,71.4800033569336,7.188000202178955,1.1500862836837769,14.460000038146973,3.697999954223633,40.52199935913086,29.072999954223636,3.09,56.7,464.96,2894.8,0.0,22.2,0.0,0.0,0.0,2802.0,100.9655,98.9,1.2455516035,166.0472412109375,203.87728881835935,149.2124481201172,1.49236261844635,579.6649673621728,13.658230802481492,9.96023084825786,-0.8017692356654802,10.76200008392334,12.324138509816137,ukraine
2025-06-24,67.13999938964844,7.178999900817871,1.1599044799804688,13.520000457763672,3.5369999408721924,35.6150016784668,28.959999084472656,3.5,57.07,468.01,3281.0,0.0,21.6,0.2,0.0,0.0,2802.0,100.9655,98.9,1.2455516035,166.0472412109375,203.87728881835935,149.2124481201172,1.49236261844635,579.6649673621728,12.106771703788693,8.569771762916501,-1.4132287539749786,9.98300051689148,11.575861963732489,ukraine
2025-06-25,67.68000030517578,7.171299934387207,1.161224365234375,13.539999961853027,3.4059998989105225,35.4010009765625,28.09000015258789,3.3,57.39,470.64,3143.0,0.0,8.4,0.0,0.0,0.0,2802.0,100.9655,98.9,1.2455516035,166.0472412109375,203.87728881835935,149.2124481201172,1.49236261844635,579.6649673621728,12.047719286919728,8.641719388009205,-1.4922806749332995,10.134000062942505,11.668965569857894,ukraine
2025-06-26,67.7300033569336,7.176400184631348,1.1683744192123413,13.324999809265137,3.260999917984009,34.02399826049805,27.81100082397461,3.26,57.64,472.67,3064.3,0.0,17.2,0.0,0.0,0.0,2898.0,100.9655,98.9,1.2455516035,166.0472412109375,203.87728881835935,149.2124481201172,1.49236261844635,579.6649673621728,11.650392189913402,8.389392271929394,-1.6746076193517343,10.063999891281128,11.677586785678207,ukraine
2025-06-27,67.7699966430664,7.167500019073486,1.1692214012145996,13.19499969482422,3.739000082015991,33.08700180053711,27.996999740600582,3.23,57.86,474.54,3053.3,0.0,36.4,0.0,0.0,0.0,2898.0,100.9655,98.9,1.2455516035,166.0472412109375,203.87728881835935,149.2124481201172,1.49236261844635,579.6649673621728,11.33776181728006,7.598761735264068,-1.8572378775441614,9.45599961280823,11.684482179839035,ukraine
2025-06-30,67.61000061035156,7.172100067138672,1.1727453470230105,13.125,3.4560000896453857,32.89799880981445,27.30500030517578,3.23,59.11,484.76,3012.3,0.0,23.2,0.0,0.0,0.0,2898.0,100.9655,98.9,1.2455516035,166.0472412109375,203.87728881835935,149.2124481201172,1.49236261844635,579.6649673621728,11.306973052271722,7.8509729626263365,-1.8180269477282778,9.668999910354614,11.656896656957166,ukraine
2025-07-01,67.11000061035156,7.163599967956543,1.178717017173767,13.104999542236328,3.414999961853028,33.69300079345703,27.934999465942383,3.26,59.43,487.36,3368.9,0.0,33.0,0.0,0.0,0.0,2898.0,100.9655,98.9,1.2455516035,166.0472412109375,203.87728881835935,149.2124481201172,1.49236261844635,579.6649673621728,11.63918051278583,8.224180550932802,-1.4658190294504987,9.6899995803833,11.570689760405442,ukraine
2025-07-02,69.11000061035156,7.164500236511231,1.180553913116455,13.164999961853027,3.48799991607666,33.590999603271484,28.270000457763672,3.14,59.66,489.28,3241.5999999999995,0.0,35.8,0.0,0.0,0.0,2898.0,100.9655,98.9,1.2455516035,166.0472412109375,203.87728881835935,149.2124481201172,1.49236261844635,579.6649673621728,11.622027826271912,8.134027910195252,-1.542972135581115,9.677000045776367,11.915517346612338,ukraine
2025-07-03,68.80000305175781,7.164899826049805,1.18002450466156,13.15999984741211,3.4089999198913574,33.62099838256836,28.461000442504883,3.1,59.95,491.65,3281.3,0.0,46.7,0.0,0.0,0.0,2953.0,100.9655,98.9,1.2455516035,166.0472412109375,203.87728881835935,149.2124481201172,1.49236261844635,579.6649673621728,11.627190549806674,8.218190629915316,-1.5328092976054357,9.750999927520752,11.862069491682382,ukraine
2025-07-04,68.29000091552734,7.164899826049805,1.1771491765975952,13.15999984741211,3.38700008392334,33.43000030517578,28.461000442504883,3.24,60.19,493.61,3187.5999999999995,0.0,25.4,0.0,0.0,0.0,2953.0,100.9655,98.9,1.2455516035,166.0472412109375,203.87728881835935,149.2124481201172,1.49236261844635,579.6649673621728,11.53296679881102,8.14596671488768,-1.6270330486010902,9.77299976348877,11.774138088884024,ukraine
2025-07-07,69.58000183105469,7.164899826049805,1.178078293800354,13.095000267028809,3.4119999408721924,33.62099838256836,28.121999740600582,3.24,61.16,501.58,2778.4,0.0,31.4,0.0,0.0,0.0,2953.0,100.9655,98.9,1.2455516035,166.0472412109375,203.87728881835935,149.2124481201172,1.49236261844635,479.9086827796624,11.608013859454944,8.196013918582752,-1.4869864075738644,9.683000326156616,11.996552039837015,ukraine
2025-07-08,70.1500015258789,7.1743998527526855,1.1736538410186768,13.114999771118164,3.3399999141693115,34.21900177001953,27.825000762939453,3.24,61.44,503.88,3113.6000000000004,0.0,26.1,0.8,0.0,0.0,2953.0,100.9655,98.9,1.2455516035,166.0472412109375,203.87728881835935,149.2124481201172,1.49236261844635,479.9086827796624,11.770109920228455,8.430110006059143,-1.3448898508897091,9.774999856948853,12.094827849289468,ukraine
2025-07-09,70.19000244140625,7.173799991607666,1.1724566221237185,13.114999771118164,3.21399998664856,34.30400085449219,27.899999618530277,3.2,62.22,510.26,3177.2,0.0,35.1,0.0,0.0,0.0,2953.0,100.9655,98.9,1.2455516035,166.0472412109375,203.87728881835935,149.2124481201172,1.49236261844635,479.9086827796624,11.787310300042513,8.573310313393954,-1.3276894710756508,9.900999784469604,12.101724558863147,ukraine
2025-07-10,68.63999938964844,7.179999828338623,1.17311692237854,13.125,3.336999893188477,35.16999816894531,27.924999237060547,3.08,62.07,509.08,3301.6,0.0,46.6,0.0,0.0,0.0,3006.0,100.9655,98.9,1.2455516035,166.0472412109375,203.87728881835935,149.2124481201172,1.49236261844635,479.9086827796624,12.091684400995273,8.754684507806797,-1.0333155990047267,9.788000106811523,11.834482653387662,ukraine
2025-07-11,70.36000061035156,7.174799919128418,1.1702749729156494,13.114999771118164,3.313999891281128,35.56100082397461,27.874000549316406,3.11,62.46,512.12,3444.1,0.0,23.0,0.5,0.0,0.0,3006.0,100.9655,98.9,1.2455516035,221.1349029541016,286.4390869140625,182.07473754882807,2.1694536209106445,479.9086827796624,12.196495242320148,8.88249535103902,-0.9185045287980156,9.800999879837036,12.13103458799165,ukraine
2025-07-14,69.20999908447266,7.168099880218506,1.1682106256484983,13.114999771118164,3.4660000801086426,35.45399856567383,27.816999435424805,3.22,63.61,521.64,2616.2,0.0,22.2,0.5,0.0,0.0,3006.0,100.9655,98.9,1.2455516035,221.1349029541016,286.4390869140625,182.07473754882807,2.1694536209106445,479.9086827796624,12.138346564369218,8.672346484260576,-0.9766532067489457,9.648999691009521,11.932758462840113,ukraine
2025-07-15,68.70999908447266,7.166999816894531,1.1666297912597656,13.104999542236328,3.5230000019073486,34.44499969482422,28.131000518798828,3.21,63.91,524.06,2799.9000000000005,0.0,20.0,0.0,0.0,0.0,3006.0,100.9655,98.9,1.2455516035,221.1349029541016,286.4390869140625,182.07473754882807,2.1694536209106445,479.9086827796624,11.776938462054742,8.253938460147394,-1.3280610801815858,9.58199954032898,11.84655156628839,ukraine
2025-07-16,68.5199966430664,7.172900199890137,1.160739183425903,12.404999732971191,3.5510001182556152,34.80899810791016,28.190000534057617,3.31,64.19,526.32,3128.5999999999995,0.0,23.5,0.0,0.0,0.0,3006.0,101.4785,98.4,5.4954954943,221.1349029541016,286.4390869140625,182.07473754882807,2.1694536209106445,479.9086827796624,11.841298434310858,8.290298316055242,-0.5637012986603338,8.853999614715576,11.813792524666622,ukraine
2025-07-17,69.5199966430664,7.178500175476074,1.1635754108428955,12.18000030517578,3.5420000553131104,34.40700149536133,27.89699935913086,3.42,64.36,527.75,3177.4,0.0,31.5,0.0,0.0,0.0,3052.0,101.4785,98.4,5.4954954943,221.1349029541016,286.4390869140625,182.07473754882807,2.1694536209106445,479.9086827796624,11.733147204052933,8.191147148739823,-0.44685310112284604,8.63800024986267,11.98620631777007,ukraine
2025-07-18,69.27999877929688,7.183199882507324,1.161548137664795,12.0,3.565000057220459,33.595001220703125,27.743000030517575,3.52,64.59,529.63,3105.5,0.0,21.5,0.0,0.0,0.0,3052.0,101.4785,98.4,5.4954954943,221.1349029541016,286.4390869140625,182.07473754882807,2.1694536209106445,479.9086827796624,11.43628664203527,7.871286584814811,-0.5637133579647298,8.434999942779541,11.944827375740841,ukraine
2025-07-21,69.20999908447266,7.177700042724609,1.163074612617493,11.979999542236328,3.325000047683716,33.15900039672852,27.566999435424805,3.5,65.62,538.08,2524.0,0.0,20.0,1.2,0.0,0.0,3052.0,101.4785,98.4,5.4954954943,221.1349029541016,286.4390869140625,182.07473754882807,2.1694536209106445,479.9086827796624,11.302699051389544,7.977699003705828,-0.6773004908467843,8.654999494552612,11.932758462840113,ukraine
2025-07-22,68.58999633789062,7.17549991607666,1.1694538593292236,12.06999969482422,3.252000093460083,33.11100006103516,27.415000915527344,3.5,65.89,540.3,2779.4,0.0,33.2,0.4,0.0,0.0,3052.0,101.4785,98.4,5.4954954943,221.1349029541016,286.4390869140625,182.07473754882807,2.1694536209106445,479.9086827796624,11.348240930216148,8.096240836756065,-0.7217587646080723,8.817999601364138,11.82586143756735,ukraine
2025-07-23,68.51000213623047,7.174300193786621,1.1739156246185305,11.93000030517578,3.07699990272522,32.689998626708984,27.583999633789062,3.16,66.17,542.59,2965.0,0.0,11.8,0.0,0.0,0.0,3052.0,101.4785,98.4,5.4954954943,221.1349029541016,286.4390869140625,182.07473754882807,2.1694536209106445,479.9086827796624,11.246695668012444,8.169695765287225,-0.6833046371633351,8.85300040245056,11.81206933383284,ukraine
2025-07-24,69.18000030517578,7.1595001220703125,1.1774264574050903,11.880000114440918,3.094000101089477,32.358001708984375,28.174999237060547,3.08,66.43,544.76,2962.2000000000003,0.0,27.7,0.0,0.0,0.0,3075.0,101.4785,98.4,5.4954954943,221.1349029541016,286.4390869140625,182.07473754882807,2.1694536209106445,479.9086827796624,11.165769083600711,8.071768982511234,-0.7142310308402067,8.78600001335144,11.927586259513067,ukraine
2025-07-25,68.44000244140625,7.153500080108643,1.1756131649017334,11.875,3.109999895095825,32.499000549316406,28.246000289916992,3.13,66.65,546.56,2927.8,0.0,26.4,0.0,0.0,0.0,3075.0,101.4785,98.4,5.4954954943,221.1349029541016,286.4390869140625,182.07473754882807,2.1694536209106445,479.9086827796624,11.197152781516888,8.087152886421062,-0.6778472184831124,8.765000104904175,11.800000420932113,ukraine
2025-07-28,70.04000091552734,7.153500080108643,1.1756821870803833,11.925000190734863,2.98799991607666,32.89899826049805,28.02300071716309,3.1,67.77,555.72,2480.5,0.0,39.2,0.0,0.0,0.0,3075.0,101.4785,98.4,5.4954954943,221.1349029541016,286.4390869140625,182.07473754882807,2.1694536209106445,479.9086827796624,11.335632836769907,8.347632920693247,-0.5893673539649562,8.937000274658203,12.07586222681506,ukraine
2025-07-29,72.51000213623047,7.177800178527832,1.1596757173538208,12.0,3.0810000896453857,34.10300064086914,28.915000915527344,3.12,68.06,558.14,2790.8,0.0,24.0,0.0,0.0,0.0,3075.0,101.4785,98.4,5.4954954943,221.1349029541016,286.4390869140625,182.07473754882807,2.1694536209106445,479.9086827796624,11.590503828130654,8.509503738485268,-0.40949617186934617,8.918999910354614,12.501724506246633,ukraine
2025-07-30,73.23999786376953,7.176400184631348,1.1550945043563845,12.039999961853027,3.0450000762939453,34.5369987487793,28.82200050354004,3.08,68.41,560.97,2832.0,0.0,25.1,0.0,0.0,0.0,3075.0,101.4785,98.4,5.4954954943,221.1349029541016,286.4390869140625,182.07473754882807,2.1694536209106445,479.9086827796624,11.691635586956659,8.646635510662714,-0.3483643748963683,8.994999885559082,12.627585838580954,ukraine
2025-07-31,72.52999877929688,7.176400184631348,1.1429355144500732,12.039999961853027,3.1059999465942383,35.27899932861328,28.645000457763672,2.98,68.76,563.85,2706.3,0.0,16.4,0.0,0.0,0.0,3123.0,101.4785,98.4,5.4954954943,221.1349029541016,286.4390869140625,182.07473754882807,2.1694536209106445,479.9086827796624,11.81710634585111,8.711106399256872,-0.22289361600191704,8.934000015258789,12.505172203327048,ukraine
2025-08-01,69.66999816894531,7.200200080871582,1.142374038696289,12.0,3.0829999446868896,33.97200012207031,28.15900039672852,2.99,69.06,566.35,2375.7,0.0,23.6,0.4,0.0,0.0,3123.0,101.4785,98.4,5.4954954943,221.1349029541016,286.4390869140625,182.07473754882807,2.1694536209106445,479.9086827796624,11.37372176465218,8.29072181996529,-0.6262782353478205,8.91700005531311,12.012068649818158,ukraine
2025-08-04,68.76000213623047,7.211599826812744,1.158668041229248,12.005000114440918,2.931999921798706,34.28300094604492,27.989999771118164,3.0,70.17,575.75,2248.4,0.0,46.8,1.0,0.0,0.0,3123.0,101.4785,98.4,5.4954954943,221.1349029541016,286.4390869140625,182.07473754882807,2.1694536209106445,479.9086827796624,11.641555608390725,8.709555686592019,-0.3634445060501932,9.073000192642212,11.855172782108703,ukraine
2025-08-05,67.63999938964844,7.177999973297119,1.1584129333496094,11.989999771118164,3.009999990463257,34.40599822998047,28.27400016784668,2.89,70.52,578.58,2227.3,0.0,40.6,0.4,0.0,0.0,3123.0,101.4785,98.4,5.4954954943,221.1349029541016,286.4390869140625,182.07473754882807,2.1694536209106445,592.6721865749282,11.680749715548934,8.670749725085678,-0.3092500555692297,8.979999780654907,11.662068860284213,ukraine
2025-08-06,66.88999938964844,7.1834001541137695,1.1579166650772097,11.93000030517578,3.07699990272522,33.25699996948242,28.02400016784668,2.98,70.85,581.35,2279.9,0.0,26.7,1.8,0.0,0.0,3123.0,101.4785,98.4,5.4954954943,221.1349029541016,286.4390869140625,182.07473754882807,2.1694536209106445,592.6721865749282,11.285830738227608,8.208830835502388,-0.6441695669481717,8.85300040245056,11.532758515456628,ukraine
2025-08-07,66.43000030517578,7.182799816131592,1.1663167476654053,11.9399995803833,3.066999912261963,32.95100021362305,28.46999931335449,3.02,71.17,583.97,2307.8,0.0,38.1,1.7,0.0,0.0,3130.0,101.4785,98.4,5.4954954943,221.1349029541016,286.4390869140625,182.07473754882807,2.1694536209106445,592.6721865749282,11.263108606761419,8.196108694499456,-0.676890973621882,8.872999668121338,11.453448328478583,ukraine
2025-08-08,66.58999633789062,7.181000232696533,1.1676650047302246,11.93000030517578,2.990000009536743,32.44599914550781,28.88999938964844,3.05,71.48,586.49,2237.6,0.0,41.6,0.0,0.0,0.0,3130.0,101.4785,98.4,5.4954954943,221.1349029541016,286.4390869140625,182.07473754882807,2.1694536209106445,592.6721865749282,11.103312802439596,8.113312792902853,-0.8266875027361831,8.940000295639036,11.481033851360452,ukraine
2025-08-11,66.62999725341797,7.181000232696533,1.1647952795028689,11.9350004196167,2.9539999961853027,32.999000549316406,28.601999282836918,3.03,72.56,595.74,2359.5,0.0,36.9,1.1,0.0,0.0,3130.0,101.4785,98.4,5.4954954943,134.2220001220703,156.11004638671875,119.33242797851562,1.3942539691925049,592.6721865749282,11.264801581458066,8.310801585272763,-0.6701988381586332,8.981000423431396,11.487930560934133,ukraine
2025-08-12,66.12000274658203,7.187699794769287,1.1618449687957764,11.925000190734863,2.808000087738037,32.40900039672852,28.315000534057617,3.05,72.87,598.21,2508.6,0.0,30.1,0.0,0.0,0.0,3130.0,101.4785,98.4,5.4954954943,134.2220001220703,156.11004638671875,119.33242797851562,1.3942539691925049,592.6721865749282,11.035371952686395,8.227371864948358,-0.8896282380484681,9.117000102996826,11.400000473548626,ukraine
2025-08-13,65.62999725341797,7.178500175476074,1.1677058935165403,11.93000030517578,2.828000068664551,32.599998474121094,28.450000762939453,2.93,73.06,600.17,2430.0,0.0,26.1,0.0,0.0,0.0,3130.0,101.4785,98.4,5.4954954943,134.2220001220703,156.11004638671875,119.33242797851562,1.3942539691925049,592.6721865749282,11.15640341453206,8.328403345867509,-0.7735968906437201,9.102000236511229,11.315516767830685,ukraine
2025-08-14,66.83999633789062,7.174300193786621,1.171289324760437,11.90999984741211,2.8410000801086426,32.14099884033203,28.18000030517578,2.95,73.27,601.94,2383.2000000000003,0.0,25.5,0.8,0.0,0.0,3186.0,101.4785,98.4,5.4954954943,134.2220001220703,156.11004638671875,119.33242797851562,1.3942539691925049,592.6721865749282,11.033078604283087,8.192078524174445,-0.8769212431290221,9.068999767303467,11.524137299636315,ukraine
2025-08-15,65.8499984741211,7.179500102996826,1.1651345491409302,11.892999649047852,2.9159998893737797,31.0310001373291,28.030000686645508,2.78,73.51,603.87,2329.2,0.0,22.5,0.0,0.0,0.0,3186.0,101.894,98.9,7.5139146599,134.2220001220703,156.11004638671875,119.33242797851562,1.3942539691925049,592.6721865749282,10.5960747080715,7.680074818697721,-1.2969249409763517,8.976999759674072,11.353448012779499,ukraine
2025-08-18,66.5999984741211,7.181700229644775,1.1706587076187134,10.93000030517578,2.890000104904175,31.27199935913086,28.44499969482422,2.98,74.43,611.44,2213.7000000000003,0.0,26.1,0.0,0.0,0.0,3186.0,101.894,98.9,7.5139146599,134.2220001220703,156.11004638671875,119.33242797851562,1.3942539691925049,592.6721865749282,10.728996569429556,7.838996464525382,-0.2010037357462231,8.040000200271605,11.482758357607086,ukraine
2025-08-19,65.79000091552734,7.184599876403809,1.1668338775634766,10.914999961853027,2.7660000324249268,31.226999282836918,28.200000762939453,2.96,74.71,613.75,2642.8000000000006,0.0,26.1,0.0,0.0,0.0,3186.0,101.894,98.9,7.5139146599,134.2220001220703,156.11004638671875,119.33242797851562,1.3942539691925049,592.6721865749282,10.67855382776337,7.912553795338443,-0.23644613408965753,8.1489999294281,11.343103606125405,ukraine
2025-08-20,66.83999633789062,7.181900024414063,1.164252758026123,11.109999656677246,2.752000093460083,31.9060001373291,28.354999542236328,2.87,75.0,616.14,2450.8,0.0,27.8,0.0,0.0,0.0,3186.0,101.894,98.9,7.5139146599,134.2220001220703,156.11004638671875,119.33242797851562,1.3942539691925049,592.6721865749282,10.886613285934125,8.134613192474042,-0.22338637074312118,8.357999563217163,11.524137299636315,ukraine
2025-08-21,67.66999816894531,7.1757001876831055,1.165175199508667,11.4399995803833,2.825999975204468,33.17499923706055,28.790000915527344,2.8,75.26,618.33,2373.4,0.0,34.5,0.0,0.0,0.0,3199.0,101.894,98.9,7.5139146599,134.2220001220703,156.11004638671875,119.33242797851562,1.3942539691925049,592.6721865749282,11.328575719267644,8.502575744063176,-0.11142386111565727,8.613999605178833,11.667241063611261,ukraine
2025-08-22,67.7300033569336,7.179900169372559,1.16130530834198,11.550000190734863,2.697999954223633,33.573001861572266,28.770000457763672,2.88,75.54,620.57,2350.2000000000003,0.0,24.4,1.4,0.0,0.0,3199.0,101.894,98.9,7.5139146599,134.2220001220703,156.11004638671875,119.33242797851562,1.3942539691925049,592.6721865749282,11.426408435415619,8.728408481191986,-0.12359175531924471,8.85200023651123,11.677586785678207,ukraine
2025-08-25,68.80000305175781,7.167500019073486,1.1709601879119873,11.550000190734863,2.696000099182129,33.77399826049805,28.549999237060547,2.76,76.43,627.95,2368.1,0.0,29.6,0.0,0.0,0.0,3199.0,101.894,98.9,7.5139146599,134.2220001220703,156.11004638671875,119.33242797851562,1.3942539691925049,592.6721865749282,11.590382384559815,8.894382285377686,0.040382193824951784,8.854000091552734,11.862069491682382,ukraine
2025-08-26,67.22000122070312,7.151000022888184,1.1618449687957764,11.489999771118164,2.7170000076293945,33.459999084472656,28.886999130249023,2.76,76.67,629.89,2537.7,0.0,32.2,1.9,0.0,0.0,3199.0,101.894,98.9,7.5139146599,134.2220001220703,156.11004638671875,119.33242797851562,1.3942539691925049,592.6721865749282,11.39324048608962,8.676240478460226,-0.09675928502854347,8.77299976348877,11.58965538287985,ukraine
2025-08-27,68.05000305175781,7.151999950408936,1.1639411449432373,11.3100004196167,2.867000102996826,32.55099868774414,28.68000030517578,2.82,76.88,631.64,2566.2,0.0,35.1,2.8,0.0,0.0,3199.0,101.894,98.9,7.5139146599,134.2220001220703,156.11004638671875,119.33242797851562,1.3942539691925049,592.6721865749282,11.103719859577488,8.236719756580662,-0.20628056003921103,8.443000316619873,11.732759146854796,ukraine
2025-08-28,68.62000274658203,7.152999877929688,1.1647952795028689,11.204999923706056,2.944000005722046,31.55900001525879,28.482999801635746,2.88,77.05,633.04,2483.5,0.0,35.0,3.0,0.0,0.0,3217.0,101.894,98.9,7.5139146599,134.2220001220703,156.11004638671875,119.33242797851562,1.3942539691925049,592.6721865749282,10.773231533174021,7.8292315274519755,-0.4317683905320351,8.26099991798401,11.831034956307247,ukraine
2025-08-29,68.12000274658203,7.152999877929688,1.1681560277938845,11.21500015258789,2.996999979019165,31.621999740600582,28.934999465942383,2.9,77.26,634.62,2265.8,0.0,24.3,3.3,0.0,0.0,3217.0,101.894,98.9,7.5139146599,134.2220001220703,156.11004638671875,119.33242797851562,1.3942539691925049,592.6721865749282,10.825883348244568,7.828883369225403,-0.3891168043433222,8.218000173568726,11.744828059755523,ukraine
2025-09-01,68.12000274658203,7.13040018081665,1.169180393218994,11.21500015258789,2.996999979019165,31.621999740600582,28.934999465942383,2.88,78.03,641.0,2584.4,0.0,25.3,0.0,0.0,0.0,3217.0,101.894,98.9,7.5139146599,134.2220001220703,156.11004638671875,119.33242797851562,1.3942539691925049,592.6721865749282,10.835376652507316,7.838376673488151,-0.37962350008057477,8.218000173568726,11.744828059755523,ukraine
2025-09-02,69.13999938964844,7.13040018081665,1.1715912818908691,11.244999885559082,3.009000062942505,31.77199935913086,29.299999237060547,2.88,78.58,645.8,2967.5,0.0,22.8,0.6,0.0,0.0,3217.0,101.894,98.9,7.5139146599,134.2220001220703,156.11004638671875,119.33242797851562,1.3942539691925049,592.6721865749282,10.909223378114614,7.900223315172109,-0.33577650744446785,8.235999822616577,11.920689549939386,ukraine
2025-09-03,67.5999984741211,7.138999938964844,1.163602590560913,11.225000381469728,3.063999891281128,32.11199951171875,29.7810001373291,2.7,78.75,647.47,2809.2,0.0,29.5,1.3,0.5,0.0,3217.0,101.894,98.9,7.5139146599,134.2220001220703,156.11004638671875,119.33242797851562,1.3942539691925049,592.6721865749282,10.950783326571218,7.88678343529009,-0.2742170548985108,8.1610004901886,11.655172150710534,ukraine
2025-09-04,66.98999786376953,7.14139986038208,1.16604483127594,11.244999885559082,3.0739998817443848,32.4119987487793,30.01000022888184,3.0,78.97,649.4,2926.5,0.0,30.9,0.3,0.0,0.0,3262.0,101.894,98.9,7.5139146599,134.2220001220703,156.11004638671875,119.33242797851562,1.3942539691925049,592.6721865749282,11.07628749475002,8.002287613005635,-0.16871239080906264,8.171000003814697,11.549999631684402,ukraine
2025-09-05,65.5,7.14139986038208,1.165691375732422,11.300000190734863,3.0480000972747803,31.9689998626709,30.2450008392334,3.11,79.2,651.32,2960.8,0.0,36.1,0.0,0.0,0.0,3262.0,101.894,98.9,7.5139146599,134.2220001220703,156.11004638671875,119.33242797851562,1.3942539691925049,413.1599438549708,10.921588044660082,7.873587947385301,-0.3784121460747816,8.252000093460083,11.293103448275863,ukraine
2025-09-08,66.0199966430664,7.132500171661377,1.1713168621063232,11.345000267028809,3.0899999141693115,33.06399917602539,30.576000213623047,3.05,79.96,657.51,2634.1000000000004,0.0,50.7,0.0,0.0,0.0,3262.0,101.894,98.9,7.5139146599,134.2220001220703,156.11004638671875,119.33242797851562,1.3942539691925049,413.1599438549708,11.35018485863655,8.26018494446724,0.005184591607742206,8.255000352859497,11.382758041908001,ukraine
2025-09-09,66.38999938964844,7.129300117492676,1.1769136190414429,11.329999923706056,3.117000102996826,32.930999755859375,30.51499938964844,3.1,80.09,658.58,2879.6,0.0,39.8,0.4,3.0,0.0,3262.0,101.894,98.9,7.5139146599,134.2220001220703,156.11004638671875,119.33242797851562,1.3942539691925049,413.1599438549708,11.3585439346924,8.241543831695575,0.028544010986344404,8.21299982070923,11.446551618904904,ukraine
2025-09-10,67.48999786376953,7.1209001541137695,1.1702749729156494,11.335000038146973,3.0290000438690186,33.12200164794922,30.684999465942383,3.12,80.16,659.38,3007.3,0.0,27.6,1.6,1.7,0.0,3262.0,101.894,98.9,7.5139146599,138.56211853027344,160.41519165039062,120.87979125976562,1.7007672786712646,413.1599438549708,11.359982175838585,8.330982131969566,0.024982137691612394,8.305999994277954,11.636206528236126,ukraine
2025-09-11,66.37000274658203,7.120699882507324,1.1703435182571411,11.345000267028809,2.934000015258789,32.323001861572266,30.020000457763672,2.89,80.26,660.23,2873.3,0.0,14.0,1.5,3.7,0.0,3333.0,101.894,98.9,7.5139146599,138.56211853027344,160.41519165039062,120.87979125976562,1.7007672786712646,413.1599438549708,11.086595426713032,8.152595411454243,-0.2584048403157766,8.41100025177002,11.443103921824488,ukraine
2025-09-12,66.98999786376953,7.118400096893311,1.1734747886657717,11.354999542236328,2.940999984741211,32.6619987487793,30.084999084472656,2.81,80.35,660.98,2800.5,0.0,43.5,0.0,3.6,0.0,3333.0,101.894,98.9,7.5139146599,138.56211853027344,160.41519165039062,120.87979125976562,1.7007672786712646,413.1599438549708,11.232842755316454,8.291842770575244,-0.12215678691987364,8.413999557495117,11.549999631684402,ukraine
2025-09-15,67.44000244140625,7.124199867248535,1.1726491451263428,11.359999656677246,3.0429999828338623,32.15399932861328,30.584999084472656,2.86,80.9,665.91,2796.9,0.0,20.3,3.6,0.0,0.0,3333.0,101.6247,98.1,3.876651978,138.56211853027344,160.41519165039062,120.87979125976562,1.7007672786712646,413.1599438549708,11.050355444117582,8.00735546128372,-0.30964421255966457,8.316999673843384,11.627586627828665,ukraine
2025-09-16,68.47000122070312,7.118500232696533,1.1763737201690674,11.449999809265137,3.1029999256134038,32.32899856567383,30.834999084472656,3.0,81.12,667.76,3164.5,0.0,44.4,2.8,0.0,0.0,3333.0,101.6247,98.1,3.876651978,138.56211853027344,160.41519165039062,120.87979125976562,1.7007672786712646,413.1599438549708,11.14578660665804,8.042786681044637,-0.3042132026070963,8.346999883651733,11.80517262425916,ukraine
2025-09-17,67.94999694824219,7.114200115203857,1.1871408224105835,11.479999542236328,3.0999999046325684,32.4010009765625,30.54700088500977,3.07,81.26,668.85,3023.3,0.0,48.4,4.1,0.0,0.0,3333.0,101.6247,98.1,3.876651978,138.56211853027344,160.41519165039062,120.87979125976562,1.7007672786712646,413.1599438549708,11.272852504950713,8.172852600318144,-0.20714703728561545,8.37999963760376,11.715516715214171,ukraine
2025-09-18,67.44000244140625,7.103300094604492,1.1826341152191162,11.524999618530272,2.938999891281128,32.95199966430664,30.84600067138672,3.19,81.35,669.62,3509.0000000000005,0.0,44.9,4.2,0.0,0.0,3423.0,101.6247,98.1,3.876651978,138.56211853027344,160.41519165039062,120.87979125976562,1.7007672786712646,413.1599438549708,11.421031659808184,8.482031768527056,-0.10396795872208742,8.585999727249144,11.627586627828665,ukraine
2025-09-19,66.68000030517578,7.1128997802734375,1.1791062355041504,11.364999771118164,2.888000011444092,32.30799865722656,30.86199951171875,3.1,81.47,670.63,3523.8,0.0,30.8,3.5,0.0,0.0,3423.0,101.6247,98.1,3.876651978,138.56211853027344,160.41519165039062,120.87979125976562,1.7007672786712646,413.1599438549708,11.164419593977843,8.276419582533752,-0.20058017714032061,8.476999759674072,11.496551776754446,ukraine
2025-09-22,66.56999969482422,7.1128997802734375,1.173695087432861,11.270000457763672,2.805999994277954,31.8439998626709,30.36000061035156,2.89,82.05,675.33,2951.2,0.0,48.6,3.0,0.0,0.0,3423.0,101.6247,98.1,3.876651978,138.56211853027344,160.41519165039062,120.87979125976562,1.7007672786712646,413.1599438549708,10.953579338195249,8.147579343917295,-0.3164211195684228,8.464000463485718,11.477586154280038,ukraine
2025-09-23,67.62999725341797,7.113999843597412,1.1801080703735352,11.354999542236328,2.8529999256134038,32.26499938964844,30.46299934387207,2.9,82.13,675.99,3134.4,0.0,52.5,0.0,0.0,0.0,3423.0,101.6247,98.1,3.876651978,138.56211853027344,160.41519165039062,120.87979125976562,1.7007672786712646,413.1599438549708,11.159033969978168,8.306034044364765,-0.19596557225816014,8.501999616622925,11.660344354037582,ukraine
2025-09-24,69.30999755859375,7.111599922180176,1.181446552276611,11.220000267028809,2.8580000400543213,31.902999877929688,30.280000686645508,2.86,82.12,676.4,3200.3,0.0,38.2,0.0,0.0,0.0,3423.0,101.6247,98.1,3.876651978,138.56211853027344,160.41519165039062,120.87979125976562,1.7007672786712646,413.1599438549708,11.046348981302401,8.18834894124808,-0.17365128572640742,8.362000226974487,11.949999579067889,ukraine
2025-09-25,69.41999816894531,7.131499767303467,1.1744670867919922,11.279999732971191,2.9040000438690186,32.45600128173828,30.03499984741211,2.88,82.17,676.82,3197.1000000000004,0.0,39.7,0.0,0.0,0.0,3499.0,101.6247,98.1,3.876651978,138.56211853027344,160.41519165039062,120.87979125976562,1.7007672786712646,413.1599438549708,11.171436481000288,8.26743643713127,-0.108563251970903,8.375999689102173,11.968965201542296,ukraine
2025-09-26,70.12999725341797,7.133800029754639,1.166275978088379,11.295000076293944,2.8350000381469727,32.696998596191406,30.19499969482422,2.98,82.21,677.12,3069.0,0.0,51.2,3.6,0.0,0.0,3499.0,101.6247,98.1,3.876651978,138.56211853027344,160.41519165039062,120.87979125976562,1.7007672786712646,413.1599438549708,11.175896656739608,8.340896618592636,-0.11910341955433523,8.46000003814697,12.091378836796203,ukraine
2025-09-29,67.97000122070312,7.132800102233887,1.170823097229004,11.199999809265137,3.2669999599456787,32.060001373291016,30.479999542236328,2.9,82.6,680.37,2808.3,0.0,34.7,6.1,0.0,0.0,3499.0,101.6247,98.1,3.876651978,138.56211853027344,160.41519165039062,120.87979125976562,1.7007672786712646,413.1599438549708,11.000893897976843,7.733893938031164,-0.19910591128829402,7.932999849319458,11.718965727707436,ukraine
2025-09-30,67.0199966430664,7.119400024414063,1.1731443405151367,11.050000190734863,3.302999973297119,31.410999298095703,30.15399932861328,2.93,82.69,681.14,3214.4,0.0,47.7,6.0,0.5,0.0,3499.0,101.6247,98.1,3.876651978,138.56211853027344,160.41519165039062,120.87979125976562,1.7007672786712646,413.1599438549708,10.79956744344778,7.49656747015066,-0.25043274728708376,7.747000217437744,11.55517183501145,ukraine
2025-10-01,65.3499984741211,7.11899995803833,1.1735849380493164,11.045000076293944,3.4760000705718994,31.334999084472656,30.459999084472656,3.12,82.78,681.81,3422.7000000000003,0.0,40.6,5.8,0.0,0.0,3499.0,101.6247,98.1,3.876651978,138.56211853027344,160.41519165039062,120.87979125976562,1.7007672786712646,413.1599438549708,10.777483620052585,7.301483549480686,-0.2675164562413581,7.569000005722044,11.267241116227774,ukraine
2025-10-02,64.11000061035156,7.11899995803833,1.1734058856964111,11.024999618530272,3.441999912261963,31.45499992370605,30.767000198364254,3.24,82.69,681.78,2969.5,0.0,27.8,6.0,0.0,0.0,3551.0,101.6247,98.1,3.876651978,138.56211853027344,160.41519165039062,120.87979125976562,1.7007672786712646,413.1599438549708,10.817106579758404,7.375106667496441,-0.20789303877186782,7.582999706268309,11.053448381095098,ukraine
2025-10-03,64.52999877929688,7.11899995803833,1.1725116968154907,11.039999961853027,3.3239998817443848,31.4379997253418,31.660999298095703,3.32,82.65,681.44,2873.5,0.0,17.6,5.3,0.0,0.0,3551.0,101.6247,98.1,3.876651978,138.56211853027344,160.41519165039062,120.87979125976562,1.7007672786712646,413.1599438549708,10.80302168212484,7.479021800380455,-0.23697827972818786,7.716000080108643,11.125861858499462,ukraine
2025-10-06,65.47000122070312,7.11899995803833,1.171248197555542,11.130000114440918,3.3570001125335693,33.11600112915039,31.363000869750977,3.19,83.1,685.05,3063.5000000000005,0.0,28.2,6.9,0.0,0.0,3551.0,101.6247,98.1,3.876651978,138.56211853027344,160.41519165039062,120.87979125976562,1.7007672786712646,471.42575547749897,11.367369636874422,8.010369524340852,0.23736952243350373,7.773000001907349,11.287931244948815,ukraine
2025-10-07,65.44999694824219,7.11899995803833,1.171028733253479,11.135000228881836,3.497999906539917,33.24599838256836,31.19300079345703,3.32,83.11,685.2,3617.5,0.0,35.5,6.5,0.0,0.0,3551.0,101.6247,98.1,3.876651978,138.56211853027344,160.41519165039062,120.87979125976562,1.7007672786712646,471.42575547749897,11.409854042239251,7.911854135699334,0.27485381335741543,7.637000322341919,11.28448223245555,ukraine
2025-10-08,66.25,7.11899995803833,1.1654603481292725,11.114999771118164,3.3329999446868896,32.70000076293945,31.51000022888184,3.32,83.1,685.11,3585.0999999999995,0.0,50.9,6.8,0.0,0.0,3551.0,101.6247,98.1,3.876651978,138.56211853027344,160.41519165039062,120.87979125976562,1.7007672786712646,471.42575547749897,11.16910627143168,7.83610632674479,0.05410650031351594,7.781999826431274,11.422413793103448,ukraine
2025-10-09,65.22000122070312,7.118500232696533,1.1631964445114136,11.079999923706056,3.2690000534057617,32.362998962402344,31.530000686645508,3.35,83.07,684.89,3399.7,0.0,64.2,5.0,0.0,0.0,3631.0,101.6247,98.1,3.876651978,138.56211853027344,160.41519165039062,120.87979125976562,1.7007672786712646,471.42575547749897,11.032526604064596,7.763526550658835,-0.047473319641460066,7.810999870300295,11.244827796672952,ukraine
2025-10-10,62.72999954223633,7.127500057220459,1.156644344329834,11.0600004196167,3.1059999465942383,32.16999816894531,31.49799919128418,3.25,83.07,684.89,3422.1000000000004,0.0,65.0,5.5,0.0,0.0,3631.0,101.6247,98.1,3.876651978,138.56211853027344,160.41519165039062,120.87979125976562,1.7007672786712646,471.42575547749897,10.904958893600998,7.79895894700676,-0.15504152601570098,7.954000473022461,10.81551716245454,ukraine
2025-10-13,63.31999969482422,7.099999904632568,1.160240888595581,11.039999961853027,3.118000030517578,31.475000381469727,31.020000457763672,2.9,83.42,687.78,3464.7000000000003,0.0,26.9,3.8,3.6,0.0,3631.0,101.6247,98.1,3.876651978,125.86952209472656,141.8061065673828,114.78914642333984,1.4304375648498535,471.42575547749897,10.70254515088557,7.5845451203679914,-0.3374548109674578,7.921999931335449,10.917241326693832,ukraine
2025-10-14,62.38999938964844,7.099999904632568,1.1566845178604126,11.029999732971191,3.0280001163482666,31.801000595092773,30.604999542236328,2.9,83.36,687.29,3427.5,0.0,37.1,4.7,5.5,0.0,3631.0,101.6247,98.1,3.876651978,125.86952209472656,141.8061065673828,114.78914642333984,1.4304375648498535,471.42575547749897,10.780250822303183,7.752250705954916,-0.24974891066800886,8.001999616622925,10.75689644649111,ukraine
2025-10-15,61.90999984741211,7.138400077819824,1.1602274179458618,11.015999794006348,3.0160000324249268,31.826000213623047,31.12800025939941,2.83,83.32,686.91,3606.1,0.0,36.0,3.5,4.6,0.6,3631.0,101.6247,98.1,3.876651978,125.86952209472656,141.8061065673828,114.78914642333984,1.4304375648498535,471.42575547749897,10.821771103001728,7.805771070576801,-0.1942286910046196,7.999999761581421,10.674137904726226,ukraine
2025-10-16,61.060001373291016,7.126200199127197,1.1646324396133425,11.199999809265137,2.937999963760376,32.37799835205078,31.545000076293945,2.79,83.22,686.12,3439.8,0.0,27.7,3.7,2.3,0.0,3712.0,101.668,98.1,5.0531914925,125.86952209472656,141.8061065673828,114.78914642333984,1.4304375648498535,471.42575547749897,11.05126612933399,8.113266165573615,-0.14873367993114606,8.26199984550476,10.527586443670865,ukraine
2025-10-17,61.290000915527344,7.123000144958496,1.1699601411819458,11.145000457763672,3.007999897003174,31.81599998474121,31.6299991607666,2.82,83.08,684.97,3483.0999999999995,0.0,29.3,3.6,4.1,0.0,3712.0,101.668,98.1,5.0531914925,125.86952209472656,141.8061065673828,114.78914642333984,1.4304375648498535,471.42575547749897,10.909122085844254,7.9011221888410805,-0.23587837191941752,8.137000560760498,10.567241537159887,ukraine
2025-10-20,61.0099983215332,7.126399993896484,1.165745735168457,11.050000190734863,3.3970000743865967,31.73900032043457,31.87800025939941,2.65,83.15,685.65,3146.4,0.0,27.0,5.0,3.5,0.0,3712.0,101.668,98.1,5.0531914925,125.86952209472656,141.8061065673828,114.78914642333984,1.4304375648498535,471.42575547749897,10.84351880698239,7.446518732595793,-0.2064813837524735,7.653000116348267,10.518965227850552,ukraine
2025-10-21,61.31999969482422,7.119500160217285,1.164442539215088,11.21500015258789,3.4739999771118164,32.20000076293945,31.624000549316406,2.99,83.16,685.75,3305.1,0.0,41.3,5.7,3.2,0.0,3712.0,101.668,98.1,5.0531914925,125.86952209472656,141.8061065673828,114.78914642333984,1.4304375648498535,471.42575547749897,10.988719879936047,7.514719902824231,-0.22628027265184336,7.741000175476074,10.572413740486935,ukraine
2025-10-22,62.59000015258789,7.121799945831299,1.160038948059082,11.154999732971191,3.450000047683716,31.76799964904785,31.2549991607666,3.28,83.16,685.8,3257.1000000000004,0.0,33.2,6.2,1.1,0.0,3712.0,101.668,98.1,5.0531914925,125.86952209472656,141.8061065673828,114.78914642333984,1.4304375648498535,471.42575547749897,10.800294505742073,7.350294458058357,-0.35470522722911824,7.704999685287476,10.791379336653085,ukraine
2025-10-23,65.98999786376953,7.125699996948242,1.1608469486236572,11.265000343322754,3.344000101089477,32.45399856567383,31.170000076293945,3.45,83.18,685.92,3356.0,0.0,20.5,8.2,0.0,3.5,3798.0,101.668,98.1,5.0531914925,125.86952209472656,141.8061065673828,114.78914642333984,1.4304375648498535,471.42575547749897,11.04120147637524,7.697201375285763,-0.22379886694751328,7.921000242233276,11.377585838580954,ukraine
2025-10-24,65.94000244140625,7.125699996948242,1.1618045568466189,11.204999923706056,3.303999900817871,32.01599884033203,31.280000686645508,3.34,83.22,686.27,3303.2000000000003,0.0,38.8,7.9,4.4,6.6,3798.0,101.668,98.1,5.0531914925,125.86952209472656,141.8061065673828,114.78914642333984,1.4304375648498535,471.42575547749897,10.90117443736008,7.597174536542209,-0.3038254863459766,7.901000022888185,11.368965938173492,ukraine
2025-10-27,65.62000274658203,7.121099948883057,1.1631693840026855,11.119999885559082,3.441999912261963,31.399999618530277,30.95499992370605,3.21,83.3,686.96,2822.5,0.0,34.9,5.6,9.5,4.5,3798.0,101.668,98.1,5.0531914925,125.86952209472656,141.8061065673828,114.78914642333984,1.4304375648498535,471.42575547749897,10.703991692594801,7.261991780332838,-0.4160081929642807,7.677999973297119,11.313793576996902,ukraine
2025-10-28,64.4000015258789,7.110199928283691,1.165175199508667,11.149999618530272,3.345000028610229,31.49399948120117,31.26000022888184,3.3,83.27,686.65,3396.7,0.0,43.2,6.3,10.6,4.0,3798.0,101.668,98.1,5.0531914925,125.86952209472656,141.8061065673828,114.78914642333984,1.4304375648498535,471.42575547749897,10.754549089086153,7.409549060475923,-0.39545052944411907,7.804999589920042,11.10344853894464,ukraine
2025-10-29,64.91999816894531,7.098800182342529,1.1657865047454834,11.21500015258789,3.375999927520752,31.86899948120117,31.413000106811523,3.44,83.25,686.82,3406.5,0.0,78.0,8.4,11.8,3.6,3798.0,101.668,98.1,5.0531914925,125.86952209472656,141.8061065673828,114.78914642333984,1.4304375648498535,471.42575547749897,10.888313350250908,7.512313422730156,-0.3266868023369831,7.839000225067139,11.193103132576779,ukraine
2025-10-30,65.0,7.098999977111816,1.1603351831436155,11.130000114440918,3.9560000896453857,31.04800033569336,31.280000686645508,3.36,83.21,686.48,3613.6,0.0,62.1,8.7,10.7,5.1,3872.0,101.668,98.1,5.0531914925,125.86952209472656,141.8061065673828,114.78914642333984,1.4304375648498535,471.42575547749897,10.55820897025321,6.602208880607824,-0.5717911441877082,7.174000024795532,11.206896551724139,ukraine
2025-10-31,65.06999969482422,7.109799861907959,1.157246708869934,11.0,4.124000072479248,31.121999740600582,31.334999084472656,3.46,83.22,686.83,3680.7,0.0,66.8,8.9,7.6,7.9,3872.0,101.668,98.1,5.0531914925,125.86952209472656,141.8061065673828,114.78914642333984,1.4304375648498535,471.42575547749897,10.555203412890727,6.431203340411479,-0.4447965871092734,6.875999927520752,11.218965464624866,ukraine
2025-11-03,64.88999938964844,7.116899967193604,1.152804255485535,11.149999618530272,4.265999794006348,31.74099922180176,32.53499984741211,3.57,83.48,688.98,3162.8,0.0,48.3,6.6,7.5,8.2,3872.0,101.668,98.1,5.0531914925,125.86952209472656,141.8061065673828,114.78914642333984,1.4304375648498535,471.42575547749897,10.72381525267314,6.457815458666792,-0.42618436585713226,6.883999824523924,11.187930929249731,ukraine
2025-11-04,64.44000244140625,7.171800136566162,1.1519144773483276,11.1899995803833,4.3429999351501465,32.55099868774414,32.76900100708008,3.37,83.47,688.83,3325.6000000000004,0.0,42.3,8.0,8.0,6.3,3872.0,101.668,98.1,5.0531914925,125.86952209472656,141.8061065673828,114.78914642333984,1.4304375648498535,471.42575547749897,10.988988330068196,6.645988394918049,-0.20101125031510492,6.846999645233154,11.11034524851832,ukraine
2025-11-05,63.52000045776367,7.129499912261963,1.1485539674758911,11.15999984741211,4.23199987411499,31.819000244140625,32.520999908447266,3.35,83.49,689.02,3210.5000000000005,0.0,37.6,7.4,10.3,4.9,3872.0,101.668,98.1,5.0531914925,125.86952209472656,141.8061065673828,114.78914642333984,1.4304375648498535,452.683544722503,10.710533264029044,6.478533389914054,-0.44946658338306555,6.927999973297119,10.951724216855807,ukraine
2025-11-06,63.380001068115234,7.125999927520752,1.1496764421463013,11.154999732971191,4.35699987411499,31.54800033569336,32.08599853515625,3.51,83.45,688.66,3195.4,0.0,48.1,6.1,10.9,7.2,3905.0,101.668,98.1,5.0531914925,125.86952209472656,141.8061065673828,114.78914642333984,1.4304375648498535,452.683544722503,10.629690687594959,6.272690813479969,-0.5253090453762326,6.797999858856201,10.927586391054351,ukraine
2025-11-07,63.630001068115234,7.118599891662598,1.1549211740493774,11.130000114440918,4.315000057220459,31.201000213623047,31.874000549316406,3.71,83.3,687.45,3410.5000000000005,0.0,38.6,7.9,10.3,13.3,3905.0,101.668,98.1,5.0531914925,125.86952209472656,141.8061065673828,114.78914642333984,1.4304375648498535,452.683544722503,10.56073191552293,6.24573185830247,-0.5692681989179889,6.815000057220459,10.970689839330213,ukraine
2025-11-10,64.05999755859375,7.118599891662598,1.1543878316879272,11.149999618530272,4.3379998207092285,31.07099914550781,31.975000381469727,3.76,82.94,684.46,3186.9,0.0,42.0,4.6,5.3,8.0,3905.0,101.668,98.1,5.0531914925,154.51292419433594,167.99813842773438,151.54867553710938,1.513540506362915,452.683544722503,10.511873291236643,6.173873470527415,-0.6381263272936284,6.811999797821043,11.044827165274786,ukraine
2025-11-11,65.16000366210938,7.11929988861084,1.1557220220565796,11.130000114440918,4.565000057220459,31.101999282836918,32.23500061035156,3.8,82.75,682.94,3638.4,0.0,28.9,7.2,10.3,7.0,3905.0,101.668,98.1,5.0531914925,154.51292419433594,167.99813842773438,151.54867553710938,1.513540506362915,452.683544722503,10.534522470110423,5.9695224128899635,-0.5954776443304954,6.565000057220459,11.234483390018859,ukraine
2025-11-12,62.709999084472656,7.11929988861084,1.1587486267089844,11.135000228881836,4.5329999923706055,30.933000564575195,32.78300094604492,3.8,82.69,682.44,3541.4000000000005,0.0,16.6,7.3,5.7,5.3,3905.0,101.668,98.1,5.0531914925,154.51292419433594,167.99813842773438,151.54867553710938,1.513540506362915,452.683544722503,10.504719010412746,5.9717190180421404,-0.63028121846909,6.6020002365112305,10.8120688076677,ukraine
2025-11-13,63.0099983215332,7.11929988861084,1.159218668937683,11.130000114440918,4.645999908447266,30.45800018310547,32.50299835205078,3.6,82.65,682.1,3377.6,0.0,8.3,8.4,9.5,6.0,3950.0,101.668,98.1,5.0531914925,154.51292419433594,167.99813842773438,151.54867553710938,1.513540506362915,452.683544722503,10.347606613668615,5.70160670522135,-0.7823935007723026,6.484000205993652,10.86379281405745,ukraine
2025-11-14,64.38999938964844,7.111999988555908,1.1631964445114136,11.126999855041504,4.565999984741211,31.25,32.349998474121094,3.6,82.57,681.44,3155.4999999999995,0.0,14.1,7.6,15.5,7.4,3950.0,101.668,98.1,5.0531914925,154.51292419433594,167.99813842773438,151.54867553710938,1.513540506362915,452.683544722503,10.65310593673814,6.087105951996929,-0.47389391830336436,6.560999870300293,11.101724032698007,ukraine
2025-11-17,64.19999694824219,7.099199771881104,1.161534547805786,11.399999618530272,4.361000061035156,31.417999267578125,31.81599998474121,3.49,82.39,679.98,3078.7,0.0,51.9,5.8,12.7,9.2,3950.0,101.2195,98.8,-2.270742356,154.51292419433594,167.99813842773438,151.54867553710938,1.513540506362915,452.683544722503,10.695074519869896,6.33407445883474,-0.7049250986603752,7.038999557495115,11.068964991076239,ukraine
2025-11-18,64.88999938964844,7.107500076293945,1.159057378768921,11.529999732971191,4.370999813079834,31.694000244140625,32.48199844360352,3.71,82.09,677.51,3405.5,0.0,45.4,5.0,11.8,9.1,3950.0,101.2195,98.8,-2.270742356,154.51292419433594,167.99813842773438,151.54867553710938,1.513540506362915,452.683544722503,10.766019227134635,6.395019414054801,-0.7639805058365567,7.158999919891357,11.187930929249731,ukraine
2025-11-19,63.5099983215332,7.107500076293945,1.1581177711486816,11.539999961853027,4.550000190734863,30.940000534057617,32.290000915527344,3.7,81.57,673.21,3393.7,0.0,36.9,7.9,8.5,11.1,3950.0,101.2195,98.8,-2.270742356,154.51292419433594,167.99813842773438,151.54867553710938,1.513540506362915,452.683544722503,10.501375810442077,5.951375619707214,-1.03862415141095,6.989999771118164,10.949999710609173,ukraine
2025-11-20,63.380001068115234,7.107500076293945,1.154068112373352,11.704999923706056,4.473999977111816,31.15900039672852,32.28900146484375,3.94,81.04,668.82,3507.0,0.0,52.3,10.3,2.0,10.1,3936.0,101.2195,98.8,-2.270742356,154.51292419433594,167.99813842773438,151.54867553710938,1.513540506362915,452.683544722503,10.538726069649256,6.064726092537439,-1.1662738540568007,7.23099994659424,10.927586391054351,ukraine
2025-11-21,62.560001373291016,7.107500076293945,1.1534557342529297,11.46500015258789,4.579999923706055,30.197999954223636,32.21200180053711,3.97,80.42,663.66,3618.1,0.0,33.2,11.7,10.2,8.4,3936.0,101.2195,98.8,-2.270742356,154.51292419433594,167.99813842773438,151.54867553710938,1.513540506362915,452.683544722503,10.20827287572285,5.628272952016795,-1.2567272768650408,6.885000228881836,10.786207133326037,ukraine
2025-11-24,63.369998931884766,7.106599807739258,1.1507612466812134,11.25,4.548999786376953,29.746999740600582,32.3120002746582,4.13,78.77,650.05,2953.3,0.0,25.5,13.8,11.8,15.6,3936.0,101.2195,98.8,-2.270742356,154.51292419433594,167.99813842773438,151.54867553710938,1.513540506362915,452.683544722503,10.03232414453078,5.483324358153826,-1.2176758554692206,6.701000213623047,10.925861884807718,ukraine
2025-11-25,62.47999954223633,7.102200031280518,1.1520073413848877,11.130000114440918,4.423999786376953,29.38599967956543,32.83000183105469,4.15,78.19,645.27,3323.6000000000004,0.0,22.2,16.4,11.2,12.2,3936.0,101.2195,98.8,-2.270742356,154.51292419433594,167.99813842773438,151.54867553710938,1.513540506362915,452.683544722503,9.92130667698082,5.497306890603866,-1.2086934374600986,6.706000328063965,10.772413714178677,ukraine
2025-11-26,63.130001068115234,7.084499835968018,1.156483769416809,11.114999771118164,4.558000087738037,29.368000030517575,32.625999450683594,4.12,77.58,640.25,3175.4,0.0,16.7,16.0,10.7,11.2,3936.0,101.2195,98.8,-2.270742356,154.51292419433594,167.99813842773438,151.54867553710938,1.513540506362915,452.683544722503,9.953757869116135,5.395757781378098,-1.161241902002029,6.556999683380127,10.884482942778488,ukraine
2025-11-27,63.130001068115234,7.075799942016602,1.1602139472961426,11.114999771118164,4.558000087738037,29.368000030517575,32.625999450683594,4.59,76.94,634.93,3168.2,0.0,49.0,16.5,12.4,10.1,3924.0,101.2195,98.8,-2.270742356,154.51292419433594,167.99813842773438,151.54867553710938,1.513540506362915,452.683544722503,9.985863194241745,5.4278631065037075,-1.1291365768764194,6.556999683380127,10.884482942778488,ukraine
2025-11-28,63.20000076293945,7.075799942016602,1.1599851846694946,11.09000015258789,4.849999904632568,28.816999435424805,33.27000045776367,4.59,76.36,630.18,3192.6000000000004,0.0,54.6,16.1,10.6,7.5,3924.0,101.2195,98.8,-2.270742356,154.51292419433594,167.99813842773438,151.54867553710938,1.513540506362915,452.683544722503,9.796577048925883,4.946577144293315,-1.2934231036620076,6.240000247955322,10.896551855679217,ukraine
2025-12-01,63.16999816894531,7.075099945068359,1.1601465940475464,11.0649995803833,4.921000003814697,28.226999282836918,33.042999267578125,4.59,75.09,619.74,2900.0,0.0,17.2,15.6,13.9,12.9,3924.0,101.2195,98.8,-2.270742356,154.51292419433594,167.99813842773438,151.54867553710938,1.513540506362915,452.683544722503,9.59733688481885,4.676336881004152,-1.4676626955644512,6.1439995765686035,10.891378994645743,ukraine
2025-12-02,62.45000076293945,7.071700096130371,1.1607661247253418,11.0,4.840000152587891,28.049999237060547,32.709999084472656,5.08,74.66,616.19,3211.1,0.0,57.1,11.3,18.7,15.1,3924.0,101.2195,98.8,-2.270742356,154.51292419433594,167.99813842773438,151.54867553710938,1.513540506362915,452.683544722503,9.542248827114822,4.702248674526931,-1.4577511728851782,6.159999847412109,10.76724151085163,ukraine
2025-12-03,62.66999816894531,7.070000171661377,1.1627906560897827,10.984999656677246,4.994999885559082,28.20599937438965,32.73500061035156,4.83,74.08,611.41,3031.3,0.0,52.7,8.2,20.3,16.8,3924.0,101.2195,98.8,-2.270742356,154.51292419433594,167.99813842773438,151.54867553710938,1.513540506362915,452.683544722503,9.61205358461685,4.617053699057768,-1.3729460720603957,5.989999771118164,10.805172098094019,ukraine
2025-12-04,63.2599983215332,7.063600063323975,1.1666841506958008,10.899999618530272,5.063000202178955,27.08799934387207,33.02000045776367,4.86,73.41,605.83,2939.5999999999995,0.0,44.9,8.9,20.3,11.1,3913.0,101.2195,98.8,-2.270742356,154.51292419433594,167.99813842773438,151.54867553710938,1.513540506362915,452.683544722503,9.261970349561798,4.198970147382843,-1.6380292689684737,5.836999416351317,10.90689626233331,ukraine
2025-12-05,63.75,7.071400165557861,1.1642799377441406,10.880000114440918,5.289000034332275,27.266000747680664,32.7400016784668,4.89,72.78,600.67,2802.8,0.0,55.5,10.9,19.1,8.8,3913.0,101.2195,98.8,-2.270742356,154.51292419433594,167.99813842773438,151.54867553710938,1.513540506362915,452.683544722503,9.303621086192635,4.01462105186036,-1.576379028248283,5.591000080108643,10.991379310344827,ukraine
2025-12-08,62.4900016784668,7.0696001052856445,1.164022445678711,10.864999771118164,4.912000179290772,26.871000289916992,32.82500076293945,5.19,71.64,591.2,2353.0,0.0,22.1,11.6,22.5,25.5,3913.0,101.2195,98.8,-2.270742356,154.51292419433594,167.99813842773438,151.54867553710938,1.513540506362915,426.73537413698295,9.166812462355743,4.254812283064971,-1.6981873087624209,5.952999591827392,10.77413822042531,ukraine
2025-12-09,61.93999862670898,7.071000099182129,1.1641442775726318,10.850000381469728,4.573999881744385,27.48900032043457,33.185001373291016,5.19,71.38,589.13,2668.7000000000003,0.0,28.9,12.2,26.6,22.8,3913.0,101.2195,98.8,-2.270742356,154.51292419433594,167.99813842773438,151.54867553710938,1.513540506362915,426.73537413698295,9.378619405776478,4.804619524032093,-1.4713809756932505,6.276000499725344,10.679310108053272,ukraine
2025-12-10,62.209999084472656,7.063300132751465,1.1628313064575195,10.774999618530272,4.59499979019165,26.601999282836918,33.22800064086914,4.76,71.11,586.84,2916.8,0.0,24.2,14.0,27.7,21.5,3913.0,101.2195,98.8,-2.270742356,154.51292419433594,167.99813842773438,151.54867553710938,1.513540506362915,426.73537413698295,9.065758609096711,4.470758818905061,-1.7092410094335602,6.179999828338621,10.725861911115976,ukraine
2025-12-11,61.27999877929688,7.064000129699707,1.1701242923736572,10.744999885559082,4.230999946594238,26.80500030517578,33.69499969482422,4.62,70.8,584.26,3460.5,0.0,45.4,10.2,20.5,16.3,3735.0,101.2195,98.8,-2.270742356,104.33865356445312,118.68241119384766,88.68616485595703,1.2882548570632937,426.73537413698295,9.192231858648672,4.9612319120544335,-1.5527680269104103,6.513999938964844,10.565517030913256,ukraine
2025-12-12,61.119998931884766,7.057899951934815,1.1739431619644165,10.699999809265137,4.11299991607666,27.68400001525879,33.49100112915039,4.35,70.36,580.66,3502.4,0.0,41.2,7.9,19.3,13.8,3735.0,101.2195,98.8,-2.270742356,104.33865356445312,118.68241119384766,88.68616485595703,1.2882548570632937,426.73537413698295,9.524650956213947,5.411651040137286,-1.1753488530511902,6.586999893188477,10.53793085032496,ukraine
2025-12-15,60.560001373291016,7.053999900817871,1.1737639904022217,10.661999702453612,4.01200008392334,27.424999237060547,34.0,4.07,69.13,570.55,3019.4000000000005,0.0,55.3,6.4,16.7,14.0,3735.0,101.2195,98.8,-2.270742356,104.33865356445312,118.68241119384766,88.68616485595703,1.2882548570632937,426.73537413698295,9.43410192467779,5.422101840754451,-1.227897777775821,6.649999618530272,10.44137954711914,ukraine
2025-12-16,58.91999816894531,7.046999931335449,1.1754610538482666,9.454999923706056,3.885999917984009,26.763999938964844,34.209999084472656,3.9,68.63,566.42,3395.1,0.0,49.2,9.9,21.9,18.1,3735.0,101.0344,99.0,1.5246636803,104.33865356445312,118.68241119384766,88.68616485595703,1.2882548570632937,426.73537413698295,9.22003187836682,5.334031960382811,-0.23496804533923665,5.569000005722048,10.158620373956088,ukraine
2025-12-17,59.68000030517578,7.0416998863220215,1.1749500036239624,9.53499984741211,4.02400016784668,27.35700035095215,33.76900100708008,3.58,67.94,560.74,3633.9,0.0,26.1,9.7,21.5,16.0,3735.0,101.0344,99.0,1.5246636803,104.33865356445312,118.68241119384766,88.68616485595703,1.2882548570632937,426.73537413698295,9.420219469743905,5.396219301897226,-0.11478037766820393,5.51099967956543,10.289655225030307,ukraine
2025-12-18,59.81999969482422,7.043000221252441,1.1742326021194458,9.55500030517578,3.9079999923706055,27.652000427246094,33.5890007019043,3.66,67.43,556.51,3674.8,0.0,37.7,10.3,26.4,18.5,3569.0,101.0344,99.0,1.5246636803,104.33865356445312,118.68241119384766,88.68616485595703,1.2882548570632937,426.73537413698295,9.515987156298747,5.607987163928142,-0.03901314887703222,5.647000312805174,10.313793050831762,ukraine
2025-12-19,60.470001220703125,7.040500164031982,1.1725666522979736,9.675000190734863,3.983999967575073,28.160999298095703,34.005001068115234,3.87,67.16,554.28,3474.3,0.0,54.2,11.6,33.8,19.5,3569.0,101.0344,99.0,1.5246636803,104.33865356445312,118.68241119384766,88.68616485595703,1.2882548570632937,426.73537413698295,9.677401476004404,5.69340150842933,0.0024012852695403097,5.69100022315979,10.425862279431573,ukraine
2025-12-22,62.06999969482422,7.040900230407715,1.1708093881607056,9.59000015258789,3.964999914169312,27.687000274658203,34.32600021362305,3.58,66.17,546.08,2938.3,0.0,26.7,10.1,15.9,17.7,3569.0,101.0344,99.0,1.5246636803,104.33865356445312,118.68241119384766,88.68616485595703,1.2882548570632937,426.73537413698295,9.500254928454828,5.535255014285516,-0.08974522413306296,5.625000238418579,10.70172408531452,ukraine
2025-12-23,62.380001068115234,7.040900230407715,1.1765950918197632,9.630000114440918,4.4079999923706055,27.73200035095215,34.518001556396484,3.67,65.74,542.56,3167.8,0.0,54.6,8.3,12.6,17.9,3569.0,101.0344,99.0,1.5246636803,104.33865356445312,118.68241119384766,88.68616485595703,1.2882548570632937,426.73537413698295,9.5627188507137,5.154718858343095,-0.06728126372721732,5.2220001220703125,10.755172597950903,ukraine
2025-12-24,62.2400016784668,7.027999877929688,1.179551362991333,9.729999542236328,4.242000102996826,28.09499931335449,34.349998474121094,3.38,65.31,539.03,3112.0,0.0,46.3,8.5,24.7,14.4,3569.0,101.0344,99.0,1.5246636803,104.33865356445312,118.68241119384766,88.68616485595703,1.2882548570632937,426.73537413698295,9.712231834950456,5.47023173195363,-0.017767707285871737,5.487999439239502,10.731034772149448,ukraine
2025-12-25,62.2400016784668,7.027999877929688,1.179551362991333,9.729999542236328,4.242000102996826,28.09499931335449,34.349998474121094,3.31,64.86,535.26,2730.7,0.0,26.3,13.0,18.7,15.3,3401.0,101.0344,99.0,1.5246636803,104.33865356445312,118.68241119384766,88.68616485595703,1.2882548570632937,426.73537413698295,9.712231834950456,5.47023173195363,-0.017767707285871737,5.487999439239502,10.731034772149448,ukraine
2025-12-26,60.63999938964844,7.027999877929688,1.1785364151000977,9.720000267028809,4.366000175476074,28.09499931335449,34.35499954223633,3.31,64.28,530.52,2738.9,0.0,39.5,10.1,20.7,21.4,3401.0,101.0344,99.0,1.5246636803,104.33865356445312,118.68241119384766,88.68616485595703,1.2882548570632937,426.73537413698295,9.703874921017455,5.337874745541381,-0.016125346011353514,5.354000091552734,10.455172308560076,ukraine
2025-12-29,61.93999862670898,7.027999877929688,1.177273869514465,9.6899995803833,4.686999797821045,28.53400039672852,34.13999938964844,3.31,62.66,517.13,3010.8,0.0,41.2,16.8,14.5,19.1,3401.0,101.0344,99.0,1.5246636803,104.33865356445312,118.68241119384766,88.68616485595703,1.2882548570632937,426.73537413698295,9.844945711425636,5.157945913604591,0.154946131042335,5.002999782562256,10.679310108053272,ukraine
2025-12-30,61.91999816894531,7.0055999755859375,1.1772878170013428,9.56999969482422,3.971999883651733,27.766000747680664,34.05899810791016,4.35,62.0,511.71,2982.2,0.0,36.4,20.0,13.6,25.2,3401.0,101.0344,99.0,1.5246636803,104.33865356445312,118.68241119384766,88.68616485595703,1.2882548570632937,426.73537413698295,9.580080069133922,5.608080185482189,0.010080374309701767,5.597999811172487,10.675861753266433,ukraine
2025-12-31,60.84999847412109,6.996099948883057,1.1747292280197144,9.604999542236328,3.686000108718872,28.160999298095703,34.209999084472656,4.4,61.37,506.47,3072.7,0.0,20.3,19.9,12.3,26.0,3401.0,101.0344,99.0,1.5246636803,104.33865356445312,118.68241119384766,88.68616485595703,1.2882548570632937,426.73537413698295,9.695249598702189,6.009249489983317,0.0902500564658606,5.918999433517456,10.491379047262257,ukraine
2026-01-01,60.84999847412109,6.996099948883057,1.1747292280197144,9.604999542236328,3.686000108718872,28.160999298095703,34.209999084472656,4.0,60.76,501.47,3367.4,0.0,34.3,16.4,13.8,20.2,3364.0,101.0344,99.0,1.5246636803,104.33865356445312,118.68241119384766,88.68616485595703,1.2882548570632937,426.73537413698295,9.695249598702189,6.009249489983317,0.0902500564658606,5.918999433517456,10.491379047262257,ukraine
2026-01-02,60.75,6.996099948883057,1.175046682357788,9.699999809265137,3.618000030517578,29.003999710083008,34.55500030517578,4.0,60.28,497.49,2965.2,0.0,19.9,16.6,9.6,15.8,3364.0,101.0344,99.0,1.5246636803,104.33865356445312,118.68241119384766,88.68616485595703,1.2882548570632937,426.73537413698295,9.988175641808157,6.370175611290579,0.28817583254302015,6.081999778747559,10.474137931034482,ukraine
2026-01-05,61.7599983215332,6.993100166320801,1.1704667806625366,9.539999961853027,3.5230000019073486,27.39900016784668,34.03499984741211,4.0,58.36,481.6,2983.1,0.0,50.6,14.1,19.8,25.6,3364.0,101.0344,99.0,1.5246636803,104.33865356445312,118.68241119384766,88.68616485595703,1.2882548570632937,353.2931676587881,9.398682211114375,5.875682209207026,-0.1413177507386525,6.016999959945679,10.64827557267814,ukraine
2026-01-06,60.70000076293945,6.98799991607666,1.1714951992034912,9.574999809265137,3.3499999046325684,28.07200050354004,34.45000076293945,2.82,57.41,473.78,3309.2000000000003,0.0,70.9,13.9,26.0,26.8,3364.0,101.0344,99.0,1.5246636803,104.33865356445312,118.68241119384766,88.68616485595703,1.2882548570632937,353.2931676587881,9.638002491672424,6.2880025870398555,0.06300268240728712,6.224999904632568,10.465517372920596,ukraine
2026-01-07,59.959999084472656,6.983399868011475,1.1688251495361328,9.604999542236328,3.525000095367432,28.777000427246094,34.28499984741211,2.85,56.45,465.85,3000.1,0.0,59.4,15.4,25.1,26.7,3364.0,101.0344,99.0,1.5246636803,104.33865356445312,118.68241119384766,88.68616485595703,1.2882548570632937,353.2931676587881,9.857532758789873,6.332532663422441,0.25253321655354455,6.0799994468688965,10.337930876633218,ukraine
2026-01-08,61.9900016784668,6.996500015258789,1.1676785945892334,9.55500030517578,3.407000064849853,27.698999404907227,34.5989990234375,3.1,55.46,457.71,3275.1000000000004,0.0,38.5,16.6,24.6,21.3,3244.0,101.0344,99.0,1.5246636803,104.33865356445312,118.68241119384766,88.68616485595703,1.2882548570632937,353.2931676587881,9.478957105115875,6.071957040266021,-0.07604320005990495,6.148000240325926,10.687931323873586,ukraine
2026-01-09,63.34000015258789,6.983500003814697,1.1657865047454834,9.5649995803833,3.1689999103546143,28.374000549316406,35.064998626708984,2.92,54.5,449.81,3238.0,0.0,23.8,16.8,21.7,19.4,3244.0,101.0344,99.0,1.5246636803,104.33865356445312,118.68241119384766,88.68616485595703,1.2882548570632937,353.2931676587881,9.694217390269449,6.525217479914835,0.12921780988614806,6.3959996700286865,10.92068968148067,ukraine
2026-01-12,63.869998931884766,6.977200031280518,1.1623716354370115,9.609999656677246,3.4089999198913574,30.246000289916992,35.35599899291992,2.87,52.12,430.11,2924.3,0.0,58.0,17.5,14.7,21.7,3244.0,101.0344,99.0,1.5246636803,130.9558563232422,144.90623474121094,121.78854370117188,1.6721311807632446,353.2931676587881,10.303531749113207,6.894531829221849,0.6935320924359605,6.200999736785889,11.012068781359442,ukraine
2026-01-13,65.47000122070312,6.973100185394287,1.1666978597640991,9.609999656677246,3.4189999103546143,31.472999572753903,35.470001220703125,2.9,51.3,423.42,3329.4,0.0,23.2,16.4,11.1,23.6,3244.0,101.0344,99.0,1.5246636803,130.9558563232422,144.90623474121094,121.78854370117188,1.6721311807632446,353.2931676587881,10.761422814388736,7.342422904034121,1.1514231577114895,6.190999746322632,11.287931244948815,ukraine
2026-01-14,66.5199966430664,6.977499961853027,1.164252758026123,9.595000267028809,3.119999885559082,31.8129997253418,36.0880012512207,3.0,50.59,417.51,3447.0,0.0,81.4,17.1,8.1,16.5,3244.0,101.0344,99.0,1.5246636803,130.9558563232422,144.90623474121094,121.78854370117188,1.6721311807632446,353.2931676587881,10.854880711610159,7.734880826051077,1.2598804445813503,6.475000381469727,11.468964938459726,ukraine
2026-01-15,63.7599983215332,6.9730000495910645,1.1646324396133425,9.609999656677246,3.128000020980835,33.15800094604492,35.935001373291016,3.13,49.95,412.26,3836.4,0.0,46.3,20.6,15.3,21.2,3174.0,101.5203,98.3,-0.2590673585,130.9558563232422,144.90623474121094,121.78854370117188,1.6721311807632446,353.2931676587881,11.31749680097939,8.189496779998555,1.7074971443021436,6.481999635696411,10.993103158885035,ukraine
2026-01-16,64.12999725341797,6.966000080108643,1.1609008312225342,11.154999732971191,3.1029999256134038,36.87900161743164,36.005001068115234,2.92,49.39,407.62,3720.7,0.0,31.0,21.1,19.8,26.2,3174.0,101.5203,98.3,-0.2590673585,130.9558563232422,144.90623474121094,121.78854370117188,1.6721311807632446,353.2931676587881,12.547217767246822,9.444217841633419,1.392218034275631,8.051999807357788,11.056896078175512,ukraine
2026-01-19,64.12999725341797,6.968100070953369,1.162493348121643,11.154999732971191,3.1029999256134038,36.87900161743164,36.005001068115234,3.06,47.85,394.87,3096.7000000000003,0.0,31.7,12.8,17.4,19.3,3174.0,101.5203,98.3,-0.2590673585,130.9558563232422,144.90623474121094,121.78854370117188,1.6721311807632446,353.2931676587881,12.5644299664233,9.461430040809896,1.4094302334521078,8.051999807357788,11.056896078175512,ukraine
2026-01-20,64.91999816894531,6.968100070953369,1.1639139652252195,10.80500030517578,3.9070000648498535,35.887001037597656,33.150001525878906,3.06,47.09,388.61,3392.7000000000003,0.0,41.4,9.8,25.8,16.5,3174.0,101.5203,98.3,-0.2590673585,130.9558563232422,144.90623474121094,121.78854370117188,1.6721311807632446,353.2931676587881,12.241403247730707,8.334403182880854,1.4364029425549276,6.898000240325926,11.193103132576779,ukraine
2026-01-21,65.23999786376953,6.95989990234375,1.1727865934371948,11.335000038146973,4.875,39.20800018310547,34.301998138427734,4.0,46.26,381.81,2872.4,0.0,41.5,9.8,20.7,17.6,3174.0,101.5203,98.3,-0.2590673585,130.9558563232422,144.90623474121094,121.78854370117188,1.6721311807632446,353.2931676587881,13.476181214788717,8.601181214788717,2.1411811766417443,6.460000038146973,11.248275493753368,ukraine
2026-01-22,64.05999755859375,6.963699817657471,1.1672970056533811,11.220000267028809,5.045000076293945,38.07899856567383,34.58399963378906,4.96,45.52,375.67,3012.4,0.0,30.0,10.8,25.2,20.3,3054.0,101.5203,98.3,-0.2590673585,130.9558563232422,144.90623474121094,121.78854370117188,1.6721311807632446,353.2931676587881,13.026869062814086,7.981868986520141,1.8068687957852774,6.175000190734863,11.044827165274786,ukraine
2026-01-23,65.87999725341797,6.972599983215332,1.1754610538482666,11.28499984741211,5.275000095367432,40.03900146484375,34.52000045776367,8.42,44.73,369.18,3168.0,0.0,28.3,15.2,28.4,18.6,3054.0,101.5203,98.3,-0.2590673585,130.9558563232422,144.90623474121094,121.78854370117188,1.6721311807632446,353.2931676587881,13.793187517774044,8.518187422406612,2.5081876703619344,6.009999752044678,11.358620216106546,ukraine
2026-01-26,65.58999633789062,6.972599983215332,1.1858457326889038,11.225000381469728,6.800000190734863,39.11199951171875,34.2599983215332,30.72,42.73,352.65,2865.1,0.0,40.8,13.2,22.2,29.4,3054.0,101.5203,98.3,-0.2590673585,130.9558563232422,144.90623474121094,121.78854370117188,1.6721311807632446,353.2931676587881,13.592876528484227,6.792876337749364,2.367876147014499,4.425000190734865,11.308620058257004,ukraine
2026-01-27,67.56999969482422,6.95419979095459,1.1876484155654907,11.350000381469728,6.953999996185303,38.76100158691406,34.5369987487793,25.01,41.95,346.23,3212.1000000000004,0.0,56.0,15.7,23.9,28.2,3054.0,101.5203,98.3,-0.2590673585,130.9558563232422,144.90623474121094,121.78854370117188,1.6721311807632446,353.2931676587881,13.491369674289437,6.537369678104135,2.141369292819709,4.396000385284426,11.649999947383487,ukraine
2026-01-28,68.4000015258789,6.954500198364258,1.2017642259597778,11.289999961853027,7.460000038146973,38.86100006103516,33.66999816894531,17.19,41.21,340.14,3154.8,0.0,55.8,14.0,35.3,24.7,3054.0,101.5203,98.3,-0.2590673585,130.9558563232422,144.90623474121094,121.78854370117188,1.6721311807632446,353.2931676587881,13.686941232883997,6.226941194737025,2.39694127103097,3.8299999237060547,11.793103711358432,ukraine
2026-01-29,70.70999908447266,6.954500198364258,1.1977769136428833,11.46500015258789,3.9179999828338623,40.11299896240234,32.71699905395508,9.34,40.49,334.17,3336.6000000000004,0.0,47.7,15.3,38.0,25.9,2813.0,101.5203,98.3,-0.2590673585,130.9558563232422,144.90623474121094,121.78854370117188,1.6721311807632446,353.2931676587881,14.08102366671545,10.163023683881587,2.6160235141275585,7.547000169754028,12.191379152495285,ukraine
2026-01-30,70.69000244140625,6.947999954223633,1.19657301902771,11.524999618530272,4.354000091552734,39.28499984741211,31.899999618530277,10.25,39.74,328.0,3168.5,0.0,42.0,18.8,28.0,26.1,2813.0,101.5203,98.3,-0.2590673585,130.9558563232422,144.90623474121094,121.78854370117188,1.6721311807632446,353.2931676587881,13.776507080577302,9.422506989024567,2.25150746204703,7.170999526977537,12.187931455414871,ukraine
2026-02-02,66.30000305175781,6.951000213623047,1.1849182844161987,11.149999618530272,3.236999988555908,33.94499969482422,32.84199905395508,7.18,38.16,314.91,3008.2,0.0,49.9,15.7,32.3,24.8,2813.0,101.5203,98.3,-0.2590673585,130.9558563232422,144.90623474121094,121.78854370117188,1.6721311807632446,353.2931676587881,11.787925115294069,8.55092512673816,0.6379254967637973,7.9129996299743635,11.431035008923761,ukraine
2026-02-03,67.33000183105469,6.946300029754639,1.1798714399337769,11.130000114440918,3.311000108718872,32.86000061035156,31.88599967956543,4.4,37.47,309.21,3279.2000000000003,0.0,45.9,18.1,31.6,24.8,2813.0,101.5203,98.3,-0.2590673585,130.9558563232422,144.90623474121094,121.78854370117188,1.6721311807632446,353.2931676587881,11.362539707151607,8.051539598432734,0.23253959271068858,7.819000005722046,11.608621005354257,ukraine
2026-02-04,69.45999908447266,6.937699794769287,1.1816140413284302,11.100000381469728,3.4649999141693115,33.500999450683594,32.513999938964844,4.11,36.71,302.98,3003.6,0.0,48.0,15.9,29.2,26.1,2813.0,101.5203,98.3,-0.2590673585,130.9558563232422,144.90623474121094,121.78854370117188,1.6721311807632446,353.2931676587881,11.601297528666397,8.136297614497085,0.5012971471966683,7.635000467300417,11.975861911115976,ukraine
2026-02-05,67.55000305175781,6.937699794769287,1.180163860321045,11.079999923706056,3.509000062942505,33.73500061035156,30.665000915527344,6.88,35.99,297.03,3130.0999999999995,0.0,51.5,12.9,26.2,22.7,2454.0,101.5203,98.3,-0.2590673585,130.9558563232422,144.90623474121094,121.78854370117188,1.6721311807632446,429.107327903694,11.667993853782468,8.158993790839963,0.5879939300764114,7.570999860763552,11.646552250303072,ukraine
2026-02-06,68.05000305175781,6.93779993057251,1.177786946296692,11.104999542236328,3.421999931335449,35.694000244140625,31.15699958801269,5.28,35.35,291.77,3289.8,0.0,48.7,13.1,25.2,20.9,2454.0,101.5203,98.3,-0.2590673585,130.9558563232422,144.90623474121094,121.78854370117188,1.6721311807632446,429.107327903694,12.320692453609688,8.898692522274239,1.2156929113733597,7.682999610900879,11.732759146854796,ukraine
2026-02-09,69.04000091552734,6.938799858093262,1.182578206062317,11.045000076293944,3.138000011444092,33.49599838256836,31.989999771118164,4.37,34.07,281.15,3100.0,0.0,56.0,14.4,22.9,16.8,2454.0,101.5203,98.3,-0.2590673585,130.9558563232422,144.90623474121094,121.78854370117188,1.6721311807632446,429.107327903694,11.609030601770138,8.471030590326047,0.5640305254761948,7.907000064849852,11.903448433711612,ukraine
2026-02-10,68.80000305175781,6.921999931335449,1.1904053688049316,11.015000343322754,3.115000009536743,31.84600067138672,30.84000015258789,3.25,33.48,276.28,3473.2,0.0,50.3,17.7,24.5,18.7,2454.0,101.5203,98.3,-0.2590673585,168.62986755371094,220.17141723632807,100.22209930419922,1.9036954641342163,429.107327903694,11.110227064007985,7.995227054471242,0.09522672068523086,7.900000333786011,11.862069491682382,ukraine
2026-02-11,69.4000015258789,6.910600185394287,1.1889617443084717,11.010000228881836,3.1589999198913574,32.16699981689453,31.090999603271484,3.18,32.95,271.91,3297.1000000000004,0.0,39.2,14.6,19.1,25.9,2454.0,101.5203,98.3,-0.2590673585,168.62986755371094,220.17141723632807,100.22209930419922,1.9036954641342163,429.107327903694,11.208605804997806,8.049605885106448,0.19860557611596974,7.8510003089904785,11.96551750446188,ukraine
2026-02-12,67.5199966430664,6.912499904632568,1.1876062154769895,11.005000114440918,3.2170000076293945,32.99399948120117,28.54599952697754,3.25,32.52,268.36,3024.0,0.0,34.7,10.6,24.5,27.4,2202.0,101.5203,98.3,-0.2590673585,168.62986755371094,220.17141723632807,100.22209930419922,1.9036954641342163,429.107327903694,11.483666806555147,8.266666798925753,0.4786666921142295,7.788000106811523,11.641378731563174,ukraine
2026-02-13,67.75,6.900100231170654,1.1868449449539185,10.993000030517578,3.243000030517578,32.5,27.68199920654297,3.43,32.1,264.95,3024.5,0.0,42.0,12.4,22.6,26.5,2202.0,101.5203,98.3,-0.2590673585,168.62986755371094,220.17141723632807,100.22209930419922,1.9036954641342163,429.107327903694,11.304477750327463,8.061477719809885,0.3114777198098846,7.75,11.681034482758621,ukraine
2026-02-16,67.75,6.9079999923706055,1.1867464780807495,10.993000030517578,3.243000030517578,32.5,27.68199920654297,3.24,30.78,254.07,3069.6000000000004,0.0,37.8,10.4,17.2,18.2,2202.0,101.4737,97.5,-1.3181019383,168.62986755371094,220.17141723632807,100.22209930419922,1.9036954641342163,429.107327903694,11.303539871641949,8.06053984112437,0.3105398411243705,7.75,11.681034482758621,ukraine
2026-02-17,67.41999816894531,6.9079999923706055,1.184988498687744,9.960000038146973,3.0309998989105225,29.82200050354004,27.549999237060547,3.24,30.27,249.85,3343.0000000000005,0.0,43.2,11.0,18.2,16.1,2202.0,101.4737,97.5,-1.3181019383,168.62986755371094,220.17141723632807,100.22209930419922,1.9036954641342163,429.107327903694,10.356763674572278,7.3257637756617555,0.3967636364253053,6.92900013923645,11.6241376153354,ukraine
2026-02-18,70.3499984741211,6.9079999923706055,1.185185194015503,10.395000457763672,3.010999917984009,31.481000900268555,28.31999969482422,3.13,29.74,245.46,3506.9,0.0,36.9,16.1,16.0,15.0,2202.0,101.4737,97.5,-1.3181019383,168.62986755371094,220.17141723632807,100.22209930419922,1.9036954641342163,429.107327903694,10.93472605455433,7.9237261365703215,0.5397255967906585,7.384000539779663,12.129310081745016,ukraine
2026-02-19,71.66000366210938,6.9079999923706055,1.1788839101791382,10.779999732971191,2.996000051498413,33.52299880981445,27.989999771118164,2.98,29.18,240.85,3419.0,0.0,18.8,17.9,13.9,12.3,2059.0,101.4737,97.5,-1.3181019383,168.62986755371094,220.17141723632807,100.22209930419922,1.9036954641342163,429.107327903694,11.582093324964585,8.586093273466172,0.802093591993394,7.783999681472778,12.355173045191272,ukraine
2026-02-20,71.76000213623047,6.908100128173828,1.1769136190414429,10.65999984741211,3.046999931335449,32.02899932861328,28.868000030517575,3.09,28.67,236.59,3318.4,0.0,42.2,18.3,12.4,16.0,2059.0,101.4737,97.5,-1.3181019383,168.62986755371094,220.17141723632807,100.22209930419922,1.9036954641342163,429.107327903694,11.047426399301964,8.000426467966514,0.3874265518898543,7.61299991607666,12.372414161419046,ukraine
2026-02-23,71.48999786376953,6.9079999923706055,1.1834739446640017,10.725000381469728,2.984999895095825,31.833999633789062,28.131999969482425,3.15,28.1,231.88,3316.0999999999995,0.0,26.5,16.6,6.5,18.0,2059.0,101.4737,97.5,-1.3181019383,168.62986755371094,220.17141723632807,100.22209930419922,1.9036954641342163,429.107327903694,11.041372605178195,8.05637271008237,0.3163722237084663,7.740000486373903,12.32586170064992,ukraine
2026-02-24,70.7699966430664,6.9079999923706055,1.1793843507766724,10.520000457763672,2.914999961853028,30.891000747680664,27.959999084472656,3.13,27.94,230.62,3550.5,0.0,52.1,15.5,9.7,17.9,2059.0,101.4737,97.5,-1.3181019383,168.62986755371094,220.17141723632807,100.22209930419922,1.9036954641342163,429.107327903694,10.677276683150474,7.762276721297447,0.15727622538680208,7.6050004959106445,12.20172355914938,ukraine
2026-02-25,70.8499984741211,6.8831000328063965,1.1775233745574951,10.595000267028809,2.969000101089477,31.049999237060547,28.559999465942383,2.99,27.72,228.77,3639.8,0.0,48.6,12.4,14.8,13.3,2059.0,101.4737,97.5,-1.3181019383,168.62986755371094,220.17141723632807,100.22209930419922,1.9036954641342163,429.107327903694,10.715298868637039,7.746298767547561,0.12029860160822992,7.626000165939331,12.21551697829674,ukraine
2026-02-26,70.75,6.869200229644775,1.181516408920288,10.604999542236328,2.82699990272522,32.2239990234375,27.934999465942383,3.02,27.6,227.77,3785.0,0.0,45.9,9.1,20.1,8.2,2007.0,101.4737,97.5,-1.3181019383,168.62986755371094,220.17141723632807,100.22209930419922,1.9036954641342163,429.107327903694,11.158154005176442,8.331154102451222,0.553154462940114,7.777999639511108,12.198275862068966,ukraine
2026-02-27,72.4800033569336,6.84089994430542,1.1803030967712402,10.725000381469728,2.858999967575073,31.958999633789062,27.440000534057617,2.94,27.54,227.3,3610.0,0.0,48.9,8.0,21.5,14.9,2007.0,101.4737,97.5,-1.3181019383,168.62986755371094,220.17141723632807,100.22209930419922,1.9036954641342163,429.107327903694,11.055028878496241,8.196028910921168,0.3300284970265128,7.866000413894655,12.496552302919586,ukraine
2026-03-02,77.73999786376953,6.857900142669678,1.1759449243545532,13.364999771118164,2.9600000381469727,44.50600051879883,27.597999572753903,2.99,27.61,227.85,3493.2,0.0,37.9,5.8,17.5,13.0,2007.0,101.4737,97.5,-1.3181019383,168.62986755371094,220.17141723632807,100.22209930419922,1.9036954641342163,429.107327903694,15.338352298968564,12.378352260821591,1.9733525278504,10.404999732971191,13.403447907546472,iran
2026-03-03,81.4000015258789,6.881999969482422,1.169727444648743,15.770000457763672,3.053999900817871,54.290000915527344,29.06399917602539,2.99,27.55,227.38,3677.9,0.0,49.8,6.1,18.8,11.8,2007.0,101.4737,97.5,-1.3181019383,168.62986755371094,220.17141723632807,100.22209930419922,1.9036954641342163,429.107327903694,18.611341867830077,15.557341967012206,2.8413414100664056,12.7160005569458,14.03448302170326,iran
2026-03-04,81.4000015258789,6.899700164794922,1.161224365234375,15.104999542236328,2.9170000553131104,48.766998291015625,27.676000595092773,3.1,27.44,226.49,3801.6,0.0,42.6,7.0,13.3,11.9,2007.0,101.4737,97.5,-1.3181019383,168.62986755371094,220.17141723632807,100.22209930419922,1.9036954641342163,429.107327903694,16.59645461055832,13.679454555245211,1.4914550683219936,12.187999486923218,14.03448302170326,iran
2026-03-05,85.41000366210938,6.896999835968018,1.1635618209838867,15.494999885559082,3.003000020980835,50.73099899291992,27.722999572753903,2.87,27.29,225.26,3620.500000000001,0.0,43.9,9.0,14.1,11.0,1876.0,101.4737,97.5,-1.3181019383,168.62986755371094,220.17141723632807,100.22209930419922,1.9036954641342163,429.107327903694,17.299598952133742,14.296598931152907,1.80459906657466,12.491999864578247,14.725862700363686,iran
2026-03-06,92.69000244140624,6.896999835968018,1.1608065366744995,15.710000038146973,3.186000108718872,53.3849983215332,27.56599998474121,2.9,27.26,224.96,3479.3,0.0,40.4,9.8,20.4,10.9,1876.0,101.4737,97.5,-1.3181019383,168.62986755371094,220.17141723632807,100.22209930419922,1.9036954641342163,429.107327903694,18.161521805082128,14.975521696363256,2.451521766935155,12.5239999294281,15.98103490369073,iran
2026-03-09,98.95999908447266,6.896500110626221,1.152325987815857,16.229999542236328,3.119999885559082,56.45299911499024,28.20800018310547,3.1,27.22,224.65,3343.5,0.0,25.9,10.0,16.2,14.0,1876.0,101.4737,97.5,-1.3181019383,168.62986755371094,220.17141723632807,100.22209930419922,1.9036954641342163,389.3710563774598,19.064943985401783,15.9449440998427,2.8349444431654547,13.109999656677246,17.0620688076677,iran
2026-03-10,87.80000305175781,6.910999774932861,1.161723494529724,15.920000076293944,3.0199999809265137,47.39300155639648,28.698999404907227,3.25,27.12,223.81,3618.4,0.0,31.8,7.6,13.2,14.2,1876.0,101.4737,97.5,-1.3181019383,168.62986755371094,220.17141723632807,100.22209930419922,1.9036954641342163,389.3710563774598,16.135786745077738,13.115786764151224,0.21578666878379416,12.90000009536743,15.1379315606479,iran
2026-03-11,91.9800033569336,6.876500129699707,1.1611299514770508,15.979999542236328,3.2090001106262207,49.98899841308594,28.224000930786133,3.08,27.12,223.79,3444.7000000000003,0.0,20.1,7.2,8.6,18.2,1876.0,101.4737,97.5,-1.3181019383,168.62986755371094,220.17141723632807,100.22209930419922,1.9036954641342163,389.3710563774598,17.010944246652496,13.801944136026275,1.030944704416168,12.770999431610107,15.858621268436828,iran
2026-03-12,100.45999908447266,6.865499973297119,1.1543211936950684,16.09000015258789,3.2330000400543213,50.869998931884766,26.74799919128418,3.15,27.06,223.3,3400.8,0.0,18.5,9.5,3.8,18.8,1838.0,101.4737,97.5,-1.3181019383,168.62986755371094,220.17141723632807,100.22209930419922,1.9036954641342163,389.3710563774598,17.209234641697023,13.976234601642702,1.1192344891091324,12.85700011253357,17.32068949732287,iran
2026-03-13,103.13999938964844,6.868899822235107,1.1521666049957275,16.184999465942383,3.13100004196167,50.1150016784668,27.201000213623047,3.27,26.98,222.66,3226.1,0.0,21.6,9.1,11.4,16.8,1838.0,101.4737,97.5,-1.3181019383,120.74515533447266,157.46743774414062,81.67977142333984,1.2863645553588867,389.3710563774598,16.922175333730234,13.791175291768564,0.737175867787851,13.053999423980713,17.782758515456628,iran
2026-03-16,100.20999908447266,6.896100044250488,1.1435105800628662,19.274999618530277,3.0230000019073486,50.887001037597656,27.06100082397461,3.2,26.78,221.03,3228.0000000000005,0.0,45.1,9.3,14.5,15.2,1838.0,101.4737,97.5,-1.3181019383,120.74515533447266,157.46743774414062,81.67977142333984,1.2863645553588867,389.3710563774598,17.053762176863486,14.030762174956138,-2.2212374416667906,16.25199961662293,17.27758604904701,iran
2026-03-17,103.41999816894533,6.95550012588501,1.1499539613723757,19.40999984741211,3.032999992370605,51.55899810791016,26.25,3.03,26.72,220.52,3385.9,0.0,57.6,8.9,15.5,12.5,1838.0,101.4737,97.5,-1.3181019383,120.74515533447266,157.46743774414062,81.67977142333984,1.2863645553588867,389.3710563774598,17.376331017655232,14.343331025284627,-2.033668829756877,16.376999855041504,17.83103416705954,iran
2026-03-18,107.37999725341795,6.886300086975098,1.153948187828064,20.174999237060547,3.065000057220459,54.6619987487793,25.89299964904785,3.14,26.58,219.38,3228.0999999999995,0.0,52.4,9.9,12.2,12.2,1838.0,102.1009,97.7,4.4776119413,120.74515533447266,157.46743774414062,81.67977142333984,1.2863645553588867,389.3710563774598,18.486086268211086,15.421086210990627,-1.6889129688494613,17.109999179840088,18.513792629899648,iran
2026-03-19,108.6500015258789,6.872600078582764,1.1464471817016602,22.350000381469727,3.1659998893737797,61.85200119018555,25.1200008392334,3.12,26.47,218.43,2976.6,0.0,16.2,12.4,16.7,12.2,1872.0,102.1009,97.7,4.4776119413,120.74515533447266,157.46743774414062,81.67977142333984,1.2863645553588867,389.3710563774598,20.7816949032267,17.61569501385292,-1.5683054782430261,19.184000492095947,18.732758883772227,iran
2026-03-20,112.19000244140624,6.899799823760986,1.157755732536316,21.70499992370605,3.095000028610229,59.255001068115234,26.51000022888184,3.21,26.37,217.64,2810.8,0.0,31.6,11.3,10.6,13.7,1872.0,102.1009,97.7,4.4776119413,120.74515533447266,157.46743774414062,81.67977142333984,1.2863645553588867,389.3710563774598,20.105510667222312,17.010510638612082,-1.5994892564837393,18.60999989509582,19.343103869207972,iran
2026-03-23,99.94000244140624,6.885700225830078,1.1560158729553225,21.0,2.8910000324249268,56.68299865722656,27.36599922180176,3.04,26.39,217.8,2721.4,0.0,31.8,7.7,19.7,14.4,1872.0,102.1009,97.7,4.4776119413,120.74515533447266,157.46743774414062,81.67977142333984,1.2863645553588867,389.3710563774598,19.203914896358047,16.31291486393312,-1.7960851036419534,18.108999967575073,17.23103490369073,iran
2026-03-24,104.48999786376952,6.880000114440918,1.1607122421264648,20.524999618530277,2.943000078201294,54.04100036621094,28.0939998626709,2.94,26.31,217.11,2895.9000000000005,0.0,18.8,9.3,13.6,13.8,1872.0,102.1009,97.7,4.4776119413,120.74515533447266,157.46743774414062,81.67977142333984,1.2863645553588867,389.3710563774598,18.383199605473926,15.440199527272632,-2.1418000130563506,17.581999540328983,18.01551687306371,iran
2026-03-25,102.22000122070312,6.8917999267578125,1.16146719455719,19.989999771118164,2.95199990272522,52.81600189208984,27.96999931335449,2.9,26.37,217.62,3218.5,0.0,22.2,10.4,7.8,12.8,1872.0,102.1009,97.7,4.4776119413,120.74515533447266,157.46743774414062,81.67977142333984,1.2863645553588867,389.3710563774598,17.978176025993314,15.026176123268094,-2.0118237451248504,17.037999868392944,17.624138141500538,iran
2026-03-26,108.01000213623048,6.901000022888184,1.1561496257781982,20.4950008392334,2.999000072479248,55.21799850463867,28.04400062561035,2.94,26.36,217.53,3181.1000000000004,0.0,20.4,12.0,8.9,12.0,1818.0,102.1009,97.7,4.4776119413,120.74515533447266,157.46743774414062,81.67977142333984,1.2863645553588867,389.3710563774598,18.709744707825326,15.710744635346078,-1.7852561314080724,17.49600076675415,18.622414161419048,iran
2026-03-27,112.56999969482422,6.910699844360352,1.1535090208053589,20.395000457763672,3.095000028610229,54.17699813842773,28.08699989318848,2.99,26.18,216.06,3102.1,0.0,22.3,9.9,7.6,10.1,1818.0,102.1009,97.7,4.4776119413,120.74515533447266,157.46743774414062,81.67977142333984,1.2863645553588867,389.3710563774598,18.315091430255357,15.220091401645128,-2.0799090275083145,17.300000429153442,19.40862063703866,iran
2026-03-30,112.77999877929688,6.911600112915039,1.149200677871704,20.530000686645508,2.88700008392334,54.81399917602539,28.39900016784668,2.99,26.01,214.61,3494.1000000000004,0.0,59.6,11.0,8.7,7.7,1818.0,102.1009,97.7,4.4776119413,120.74515533447266,157.46743774414062,81.67977142333984,1.2863645553588867,389.3710563774598,18.461225216417677,15.574225132494337,-2.0687754702278305,17.643000602722168,19.44482737574084,iran
2026-03-31,118.3499984741211,6.911600112915039,1.1460003852844238,20.1299991607666,2.884000062942505,50.75699996948242,28.694000244140625,2.88,25.97,214.33,3784.4,0.0,46.6,13.8,4.6,7.9,1818.0,102.1009,97.7,4.4776119413,120.74515533447266,157.46743774414062,81.67977142333984,1.2863645553588867,389.3710563774598,17.047231802009396,14.163231739066891,-3.0827673587572058,17.245999097824097,20.405172150710534,iran
2026-04-01,101.16000366210938,6.894199848175049,1.1574207544326782,19.82999992370605,2.819000005722046,47.5099983215332,29.312000274658203,2.88,25.48,208.63,3578.2,0.0,36.1,13.1,16.6,8.3,1818.0,102.1009,97.7,4.4776119413,120.74515533447266,157.46743774414062,81.67977142333984,1.2863645553588867,389.3710563774598,16.11570981859016,13.296709812868116,-3.7142901051158894,17.010999917984005,17.441379941742998,iran
2026-04-02,109.02999877929688,6.870500087738037,1.159057378768921,19.96500015258789,2.799999952316284,50.04399871826172,28.125999450683597,2.99,25.62,210.44,3429.1,0.0,32.6,11.3,16.1,7.6,1851.0,102.1009,97.7,4.4776119413,120.74515533447266,157.46743774414062,81.67977142333984,1.2863645553588867,389.3710563774598,16.99926321238392,14.199263260067635,-2.9657369402039713,17.165000200271606,18.79827565160291,iran
2026-04-03,109.02999877929688,6.8850998878479,1.1541746854782104,19.96500015258789,2.799999952316284,50.04399871826172,28.125999450683597,2.86,25.63,210.09,3433.8,0.0,44.0,11.7,9.0,5.4,1851.0,102.1009,97.7,4.4776119413,120.74515533447266,157.46743774414062,81.67977142333984,1.2863645553588867,389.3710563774598,16.927651409590958,14.127651457274673,-3.037348742996933,17.165000200271606,18.79827565160291,iran
2026-04-06,109.7699966430664,6.882400035858154,1.150999665260315,19.96500015258789,2.811000108718872,50.04399871826172,28.15999984741211,2.86,26.18,214.58,3285.6,0.0,18.2,9.4,14.3,7.8,1851.0,102.1009,97.7,4.4776119413,120.74515533447266,157.46743774414062,81.67977142333984,1.2863645553588867,532.0817425877825,16.881085117552875,14.070085008834003,-3.083915035035016,17.15400004386902,18.925861490183863,iran
2026-04-07,109.2699966430664,6.882299900054932,1.1541212797164917,19.864999771118164,2.869999885559082,53.24700164794922,28.402000427246094,3.04,26.38,216.26,3214.2999999999997,0.0,29.7,10.3,9.2,8.0,1851.0,102.1009,97.7,4.4776119413,120.74515533447266,157.46743774414062,81.67977142333984,1.2863645553588867,532.0817425877825,18.0102509518945,15.140251066335416,-1.8547488192236656,16.994999885559082,18.83965459363214,iran
2026-04-08,94.75,6.8566999435424805,1.1686612367630005,19.489999771118164,2.7239999771118164,45.30099868774414,28.29199981689453,3.01,26.56,217.69,3496.5,0.0,43.6,9.8,6.3,3.5,1851.0,102.1009,97.7,4.4776119413,120.74515533447266,157.46743774414062,81.67977142333984,1.2863645553588867,532.0817425877825,15.515635686993537,12.79163570988172,-3.974364084124627,16.765999794006348,16.336206896551726,iran
2026-04-09,95.91999816894533,6.828700065612793,1.16593599319458,19.4950008392334,2.6700000762939453,46.17499923706055,29.016000747680664,2.78,26.75,219.27,3501.1000000000004,0.0,41.3,6.1,9.1,6.2,1900.0,102.1009,97.7,4.4776119413,120.74515533447266,157.46743774414062,81.67977142333984,1.2863645553588867,532.0817425877825,15.77810218696219,13.108102110668245,-3.716898652271208,16.825000762939453,16.537930718783677,iran
2026-04-10,95.1999969482422,6.831399917602539,1.1691256761550903,19.420000076293945,2.6480000019073486,43.63800048828125,28.76499938964844,2.78,26.95,220.91,3514.9,0.0,61.6,7.4,11.8,7.2,1900.0,102.1009,97.7,4.4776119413,326.9891052246094,316.3792724609375,445.2544860839844,2.4779067039489746,532.0817425877825,14.9519969365026,12.30399693459525,-4.468003139791346,16.772000074386597,16.41379257728314,iran
2026-04-13,99.36000061035156,6.8277997970581055,1.1675150394439695,19.440000534057617,2.627000093460083,46.41299819946289,28.725000381469727,2.64,27.56,225.9,3229.0,0.0,37.5,5.7,11.2,8.2,1900.0,102.1009,97.7,4.4776119413,326.9891052246094,316.3792724609375,445.2544860839844,2.4779067039489746,532.0817425877825,15.880905655558918,13.253905562098835,-3.5590948784986995,16.813000440597534,17.13103458799165,iran
2026-04-14,94.79000091552734,6.8302998542785645,1.176885962486267,19.350000381469727,2.5989999771118164,43.3650016784668,29.49399948120117,2.79,27.56,225.92,3498.9,0.0,50.3,4.5,1.8,7.9,1900.0,102.1009,97.7,4.4776119413,326.9891052246094,316.3792724609375,445.2544860839844,2.4779067039489746,532.0817425877825,14.957083161470802,12.358083184358986,-4.392917219998925,16.75100040435791,16.343103606125403,iran
2026-04-15,94.93000030517578,6.815700054168701,1.179940938949585,19.197999954223636,2.609999895095825,41.39899826049805,29.32999992370605,2.79,27.56,225.92,3540.4,0.0,30.2,9.5,10.1,9.2,1900.0,101.806,98.0,2.3156089203,326.9891052246094,316.3792724609375,445.2544860839844,2.4779067039489746,532.0817425877825,14.316051767824385,11.70605187272856,-4.881948186399251,16.58800005912781,16.36724143192686,iran
2026-04-16,99.38999938964844,6.817999839782715,1.1809163093566897,16.1299991607666,2.6470000743865967,42.422000885009766,29.577999114990234,2.78,27.64,226.54,3496.4,0.0,46.0,7.9,11.9,8.3,1960.0,101.806,98.0,2.3156089203,326.9891052246094,316.3792724609375,445.2544860839844,2.4779067039489746,532.0817425877825,14.681939404787597,12.034939330401,-1.4480597559790045,13.482999086380005,17.136206791318696,iran
2026-04-17,90.37999725341795,6.821100234985352,1.178272724151611,15.0,2.674000024795532,38.76900100708008,30.26799964904785,2.78,27.82,228.06,3572.6,0.0,24.7,8.5,1.5,4.8,1960.0,101.806,98.0,2.3156089203,326.9891052246094,316.3792724609375,445.2544860839844,2.4779067039489746,532.0817425877825,13.387626659295574,10.713626634500041,-1.6123733407044263,12.325999975204468,15.582758147141027,iran
2026-04-20,95.4800033569336,6.816999912261963,1.174122333526611,15.234999656677246,2.688999891281128,40.29199981689453,30.00200080871582,2.71,28.74,235.55,3111.9000000000005,0.0,24.4,5.4,0.0,1.7,1960.0,101.806,98.0,2.3156089203,326.9891052246094,316.3792724609375,445.2544860839844,2.4779067039489746,532.0817425877825,13.864535701192214,11.175535809911086,-1.3704639554850324,12.545999765396118,16.462069544298895,iran
2026-04-21,98.4800033569336,6.817399978637695,1.1784392595291138,15.8100004196167,2.697000026702881,41.930999755859375,29.66699981689453,2.81,28.92,237.08,3414.4,0.0,25.3,5.4,0.5,0.0,1960.0,101.806,98.0,2.3156089203,326.9891052246094,316.3792724609375,445.2544860839844,2.4779067039489746,532.0817425877825,14.481567668269875,11.784567641566994,-1.3284327513468241,13.113000392913818,16.97931092360924,iran
2026-04-22,101.91000366210938,6.820799827575684,1.174425721168518,16.125,2.7219998836517334,43.55199813842773,29.280000686645508,2.76,29.06,238.23,3389.5,0.0,18.1,4.7,3.3,3.4,1960.0,101.806,98.0,2.3156089203,326.9891052246094,316.3792724609375,445.2544860839844,2.4779067039489746,532.0817425877825,14.990178252373275,12.268178368721541,-1.1348217476267255,13.403000116348267,17.57069028657058,iran
2026-04-23,105.06999969482422,6.82420015335083,1.1706037521362305,16.389999389648438,2.614000082015991,44.49599838256836,29.47900009155273,2.75,29.23,239.64,3461.3,0.0,23.6,6.8,5.0,0.0,2063.0,101.806,98.0,2.3156089203,326.9891052246094,316.3792724609375,445.2544860839844,2.4779067039489746,532.0817425877825,15.265253671209905,12.651253589193914,-1.1247457184385325,13.775999307632446,18.115517188762798,iran
2026-04-24,105.33000183105467,6.826000213623047,1.16838800907135,16.549999237060547,2.5230000019073486,44.86100006103516,29.631000518798828,2.65,29.41,241.08,2953.7,0.0,29.7,8.8,11.9,0.0,2063.0,101.806,98.0,2.3156089203,326.9891052246094,316.3792724609375,445.2544860839844,2.4779067039489746,532.0817425877825,15.361343481294023,12.838343479386674,-1.1886557557665238,14.026999235153198,18.16034514328529,iran
2026-04-27,108.2300033569336,6.835899829864502,1.1706448793411257,16.55500030517578,2.549999952316284,44.64599990844727,29.698999404907227,2.54,30.37,248.85,3204.3,0.0,17.9,8.1,2.9,4.2,2063.0,101.806,98.0,2.3156089203,326.9891052246094,316.3792724609375,445.2544860839844,2.4779067039489746,532.0817425877825,15.31725286063531,12.767252908319026,-1.2377474445404708,14.005000352859497,18.660345406367863,iran
2026-04-28,111.26000213623048,6.822800159454346,1.1723467111587524,16.479999542236328,2.559000015258789,43.59400177001953,29.665000915527344,2.72,30.63,251.04,3453.3,0.0,36.7,9.0,2.3,2.2,2063.0,101.806,98.0,2.3156089203,326.9891052246094,316.3792724609375,445.2544860839844,2.4779067039489746,532.0817425877825,14.97807376055239,12.4190737452936,-1.5019257816839389,13.920999526977539,19.182758989005258,iran
2026-04-29,118.02999877929688,6.837399959564209,1.171783447265625,16.96500015258789,2.6470000743865967,46.85300064086914,28.854999542236328,2.7,30.95,253.64,3362.0999999999995,0.0,37.0,9.3,0.0,0.7,2063.0,101.806,98.0,2.3156089203,326.9891052246094,316.3792724609375,445.2544860839844,2.4779067039489746,532.0817425877825,16.09006975261747,13.443069678230874,-0.8749303999704203,14.318000078201294,20.349999789533946,iran
2026-04-30,114.01000213623048,6.837500095367432,1.168470025062561,16.905000686645508,2.7669999599456787,45.98699951171875,29.075000762939453,2.6,31.26,256.15,3315.7,0.0,36.4,9.3,8.2,1.1,2142.0,101.806,98.0,2.3156089203,326.9891052246094,316.3792724609375,445.2544860839844,2.4779067039489746,532.0817425877825,15.74801458088179,12.981014620936111,-1.1569861057637176,14.138000726699829,19.65689692003974,iran
2026-05-01,108.16999816894533,6.827300071716309,1.172910451889038,16.864999771118164,2.7799999713897705,45.76599884033203,29.1299991607666,2.64,31.56,258.62,3264.0,0.0,16.9,8.9,8.8,1.3,2142.0,101.806,98.0,2.3156089203,326.9891052246094,316.3792724609375,445.2544860839844,2.4779067039489746,532.0817425877825,15.731892120770846,12.951892149381075,-1.133107650347318,14.084999799728394,18.64999968430092,iran
2026-05-04,114.44000244140624,6.827499866485596,1.1726628541946411,16.864999771118164,2.867000102996826,48.14300155639648,28.80500030517578,2.63,32.74,268.34,3322.2000000000007,0.0,27.8,5.7,7.1,3.8,2142.0,101.806,98.0,2.3156089203,326.9891052246094,316.3792724609375,445.2544860839844,2.4779067039489746,532.0817425877825,16.545484538917204,13.678484435920378,-0.3195152322009598,13.997999668121338,19.73103490369073,iran
2026-05-05,109.87000274658205,6.829999923706055,1.1691941022872925,17.03499984741211,2.7880001068115234,46.92599868774414,29.996999740600582,2.67,33.03,270.73,3498.1,0.0,27.1,3.9,11.0,1.4,2142.0,101.806,98.0,2.3156089203,326.9891052246094,316.3792724609375,445.2544860839844,2.4779067039489746,532.0817425877825,16.07952807025845,13.291527963446928,-0.955471777153658,14.246999740600586,18.94310392182449,iran
2026-05-06,101.2699966430664,6.830100059509277,1.1715774536132812,16.850000381469727,2.7300000190734863,43.902000427246094,30.07999992370605,2.83,33.2,272.09,3302.2,0.0,31.4,1.4,11.9,1.2,2142.0,101.806,98.0,2.3156089203,326.9891052246094,316.3792724609375,445.2544860839844,2.4779067039489746,456.1322358598596,15.073998683841275,12.343998664767788,-1.7760016976284518,14.12000036239624,17.460344248804553,iran
2026-05-07,100.05999755859376,6.810999870300293,1.1747430562973022,16.84000015258789,2.7690000534057617,43.56100082397461,29.573999404907227,2.75,33.31,272.96,2990.0,0.0,30.8,2.5,11.8,1.7,2205.0,101.806,98.0,2.3156089203,326.9891052246094,316.3792724609375,445.2544860839844,2.4779067039489746,456.1322358598596,14.997328141086015,12.228328087680254,-1.8426720115018753,14.071000099182129,17.251723716998924,iran
2026-05-08,101.29000091552734,6.801400184631348,1.1731581687927246,16.8700008392334,2.756999969482422,44.14300155639648,29.70499992370605,2.7,33.39,273.63,2929.8,0.0,18.6,3.2,7.4,6.6,2205.0,101.806,98.0,2.3156089203,326.9891052246094,316.3792724609375,445.2544860839844,2.4779067039489746,456.1322358598596,15.177197556640843,12.420197587158421,-1.6928032825925552,14.113000869750977,17.46379326129782,iran
2026-05-11,104.20999908447266,6.80049991607666,1.176885962486267,16.94499969482422,2.9100000858306885,46.233001708984375,30.43000030517578,2.75,34.26,280.8,2774.0,0.0,38.8,7.0,7.2,1.4,2205.0,101.806,98.0,2.3156089203,230.770751953125,252.2649078369141,285.3480834960937,1.713224172592163,456.1322358598596,15.946289048780914,13.036288962950225,-0.9987106460433051,14.03499960899353,17.967241221460803,iran
2026-05-12,107.7699966430664,6.7947998046875,1.177994966506958,16.985000610351562,2.8429999351501465,46.68399810791016,30.0049991607666,2.82,34.47,282.53,3015.1,0.0,18.9,7.1,8.4,4.0,2205.0,101.806,98.0,2.3156089203,230.770751953125,252.2649078369141,285.3480834960937,1.713224172592163,456.1322358598596,16.11701594528317,13.274016010133025,-0.8679846650683913,14.142000675201416,18.581033903976966,iran
2026-05-13,105.62999725341795,6.791999816894531,1.1735436916351318,17.020000457763672,2.864000082015991,46.91999816894531,29.67200088500977,2.91,34.59,283.5,2913.6000000000004,0.0,25.4,4.9,6.0,3.3,2205.0,101.806,98.0,2.3156089203,230.770751953125,252.2649078369141,285.3480834960937,1.713224172592163,456.1322358598596,16.13728272072591,13.273282638709919,-0.8827177370377619,14.15600037574768,18.212068491968612,iran
2026-05-14,105.72000122070312,6.790800094604492,1.1716049909591677,17.065000534057617,2.8940000534057617,47.65499877929688,29.673999786376957,2.88,34.69,284.28,3079.4000000000005,0.0,22.3,4.8,1.4,2.0,2290.0,101.806,98.0,2.3156089203,230.770751953125,252.2649078369141,285.3480834960937,1.713224172592163,456.1322358598596,16.362996364151904,13.468996310746142,-0.7020041699057131,14.171000480651855,18.22758641736261,iran
2026-05-15,109.26000213623048,6.785099983215332,1.166208028793335,17.104999542236328,2.9600000381469727,50.16699981689453,29.97599983215332,2.79,34.82,285.37,3034.8,0.0,29.6,6.5,6.1,0.7,2290.0,101.806,98.0,2.3156089203,230.770751953125,252.2649078369141,285.3480834960937,1.713224172592163,456.1322358598596,17.14617746251214,14.186177424365166,0.041177920275810465,14.144999504089355,18.83793140279836,iran
2026-05-18,112.0999984741211,6.809199810028076,1.161440134048462,18.959999084472656,3.0239999294281006,50.25,29.93199920654297,2.89,35.33,289.55,2664.8,0.0,18.2,8.6,4.1,0.0,2290.0,102.4963,98.0,2.3156089203,230.770751953125,252.2649078369141,285.3480834960937,1.713224172592163,456.1322358598596,17.104329463602085,14.080329534173984,-1.8556696208705716,15.935999155044556,19.327585943813983,iran
2026-05-19,111.27999877929688,6.800000190734863,1.1655147075653076,19.614999771118164,3.114000082015991,51.81600189208984,29.70499992370605,3.07,35.46,290.61,2876.6,0.0,25.0,9.5,6.5,0.0,2290.0,102.4963,98.0,2.3156089203,230.770751953125,252.2649078369141,285.3480834960937,1.713224172592163,456.1322358598596,17.699248064986346,14.585247982970355,-1.915751706131818,16.500999689102173,19.18620668608567,iran
2026-05-20,105.0199966430664,6.814499855041504,1.1607122421264648,18.905000686645508,3.003999948501587,49.42499923706055,30.02899932861328,3.23,35.59,291.68,2515.4,0.0,36.0,9.7,2.0,0.0,2290.0,102.4963,98.0,2.3156089203,230.770751953125,252.2649078369141,285.3480834960937,1.713224172592163,456.1322358598596,16.812968307732792,13.808968359231205,-2.092032378912716,15.901000738143921,18.106895972942485,iran
2026-05-21,102.58000183105467,6.80049991607666,1.1625338792800903,18.920000076293945,3.0179998874664307,49.40800094604492,29.73500061035156,3.18,35.65,292.2,2799.7000000000003,0.0,40.6,8.6,0.0,0.0,2391.0,102.4963,98.0,2.3156089203,230.770751953125,252.2649078369141,285.3480834960937,1.713224172592163,456.1322358598596,16.833563396367083,13.815563508900652,-2.0864366799268623,15.902000188827515,17.686207212250807,iran
2026-05-22,103.54000091552734,6.802499771118164,1.1621150970458984,18.809999465942383,2.907000064849853,48.68299865722656,30.38800048828125,3.14,35.82,293.56,2611.5,0.0,26.5,6.5,0.0,0.0,2391.0,102.4963,98.0,2.3156089203,230.770751953125,252.2649078369141,285.3480834960937,1.713224172592163,456.1322358598596,16.580576327181237,13.673576262331384,-2.2294231387611454,15.90299940109253,17.851724295780578,iran
2026-05-25,103.54000091552734,6.79449987411499,1.164225697517395,18.809999465942383,2.907000064849853,48.68299865722656,30.38800048828125,2.92,36.89,302.29,2566.7000000000003,0.0,36.0,3.6,3.5,2.2,2391.0,102.4963,98.0,2.3156089203,230.770751953125,252.2649078369141,285.3480834960937,1.713224172592163,456.1322358598596,16.610689499536363,13.70368943468651,-2.1993099664060196,15.90299940109253,17.851724295780578,iran
2026-05-26,99.58000183105467,6.79449987411499,1.1637378931045532,18.424999237060547,2.8940000534057617,47.47200012207031,31.013999938964844,2.92,37.19,304.63,2663.7,0.0,28.0,2.1,6.7,0.6,2391.0,102.4963,98.0,2.3156089203,230.770751953125,252.2649078369141,285.3480834960937,1.713224172592163,456.1322358598596,16.19070888167461,13.296708828268848,-2.2342903553859372,15.530999183654785,17.16896583294046,iran
2026-05-27,94.29000091552734,6.785999774932861,1.1636837720870972,18.23500061035156,3.039999961853028,46.41299819946289,31.166000366210938,3.1,37.5,307.18,2881.4,0.0,19.9,0.0,4.5,0.0,2391.0,102.4963,98.0,2.3156089203,230.770751953125,252.2649078369141,285.3480834960937,1.713224172592163,456.1322358598596,15.828791555628616,12.788791593775588,-2.406209054722943,15.195000648498532,16.25689670957368,iran
2026-05-28,93.70999908447266,6.778800010681152,1.16179096698761,18.334999084472656,3.2850000858306885,46.92100143432617,31.709999084472656,3.1,37.81,309.71,2936.4,0.0,24.8,0.0,2.9,0.0,2483.0,102.4963,98.0,2.3156089203,230.770751953125,252.2649078369141,285.3480834960937,1.713224172592163,456.1322358598596,15.976013770951027,12.691013685120339,-2.3589853135216288,15.049998998641968,16.156896393874597,iran
2026-05-29,92.0500030517578,6.765699863433838,1.1659088134765625,18.299999237060547,3.289999961853028,46.0009994506836,31.677000045776367,3.1,38.1,312.11,2806.8,0.0,11.2,0.0,1.4,0.0,2483.0,102.4963,98.0,2.3156089203,230.770751953125,252.2649078369141,285.3480834960937,1.713224172592163,456.1322358598596,15.718279639253524,12.428279677400496,-2.581719597807023,15.00999927520752,15.870690181337553,iran
2026-06-01,92.0500030517578,6.765699863433838,1.1659088134765625,18.299999237060547,3.289999961853028,46.0009994506836,31.42200088500977,3.1,39.21,321.2,2429.4,0.0,27.6,1.3,0.0,0.0,2483.0,102.4963,98.0,2.3156089203,230.770751953125,252.2649078369141,285.3480834960937,1.713224172592163,456.1322358598596,15.718279639253524,12.428279677400496,-2.581719597807023,15.00999927520752,15.870690181337553,iran
